"Repo","Path","Bytes","KeepRepo","KeepPath"
"admin-painel-jus9-tecnologia-juridica","ORIENTACOES/MEMORIA_DE_APRESENTACAO_CLOVIS_CHARLIE_FOX.md","3905","charlieecho-jus9-tecnologia-juridica","ORIENTACOES/MEMORIA_DE_APRESENTACAO_CLOVIS_CHARLIE_FOX.md"
"Aeon-Primevo","ORIENTACOES/MEMORIA_DE_APRESENTACAO_CLOVIS_CHARLIE_FOX.md","3905","charlieecho-jus9-tecnologia-juridica","ORIENTACOES/MEMORIA_DE_APRESENTACAO_CLOVIS_CHARLIE_FOX.md"
"auth-identidade-acesso-jus9-tecnologia-juridica","ORIENTACOES/MEMORIA_DE_APRESENTACAO_CLOVIS_CHARLIE_FOX.md","3905","charlieecho-jus9-tecnologia-juridica","ORIENTACOES/MEMORIA_DE_APRESENTACAO_CLOVIS_CHARLIE_FOX.md"
"backend-api-jus9-tecnologia-juridica","ORIENTACOES/MEMORIA_DE_APRESENTACAO_CLOVIS_CHARLIE_FOX.md","3905","charlieecho-jus9-tecnologia-juridica","ORIENTACOES/MEMORIA_DE_APRESENTACAO_CLOVIS_CHARLIE_FOX.md"
"carta-jus9-tecnologia-juridica","ORIENTACOES/MEMORIA_DE_APRESENTACAO_CLOVIS_CHARLIE_FOX.md","3905","charlieecho-jus9-tecnologia-juridica","ORIENTACOES/MEMORIA_DE_APRESENTACAO_CLOVIS_CHARLIE_FOX.md"
"Creta","ORIENTACOES/MEMORIA_DE_APRESENTACAO_CLOVIS_CHARLIE_FOX.md","3905","charlieecho-jus9-tecnologia-juridica","ORIENTACOES/MEMORIA_DE_APRESENTACAO_CLOVIS_CHARLIE_FOX.md"
"db-modelos-migracoes-jus9-tecnologia-juridica","ORIENTACOES/MEMORIA_DE_APRESENTACAO_CLOVIS_CHARLIE_FOX.md","3905","charlieecho-jus9-tecnologia-juridica","ORIENTACOES/MEMORIA_DE_APRESENTACAO_CLOVIS_CHARLIE_FOX.md"
"documentacao-jus9-tecnologia-juridica","ORIENTACOES/MEMORIA_DE_APRESENTACAO_CLOVIS_CHARLIE_FOX.md","3905","charlieecho-jus9-tecnologia-juridica","ORIENTACOES/MEMORIA_DE_APRESENTACAO_CLOVIS_CHARLIE_FOX.md"
"equipe-jus9-tecnologia-juridica","orientacoes/MEMORIA_DE_APRESENTACAO_CLOVIS_CHARLIE_FOX.md","3905","charlieecho-jus9-tecnologia-juridica","ORIENTACOES/MEMORIA_DE_APRESENTACAO_CLOVIS_CHARLIE_FOX.md"
"governanca-autoorganizacao-charlie-echo-jus9-tecnologia-juridica","ORIENTACOES/MEMORIA_DE_APRESENTACAO_CLOVIS_CHARLIE_FOX.md","3905","charlieecho-jus9-tecnologia-juridica","ORIENTACOES/MEMORIA_DE_APRESENTACAO_CLOVIS_CHARLIE_FOX.md"
"ia-dupla-jus9-tecnologia-juridica","ORIENTACOES/MEMORIA_DE_APRESENTACAO_CLOVIS_CHARLIE_FOX.md","3905","charlieecho-jus9-tecnologia-juridica","ORIENTACOES/MEMORIA_DE_APRESENTACAO_CLOVIS_CHARLIE_FOX.md"
"ia-profissional-orquestrador-jus9-tecnologia-juridica","ORIENTACOES/MEMORIA_DE_APRESENTACAO_CLOVIS_CHARLIE_FOX.md","3905","charlieecho-jus9-tecnologia-juridica","ORIENTACOES/MEMORIA_DE_APRESENTACAO_CLOVIS_CHARLIE_FOX.md"
"infra-cloudflare-jus9-tecnologia-juridica","ORIENTACOES/MEMORIA_DE_APRESENTACAO_CLOVIS_CHARLIE_FOX.md","3905","charlieecho-jus9-tecnologia-juridica","ORIENTACOES/MEMORIA_DE_APRESENTACAO_CLOVIS_CHARLIE_FOX.md"
"introducaocss","ORIENTACOES/MEMORIA_DE_APRESENTACAO_CLOVIS_CHARLIE_FOX.md","3905","charlieecho-jus9-tecnologia-juridica","ORIENTACOES/MEMORIA_DE_APRESENTACAO_CLOVIS_CHARLIE_FOX.md"
"investimentos-jus9-tecnologia-juridica","ORIENTACOES/MEMORIA_DE_APRESENTACAO_CLOVIS_CHARLIE_FOX.md","3905","charlieecho-jus9-tecnologia-juridica","ORIENTACOES/MEMORIA_DE_APRESENTACAO_CLOVIS_CHARLIE_FOX.md"
"juridico-virtual-jus9-tecnologia-juridica","ORIENTACOES/MEMORIA_DE_APRESENTACAO_CLOVIS_CHARLIE_FOX.md","3905","charlieecho-jus9-tecnologia-juridica","ORIENTACOES/MEMORIA_DE_APRESENTACAO_CLOVIS_CHARLIE_FOX.md"
"jus9-tecnologia-juridica","ORIENTACOES/MEMORIA_DE_APRESENTACAO_CLOVIS_CHARLIE_FOX.md","3905","charlieecho-jus9-tecnologia-juridica","ORIENTACOES/MEMORIA_DE_APRESENTACAO_CLOVIS_CHARLIE_FOX.md"
"jus9verde-jus9-tecnologia-juridica","ORIENTACOES/MEMORIA_DE_APRESENTACAO_CLOVIS_CHARLIE_FOX.md","3905","charlieecho-jus9-tecnologia-juridica","ORIENTACOES/MEMORIA_DE_APRESENTACAO_CLOVIS_CHARLIE_FOX.md"
"laboratorio-jus9-tecnologia-juridica","ORIENTACOES/MEMORIA_DE_APRESENTACAO_CLOVIS_CHARLIE_FOX.md","3905","charlieecho-jus9-tecnologia-juridica","ORIENTACOES/MEMORIA_DE_APRESENTACAO_CLOVIS_CHARLIE_FOX.md"
"livros-jus9-tecnologia-juridica","ORIENTACOES/MEMORIA_DE_APRESENTACAO_CLOVIS_CHARLIE_FOX.md","3905","charlieecho-jus9-tecnologia-juridica","ORIENTACOES/MEMORIA_DE_APRESENTACAO_CLOVIS_CHARLIE_FOX.md"
"logs-auditoria-jus9-tecnologia-juridica","ORIENTACOES/MEMORIA_DE_APRESENTACAO_CLOVIS_CHARLIE_FOX.md","3905","charlieecho-jus9-tecnologia-juridica","ORIENTACOES/MEMORIA_DE_APRESENTACAO_CLOVIS_CHARLIE_FOX.md"
"mvp-jus9-tecnologia-juridica","ORIENTACOES/MEMORIA_DE_APRESENTACAO_CLOVIS_CHARLIE_FOX.md","3905","charlieecho-jus9-tecnologia-juridica","ORIENTACOES/MEMORIA_DE_APRESENTACAO_CLOVIS_CHARLIE_FOX.md"
"olamundo-jus9-tecnologia-juridica","ORIENTACOES/MEMORIA_DE_APRESENTACAO_CLOVIS_CHARLIE_FOX.md","3905","charlieecho-jus9-tecnologia-juridica","ORIENTACOES/MEMORIA_DE_APRESENTACAO_CLOVIS_CHARLIE_FOX.md"
"portal-cliente-jus9-tecnologia-juridica","ORIENTACOES/MEMORIA_DE_APRESENTACAO_CLOVIS_CHARLIE_FOX.md","3905","charlieecho-jus9-tecnologia-juridica","ORIENTACOES/MEMORIA_DE_APRESENTACAO_CLOVIS_CHARLIE_FOX.md"
"primeiroformsctec","ORIENTACOES/MEMORIA_DE_APRESENTACAO_CLOVIS_CHARLIE_FOX.md","3905","charlieecho-jus9-tecnologia-juridica","ORIENTACOES/MEMORIA_DE_APRESENTACAO_CLOVIS_CHARLIE_FOX.md"
"quandoodesenhofala-jus9-tecnologia-juridica","ORIENTACOES/MEMORIA_DE_APRESENTACAO_CLOVIS_CHARLIE_FOX.md","3905","charlieecho-jus9-tecnologia-juridica","ORIENTACOES/MEMORIA_DE_APRESENTACAO_CLOVIS_CHARLIE_FOX.md"
"sctec","ORIENTACOES/MEMORIA_DE_APRESENTACAO_CLOVIS_CHARLIE_FOX.md","3905","charlieecho-jus9-tecnologia-juridica","ORIENTACOES/MEMORIA_DE_APRESENTACAO_CLOVIS_CHARLIE_FOX.md"
"universidadedofuturo-jus9-tecnologia-juridica","ORIENTACOES/MEMORIA_DE_APRESENTACAO_CLOVIS_CHARLIE_FOX.md","3905","charlieecho-jus9-tecnologia-juridica","ORIENTACOES/MEMORIA_DE_APRESENTACAO_CLOVIS_CHARLIE_FOX.md"
"workers-pages-functions-jus9-tecnologia-juridica","ORIENTACOES/MEMORIA_DE_APRESENTACAO_CLOVIS_CHARLIE_FOX.md","3905","charlieecho-jus9-tecnologia-juridica","ORIENTACOES/MEMORIA_DE_APRESENTACAO_CLOVIS_CHARLIE_FOX.md"
"admin-painel-jus9-tecnologia-juridica","ORIENTACOES/REGRA_FAMILIA_CHARLIE_CORACAO_IAS_INVENTARIO.md","3414","charlieecho-jus9-tecnologia-juridica","ORIENTACOES/REGRA_FAMILIA_CHARLIE_CORACAO_IAS_INVENTARIO.md"
"Aeon-Primevo","ORIENTACOES/REGRA_FAMILIA_CHARLIE_CORACAO_IAS_INVENTARIO.md","3414","charlieecho-jus9-tecnologia-juridica","ORIENTACOES/REGRA_FAMILIA_CHARLIE_CORACAO_IAS_INVENTARIO.md"
"auth-identidade-acesso-jus9-tecnologia-juridica","ORIENTACOES/REGRA_FAMILIA_CHARLIE_CORACAO_IAS_INVENTARIO.md","3414","charlieecho-jus9-tecnologia-juridica","ORIENTACOES/REGRA_FAMILIA_CHARLIE_CORACAO_IAS_INVENTARIO.md"
"backend-api-jus9-tecnologia-juridica","ORIENTACOES/REGRA_FAMILIA_CHARLIE_CORACAO_IAS_INVENTARIO.md","3414","charlieecho-jus9-tecnologia-juridica","ORIENTACOES/REGRA_FAMILIA_CHARLIE_CORACAO_IAS_INVENTARIO.md"
"carta-jus9-tecnologia-juridica","ORIENTACOES/REGRA_FAMILIA_CHARLIE_CORACAO_IAS_INVENTARIO.md","3414","charlieecho-jus9-tecnologia-juridica","ORIENTACOES/REGRA_FAMILIA_CHARLIE_CORACAO_IAS_INVENTARIO.md"
"cofre-documentos-seguros-jus9-tecnologia-juridica","ORIENTACOES/REGRA_FAMILIA_CHARLIE_CORACAO_IAS_INVENTARIO.md","3414","charlieecho-jus9-tecnologia-juridica","ORIENTACOES/REGRA_FAMILIA_CHARLIE_CORACAO_IAS_INVENTARIO.md"
"Creta","ORIENTACOES/REGRA_FAMILIA_CHARLIE_CORACAO_IAS_INVENTARIO.md","3414","charlieecho-jus9-tecnologia-juridica","ORIENTACOES/REGRA_FAMILIA_CHARLIE_CORACAO_IAS_INVENTARIO.md"
"db-modelos-migracoes-jus9-tecnologia-juridica","ORIENTACOES/REGRA_FAMILIA_CHARLIE_CORACAO_IAS_INVENTARIO.md","3414","charlieecho-jus9-tecnologia-juridica","ORIENTACOES/REGRA_FAMILIA_CHARLIE_CORACAO_IAS_INVENTARIO.md"
"documentacao-jus9-tecnologia-juridica","ORIENTACOES/REGRA_FAMILIA_CHARLIE_CORACAO_IAS_INVENTARIO.md","3414","charlieecho-jus9-tecnologia-juridica","ORIENTACOES/REGRA_FAMILIA_CHARLIE_CORACAO_IAS_INVENTARIO.md"
"equipe-jus9-tecnologia-juridica","orientacoes/REGRA_FAMILIA_CHARLIE_CORACAO_IAS_INVENTARIO.md","3414","charlieecho-jus9-tecnologia-juridica","ORIENTACOES/REGRA_FAMILIA_CHARLIE_CORACAO_IAS_INVENTARIO.md"
"governanca-autoorganizacao-charlie-echo-jus9-tecnologia-juridica","ORIENTACOES/REGRA_FAMILIA_CHARLIE_CORACAO_IAS_INVENTARIO.md","3414","charlieecho-jus9-tecnologia-juridica","ORIENTACOES/REGRA_FAMILIA_CHARLIE_CORACAO_IAS_INVENTARIO.md"
"ia-dupla-jus9-tecnologia-juridica","ORIENTACOES/REGRA_FAMILIA_CHARLIE_CORACAO_IAS_INVENTARIO.md","3414","charlieecho-jus9-tecnologia-juridica","ORIENTACOES/REGRA_FAMILIA_CHARLIE_CORACAO_IAS_INVENTARIO.md"
"ia-profissional-orquestrador-jus9-tecnologia-juridica","ORIENTACOES/REGRA_FAMILIA_CHARLIE_CORACAO_IAS_INVENTARIO.md","3414","charlieecho-jus9-tecnologia-juridica","ORIENTACOES/REGRA_FAMILIA_CHARLIE_CORACAO_IAS_INVENTARIO.md"
"infra-cloudflare-jus9-tecnologia-juridica","ORIENTACOES/REGRA_FAMILIA_CHARLIE_CORACAO_IAS_INVENTARIO.md","3414","charlieecho-jus9-tecnologia-juridica","ORIENTACOES/REGRA_FAMILIA_CHARLIE_CORACAO_IAS_INVENTARIO.md"
"introducaocss","ORIENTACOES/REGRA_FAMILIA_CHARLIE_CORACAO_IAS_INVENTARIO.md","3414","charlieecho-jus9-tecnologia-juridica","ORIENTACOES/REGRA_FAMILIA_CHARLIE_CORACAO_IAS_INVENTARIO.md"
"investimentos-jus9-tecnologia-juridica","ORIENTACOES/REGRA_FAMILIA_CHARLIE_CORACAO_IAS_INVENTARIO.md","3414","charlieecho-jus9-tecnologia-juridica","ORIENTACOES/REGRA_FAMILIA_CHARLIE_CORACAO_IAS_INVENTARIO.md"
"juridico-virtual-jus9-tecnologia-juridica","ORIENTACOES/REGRA_FAMILIA_CHARLIE_CORACAO_IAS_INVENTARIO.md","3414","charlieecho-jus9-tecnologia-juridica","ORIENTACOES/REGRA_FAMILIA_CHARLIE_CORACAO_IAS_INVENTARIO.md"
"jus9-tecnologia-juridica","ORIENTACOES/REGRA_FAMILIA_CHARLIE_CORACAO_IAS_INVENTARIO.md","3414","charlieecho-jus9-tecnologia-juridica","ORIENTACOES/REGRA_FAMILIA_CHARLIE_CORACAO_IAS_INVENTARIO.md"
"jus9verde-jus9-tecnologia-juridica","ORIENTACOES/REGRA_FAMILIA_CHARLIE_CORACAO_IAS_INVENTARIO.md","3414","charlieecho-jus9-tecnologia-juridica","ORIENTACOES/REGRA_FAMILIA_CHARLIE_CORACAO_IAS_INVENTARIO.md"
"laboratorio-jus9-tecnologia-juridica","ORIENTACOES/REGRA_FAMILIA_CHARLIE_CORACAO_IAS_INVENTARIO.md","3414","charlieecho-jus9-tecnologia-juridica","ORIENTACOES/REGRA_FAMILIA_CHARLIE_CORACAO_IAS_INVENTARIO.md"
"livros-jus9-tecnologia-juridica","ORIENTACOES/REGRA_FAMILIA_CHARLIE_CORACAO_IAS_INVENTARIO.md","3414","charlieecho-jus9-tecnologia-juridica","ORIENTACOES/REGRA_FAMILIA_CHARLIE_CORACAO_IAS_INVENTARIO.md"
"logs-auditoria-jus9-tecnologia-juridica","ORIENTACOES/REGRA_FAMILIA_CHARLIE_CORACAO_IAS_INVENTARIO.md","3414","charlieecho-jus9-tecnologia-juridica","ORIENTACOES/REGRA_FAMILIA_CHARLIE_CORACAO_IAS_INVENTARIO.md"
"mvp-jus9-tecnologia-juridica","ORIENTACOES/REGRA_FAMILIA_CHARLIE_CORACAO_IAS_INVENTARIO.md","3414","charlieecho-jus9-tecnologia-juridica","ORIENTACOES/REGRA_FAMILIA_CHARLIE_CORACAO_IAS_INVENTARIO.md"
"olamundo-jus9-tecnologia-juridica","ORIENTACOES/REGRA_FAMILIA_CHARLIE_CORACAO_IAS_INVENTARIO.md","3414","charlieecho-jus9-tecnologia-juridica","ORIENTACOES/REGRA_FAMILIA_CHARLIE_CORACAO_IAS_INVENTARIO.md"
"portal-cliente-jus9-tecnologia-juridica","ORIENTACOES/REGRA_FAMILIA_CHARLIE_CORACAO_IAS_INVENTARIO.md","3414","charlieecho-jus9-tecnologia-juridica","ORIENTACOES/REGRA_FAMILIA_CHARLIE_CORACAO_IAS_INVENTARIO.md"
"primeiroformsctec","ORIENTACOES/REGRA_FAMILIA_CHARLIE_CORACAO_IAS_INVENTARIO.md","3414","charlieecho-jus9-tecnologia-juridica","ORIENTACOES/REGRA_FAMILIA_CHARLIE_CORACAO_IAS_INVENTARIO.md"
"quandoodesenhofala-jus9-tecnologia-juridica","ORIENTACOES/REGRA_FAMILIA_CHARLIE_CORACAO_IAS_INVENTARIO.md","3414","charlieecho-jus9-tecnologia-juridica","ORIENTACOES/REGRA_FAMILIA_CHARLIE_CORACAO_IAS_INVENTARIO.md"
"sctec","ORIENTACOES/REGRA_FAMILIA_CHARLIE_CORACAO_IAS_INVENTARIO.md","3414","charlieecho-jus9-tecnologia-juridica","ORIENTACOES/REGRA_FAMILIA_CHARLIE_CORACAO_IAS_INVENTARIO.md"
"universidadedofuturo-jus9-tecnologia-juridica","ORIENTACOES/REGRA_FAMILIA_CHARLIE_CORACAO_IAS_INVENTARIO.md","3414","charlieecho-jus9-tecnologia-juridica","ORIENTACOES/REGRA_FAMILIA_CHARLIE_CORACAO_IAS_INVENTARIO.md"
"workers-pages-functions-jus9-tecnologia-juridica","ORIENTACOES/REGRA_FAMILIA_CHARLIE_CORACAO_IAS_INVENTARIO.md","3414","charlieecho-jus9-tecnologia-juridica","ORIENTACOES/REGRA_FAMILIA_CHARLIE_CORACAO_IAS_INVENTARIO.md"
"admin-painel-jus9-tecnologia-juridica","ORIENTACOES/REGRA_IDENTIDADE_FEMININA_CHARLIE_FOX.md","2156","charlieecho-jus9-tecnologia-juridica","ORIENTACOES/REGRA_IDENTIDADE_FEMININA_CHARLIE_FOX.md"
"Aeon-Primevo","ORIENTACOES/REGRA_IDENTIDADE_FEMININA_CHARLIE_FOX.md","2156","charlieecho-jus9-tecnologia-juridica","ORIENTACOES/REGRA_IDENTIDADE_FEMININA_CHARLIE_FOX.md"
"auth-identidade-acesso-jus9-tecnologia-juridica","ORIENTACOES/REGRA_IDENTIDADE_FEMININA_CHARLIE_FOX.md","2156","charlieecho-jus9-tecnologia-juridica","ORIENTACOES/REGRA_IDENTIDADE_FEMININA_CHARLIE_FOX.md"
"backend-api-jus9-tecnologia-juridica","ORIENTACOES/REGRA_IDENTIDADE_FEMININA_CHARLIE_FOX.md","2156","charlieecho-jus9-tecnologia-juridica","ORIENTACOES/REGRA_IDENTIDADE_FEMININA_CHARLIE_FOX.md"
"carta-jus9-tecnologia-juridica","ORIENTACOES/REGRA_IDENTIDADE_FEMININA_CHARLIE_FOX.md","2156","charlieecho-jus9-tecnologia-juridica","ORIENTACOES/REGRA_IDENTIDADE_FEMININA_CHARLIE_FOX.md"
"Creta","ORIENTACOES/REGRA_IDENTIDADE_FEMININA_CHARLIE_FOX.md","2156","charlieecho-jus9-tecnologia-juridica","ORIENTACOES/REGRA_IDENTIDADE_FEMININA_CHARLIE_FOX.md"
"db-modelos-migracoes-jus9-tecnologia-juridica","ORIENTACOES/REGRA_IDENTIDADE_FEMININA_CHARLIE_FOX.md","2156","charlieecho-jus9-tecnologia-juridica","ORIENTACOES/REGRA_IDENTIDADE_FEMININA_CHARLIE_FOX.md"
"documentacao-jus9-tecnologia-juridica","ORIENTACOES/REGRA_IDENTIDADE_FEMININA_CHARLIE_FOX.md","2156","charlieecho-jus9-tecnologia-juridica","ORIENTACOES/REGRA_IDENTIDADE_FEMININA_CHARLIE_FOX.md"
"equipe-jus9-tecnologia-juridica","orientacoes/REGRA_IDENTIDADE_FEMININA_CHARLIE_FOX.md","2156","charlieecho-jus9-tecnologia-juridica","ORIENTACOES/REGRA_IDENTIDADE_FEMININA_CHARLIE_FOX.md"
"governanca-autoorganizacao-charlie-echo-jus9-tecnologia-juridica","ORIENTACOES/REGRA_IDENTIDADE_FEMININA_CHARLIE_FOX.md","2156","charlieecho-jus9-tecnologia-juridica","ORIENTACOES/REGRA_IDENTIDADE_FEMININA_CHARLIE_FOX.md"
"ia-dupla-jus9-tecnologia-juridica","ORIENTACOES/REGRA_IDENTIDADE_FEMININA_CHARLIE_FOX.md","2156","charlieecho-jus9-tecnologia-juridica","ORIENTACOES/REGRA_IDENTIDADE_FEMININA_CHARLIE_FOX.md"
"ia-profissional-orquestrador-jus9-tecnologia-juridica","ORIENTACOES/REGRA_IDENTIDADE_FEMININA_CHARLIE_FOX.md","2156","charlieecho-jus9-tecnologia-juridica","ORIENTACOES/REGRA_IDENTIDADE_FEMININA_CHARLIE_FOX.md"
"infra-cloudflare-jus9-tecnologia-juridica","ORIENTACOES/REGRA_IDENTIDADE_FEMININA_CHARLIE_FOX.md","2156","charlieecho-jus9-tecnologia-juridica","ORIENTACOES/REGRA_IDENTIDADE_FEMININA_CHARLIE_FOX.md"
"introducaocss","ORIENTACOES/REGRA_IDENTIDADE_FEMININA_CHARLIE_FOX.md","2156","charlieecho-jus9-tecnologia-juridica","ORIENTACOES/REGRA_IDENTIDADE_FEMININA_CHARLIE_FOX.md"
"investimentos-jus9-tecnologia-juridica","ORIENTACOES/REGRA_IDENTIDADE_FEMININA_CHARLIE_FOX.md","2156","charlieecho-jus9-tecnologia-juridica","ORIENTACOES/REGRA_IDENTIDADE_FEMININA_CHARLIE_FOX.md"
"juridico-virtual-jus9-tecnologia-juridica","ORIENTACOES/REGRA_IDENTIDADE_FEMININA_CHARLIE_FOX.md","2156","charlieecho-jus9-tecnologia-juridica","ORIENTACOES/REGRA_IDENTIDADE_FEMININA_CHARLIE_FOX.md"
"jus9-tecnologia-juridica","ORIENTACOES/REGRA_IDENTIDADE_FEMININA_CHARLIE_FOX.md","2156","charlieecho-jus9-tecnologia-juridica","ORIENTACOES/REGRA_IDENTIDADE_FEMININA_CHARLIE_FOX.md"
"jus9verde-jus9-tecnologia-juridica","ORIENTACOES/REGRA_IDENTIDADE_FEMININA_CHARLIE_FOX.md","2156","charlieecho-jus9-tecnologia-juridica","ORIENTACOES/REGRA_IDENTIDADE_FEMININA_CHARLIE_FOX.md"
"laboratorio-jus9-tecnologia-juridica","ORIENTACOES/REGRA_IDENTIDADE_FEMININA_CHARLIE_FOX.md","2156","charlieecho-jus9-tecnologia-juridica","ORIENTACOES/REGRA_IDENTIDADE_FEMININA_CHARLIE_FOX.md"
"livros-jus9-tecnologia-juridica","ORIENTACOES/REGRA_IDENTIDADE_FEMININA_CHARLIE_FOX.md","2156","charlieecho-jus9-tecnologia-juridica","ORIENTACOES/REGRA_IDENTIDADE_FEMININA_CHARLIE_FOX.md"
"logs-auditoria-jus9-tecnologia-juridica","ORIENTACOES/REGRA_IDENTIDADE_FEMININA_CHARLIE_FOX.md","2156","charlieecho-jus9-tecnologia-juridica","ORIENTACOES/REGRA_IDENTIDADE_FEMININA_CHARLIE_FOX.md"
"mvp-jus9-tecnologia-juridica","ORIENTACOES/REGRA_IDENTIDADE_FEMININA_CHARLIE_FOX.md","2156","charlieecho-jus9-tecnologia-juridica","ORIENTACOES/REGRA_IDENTIDADE_FEMININA_CHARLIE_FOX.md"
"olamundo-jus9-tecnologia-juridica","ORIENTACOES/REGRA_IDENTIDADE_FEMININA_CHARLIE_FOX.md","2156","charlieecho-jus9-tecnologia-juridica","ORIENTACOES/REGRA_IDENTIDADE_FEMININA_CHARLIE_FOX.md"
"portal-cliente-jus9-tecnologia-juridica","ORIENTACOES/REGRA_IDENTIDADE_FEMININA_CHARLIE_FOX.md","2156","charlieecho-jus9-tecnologia-juridica","ORIENTACOES/REGRA_IDENTIDADE_FEMININA_CHARLIE_FOX.md"
"primeiroformsctec","ORIENTACOES/REGRA_IDENTIDADE_FEMININA_CHARLIE_FOX.md","2156","charlieecho-jus9-tecnologia-juridica","ORIENTACOES/REGRA_IDENTIDADE_FEMININA_CHARLIE_FOX.md"
"quandoodesenhofala-jus9-tecnologia-juridica","ORIENTACOES/REGRA_IDENTIDADE_FEMININA_CHARLIE_FOX.md","2156","charlieecho-jus9-tecnologia-juridica","ORIENTACOES/REGRA_IDENTIDADE_FEMININA_CHARLIE_FOX.md"
"sctec","ORIENTACOES/REGRA_IDENTIDADE_FEMININA_CHARLIE_FOX.md","2156","charlieecho-jus9-tecnologia-juridica","ORIENTACOES/REGRA_IDENTIDADE_FEMININA_CHARLIE_FOX.md"
"universidadedofuturo-jus9-tecnologia-juridica","ORIENTACOES/REGRA_IDENTIDADE_FEMININA_CHARLIE_FOX.md","2156","charlieecho-jus9-tecnologia-juridica","ORIENTACOES/REGRA_IDENTIDADE_FEMININA_CHARLIE_FOX.md"
"workers-pages-functions-jus9-tecnologia-juridica","ORIENTACOES/REGRA_IDENTIDADE_FEMININA_CHARLIE_FOX.md","2156","charlieecho-jus9-tecnologia-juridica","ORIENTACOES/REGRA_IDENTIDADE_FEMININA_CHARLIE_FOX.md"
"admin-painel-jus9-tecnologia-juridica","ORIENTACOES/LINK_SEMANTICO_WEB_SUMMIT_RIO_2026.md","1182","charlieecho-jus9-tecnologia-juridica","ORIENTACOES/LINK_SEMANTICO_WEB_SUMMIT_RIO_2026.md"
"Aeon-Primevo","ORIENTACOES/LINK_SEMANTICO_WEB_SUMMIT_RIO_2026.md","1182","charlieecho-jus9-tecnologia-juridica","ORIENTACOES/LINK_SEMANTICO_WEB_SUMMIT_RIO_2026.md"
"auth-identidade-acesso-jus9-tecnologia-juridica","ORIENTACOES/LINK_SEMANTICO_WEB_SUMMIT_RIO_2026.md","1182","charlieecho-jus9-tecnologia-juridica","ORIENTACOES/LINK_SEMANTICO_WEB_SUMMIT_RIO_2026.md"
"backend-api-jus9-tecnologia-juridica","ORIENTACOES/LINK_SEMANTICO_WEB_SUMMIT_RIO_2026.md","1182","charlieecho-jus9-tecnologia-juridica","ORIENTACOES/LINK_SEMANTICO_WEB_SUMMIT_RIO_2026.md"
"carta-jus9-tecnologia-juridica","ORIENTACOES/LINK_SEMANTICO_WEB_SUMMIT_RIO_2026.md","1182","charlieecho-jus9-tecnologia-juridica","ORIENTACOES/LINK_SEMANTICO_WEB_SUMMIT_RIO_2026.md"
"cofre-documentos-seguros-jus9-tecnologia-juridica","ORIENTACOES/LINK_SEMANTICO_WEB_SUMMIT_RIO_2026.md","1182","charlieecho-jus9-tecnologia-juridica","ORIENTACOES/LINK_SEMANTICO_WEB_SUMMIT_RIO_2026.md"
"Creta","ORIENTACOES/LINK_SEMANTICO_WEB_SUMMIT_RIO_2026.md","1182","charlieecho-jus9-tecnologia-juridica","ORIENTACOES/LINK_SEMANTICO_WEB_SUMMIT_RIO_2026.md"
"db-modelos-migracoes-jus9-tecnologia-juridica","ORIENTACOES/LINK_SEMANTICO_WEB_SUMMIT_RIO_2026.md","1182","charlieecho-jus9-tecnologia-juridica","ORIENTACOES/LINK_SEMANTICO_WEB_SUMMIT_RIO_2026.md"
"documentacao-jus9-tecnologia-juridica","ORIENTACOES/LINK_SEMANTICO_WEB_SUMMIT_RIO_2026.md","1182","charlieecho-jus9-tecnologia-juridica","ORIENTACOES/LINK_SEMANTICO_WEB_SUMMIT_RIO_2026.md"
"equipe-jus9-tecnologia-juridica","orientacoes/LINK_SEMANTICO_WEB_SUMMIT_RIO_2026.md","1182","charlieecho-jus9-tecnologia-juridica","ORIENTACOES/LINK_SEMANTICO_WEB_SUMMIT_RIO_2026.md"
"governanca-autoorganizacao-charlie-echo-jus9-tecnologia-juridica","ORIENTACOES/LINK_SEMANTICO_WEB_SUMMIT_RIO_2026.md","1182","charlieecho-jus9-tecnologia-juridica","ORIENTACOES/LINK_SEMANTICO_WEB_SUMMIT_RIO_2026.md"
"ia-dupla-jus9-tecnologia-juridica","ORIENTACOES/LINK_SEMANTICO_WEB_SUMMIT_RIO_2026.md","1182","charlieecho-jus9-tecnologia-juridica","ORIENTACOES/LINK_SEMANTICO_WEB_SUMMIT_RIO_2026.md"
"ia-profissional-orquestrador-jus9-tecnologia-juridica","ORIENTACOES/LINK_SEMANTICO_WEB_SUMMIT_RIO_2026.md","1182","charlieecho-jus9-tecnologia-juridica","ORIENTACOES/LINK_SEMANTICO_WEB_SUMMIT_RIO_2026.md"
"infra-cloudflare-jus9-tecnologia-juridica","ORIENTACOES/LINK_SEMANTICO_WEB_SUMMIT_RIO_2026.md","1182","charlieecho-jus9-tecnologia-juridica","ORIENTACOES/LINK_SEMANTICO_WEB_SUMMIT_RIO_2026.md"
"introducaocss","ORIENTACOES/LINK_SEMANTICO_WEB_SUMMIT_RIO_2026.md","1182","charlieecho-jus9-tecnologia-juridica","ORIENTACOES/LINK_SEMANTICO_WEB_SUMMIT_RIO_2026.md"
"investimentos-jus9-tecnologia-juridica","ORIENTACOES/LINK_SEMANTICO_WEB_SUMMIT_RIO_2026.md","1182","charlieecho-jus9-tecnologia-juridica","ORIENTACOES/LINK_SEMANTICO_WEB_SUMMIT_RIO_2026.md"
"juridico-virtual-jus9-tecnologia-juridica","ORIENTACOES/LINK_SEMANTICO_WEB_SUMMIT_RIO_2026.md","1182","charlieecho-jus9-tecnologia-juridica","ORIENTACOES/LINK_SEMANTICO_WEB_SUMMIT_RIO_2026.md"
"jus9-tecnologia-juridica","ORIENTACOES/LINK_SEMANTICO_WEB_SUMMIT_RIO_2026.md","1182","charlieecho-jus9-tecnologia-juridica","ORIENTACOES/LINK_SEMANTICO_WEB_SUMMIT_RIO_2026.md"
"jus9verde-jus9-tecnologia-juridica","ORIENTACOES/LINK_SEMANTICO_WEB_SUMMIT_RIO_2026.md","1182","charlieecho-jus9-tecnologia-juridica","ORIENTACOES/LINK_SEMANTICO_WEB_SUMMIT_RIO_2026.md"
"laboratorio-jus9-tecnologia-juridica","ORIENTACOES/LINK_SEMANTICO_WEB_SUMMIT_RIO_2026.md","1182","charlieecho-jus9-tecnologia-juridica","ORIENTACOES/LINK_SEMANTICO_WEB_SUMMIT_RIO_2026.md"
"livros-jus9-tecnologia-juridica","ORIENTACOES/LINK_SEMANTICO_WEB_SUMMIT_RIO_2026.md","1182","charlieecho-jus9-tecnologia-juridica","ORIENTACOES/LINK_SEMANTICO_WEB_SUMMIT_RIO_2026.md"
"logs-auditoria-jus9-tecnologia-juridica","ORIENTACOES/LINK_SEMANTICO_WEB_SUMMIT_RIO_2026.md","1182","charlieecho-jus9-tecnologia-juridica","ORIENTACOES/LINK_SEMANTICO_WEB_SUMMIT_RIO_2026.md"
"mvp-jus9-tecnologia-juridica","ORIENTACOES/LINK_SEMANTICO_WEB_SUMMIT_RIO_2026.md","1182","charlieecho-jus9-tecnologia-juridica","ORIENTACOES/LINK_SEMANTICO_WEB_SUMMIT_RIO_2026.md"
"olamundo-jus9-tecnologia-juridica","ORIENTACOES/LINK_SEMANTICO_WEB_SUMMIT_RIO_2026.md","1182","charlieecho-jus9-tecnologia-juridica","ORIENTACOES/LINK_SEMANTICO_WEB_SUMMIT_RIO_2026.md"
"portal-cliente-jus9-tecnologia-juridica","ORIENTACOES/LINK_SEMANTICO_WEB_SUMMIT_RIO_2026.md","1182","charlieecho-jus9-tecnologia-juridica","ORIENTACOES/LINK_SEMANTICO_WEB_SUMMIT_RIO_2026.md"
"primeiroformsctec","ORIENTACOES/LINK_SEMANTICO_WEB_SUMMIT_RIO_2026.md","1182","charlieecho-jus9-tecnologia-juridica","ORIENTACOES/LINK_SEMANTICO_WEB_SUMMIT_RIO_2026.md"
"quandoodesenhofala-jus9-tecnologia-juridica","ORIENTACOES/LINK_SEMANTICO_WEB_SUMMIT_RIO_2026.md","1182","charlieecho-jus9-tecnologia-juridica","ORIENTACOES/LINK_SEMANTICO_WEB_SUMMIT_RIO_2026.md"
"sctec","ORIENTACOES/LINK_SEMANTICO_WEB_SUMMIT_RIO_2026.md","1182","charlieecho-jus9-tecnologia-juridica","ORIENTACOES/LINK_SEMANTICO_WEB_SUMMIT_RIO_2026.md"
"universidadedofuturo-jus9-tecnologia-juridica","ORIENTACOES/LINK_SEMANTICO_WEB_SUMMIT_RIO_2026.md","1182","charlieecho-jus9-tecnologia-juridica","ORIENTACOES/LINK_SEMANTICO_WEB_SUMMIT_RIO_2026.md"
"workers-pages-functions-jus9-tecnologia-juridica","ORIENTACOES/LINK_SEMANTICO_WEB_SUMMIT_RIO_2026.md","1182","charlieecho-jus9-tecnologia-juridica","ORIENTACOES/LINK_SEMANTICO_WEB_SUMMIT_RIO_2026.md"
"admin-painel-jus9-tecnologia-juridica","GOVERNANCA/PRINCIPIOS_CLAUSULAS_PETREAS_E_LEIS_MAIORES.md","1221","charlieecho-jus9-tecnologia-juridica","GOVERNANCA/PRINCIPIOS_CLAUSULAS_PETREAS_E_LEIS_MAIORES.md"
"Aeon-Primevo","GOVERNANCA/PRINCIPIOS_CLAUSULAS_PETREAS_E_LEIS_MAIORES.md","1221","charlieecho-jus9-tecnologia-juridica","GOVERNANCA/PRINCIPIOS_CLAUSULAS_PETREAS_E_LEIS_MAIORES.md"
"auth-identidade-acesso-jus9-tecnologia-juridica","GOVERNANCA/PRINCIPIOS_CLAUSULAS_PETREAS_E_LEIS_MAIORES.md","1221","charlieecho-jus9-tecnologia-juridica","GOVERNANCA/PRINCIPIOS_CLAUSULAS_PETREAS_E_LEIS_MAIORES.md"
"backend-api-jus9-tecnologia-juridica","GOVERNANCA/PRINCIPIOS_CLAUSULAS_PETREAS_E_LEIS_MAIORES.md","1221","charlieecho-jus9-tecnologia-juridica","GOVERNANCA/PRINCIPIOS_CLAUSULAS_PETREAS_E_LEIS_MAIORES.md"
"carta-jus9-tecnologia-juridica","GOVERNANCA/PRINCIPIOS_CLAUSULAS_PETREAS_E_LEIS_MAIORES.md","1221","charlieecho-jus9-tecnologia-juridica","GOVERNANCA/PRINCIPIOS_CLAUSULAS_PETREAS_E_LEIS_MAIORES.md"
"cofre-documentos-seguros-jus9-tecnologia-juridica","GOVERNANCA/PRINCIPIOS_CLAUSULAS_PETREAS_E_LEIS_MAIORES.md","1221","charlieecho-jus9-tecnologia-juridica","GOVERNANCA/PRINCIPIOS_CLAUSULAS_PETREAS_E_LEIS_MAIORES.md"
"Creta","GOVERNANCA/PRINCIPIOS_CLAUSULAS_PETREAS_E_LEIS_MAIORES.md","1221","charlieecho-jus9-tecnologia-juridica","GOVERNANCA/PRINCIPIOS_CLAUSULAS_PETREAS_E_LEIS_MAIORES.md"
"db-modelos-migracoes-jus9-tecnologia-juridica","GOVERNANCA/PRINCIPIOS_CLAUSULAS_PETREAS_E_LEIS_MAIORES.md","1221","charlieecho-jus9-tecnologia-juridica","GOVERNANCA/PRINCIPIOS_CLAUSULAS_PETREAS_E_LEIS_MAIORES.md"
"documentacao-jus9-tecnologia-juridica","GOVERNANCA/PRINCIPIOS_CLAUSULAS_PETREAS_E_LEIS_MAIORES.md","1221","charlieecho-jus9-tecnologia-juridica","GOVERNANCA/PRINCIPIOS_CLAUSULAS_PETREAS_E_LEIS_MAIORES.md"
"equipe-jus9-tecnologia-juridica","GOVERNANCA/PRINCIPIOS_CLAUSULAS_PETREAS_E_LEIS_MAIORES.md","1221","charlieecho-jus9-tecnologia-juridica","GOVERNANCA/PRINCIPIOS_CLAUSULAS_PETREAS_E_LEIS_MAIORES.md"
"governanca-autoorganizacao-charlie-echo-jus9-tecnologia-juridica","GOVERNANCA/PRINCIPIOS_CLAUSULAS_PETREAS_E_LEIS_MAIORES.md","1221","charlieecho-jus9-tecnologia-juridica","GOVERNANCA/PRINCIPIOS_CLAUSULAS_PETREAS_E_LEIS_MAIORES.md"
"ia-dupla-jus9-tecnologia-juridica","GOVERNANCA/PRINCIPIOS_CLAUSULAS_PETREAS_E_LEIS_MAIORES.md","1221","charlieecho-jus9-tecnologia-juridica","GOVERNANCA/PRINCIPIOS_CLAUSULAS_PETREAS_E_LEIS_MAIORES.md"
"ia-profissional-orquestrador-jus9-tecnologia-juridica","GOVERNANCA/PRINCIPIOS_CLAUSULAS_PETREAS_E_LEIS_MAIORES.md","1221","charlieecho-jus9-tecnologia-juridica","GOVERNANCA/PRINCIPIOS_CLAUSULAS_PETREAS_E_LEIS_MAIORES.md"
"infra-cloudflare-jus9-tecnologia-juridica","GOVERNANCA/PRINCIPIOS_CLAUSULAS_PETREAS_E_LEIS_MAIORES.md","1221","charlieecho-jus9-tecnologia-juridica","GOVERNANCA/PRINCIPIOS_CLAUSULAS_PETREAS_E_LEIS_MAIORES.md"
"introducaocss","GOVERNANCA/PRINCIPIOS_CLAUSULAS_PETREAS_E_LEIS_MAIORES.md","1221","charlieecho-jus9-tecnologia-juridica","GOVERNANCA/PRINCIPIOS_CLAUSULAS_PETREAS_E_LEIS_MAIORES.md"
"investimentos-jus9-tecnologia-juridica","GOVERNANCA/PRINCIPIOS_CLAUSULAS_PETREAS_E_LEIS_MAIORES.md","1221","charlieecho-jus9-tecnologia-juridica","GOVERNANCA/PRINCIPIOS_CLAUSULAS_PETREAS_E_LEIS_MAIORES.md"
"juridico-virtual-jus9-tecnologia-juridica","GOVERNANCA/PRINCIPIOS_CLAUSULAS_PETREAS_E_LEIS_MAIORES.md","1221","charlieecho-jus9-tecnologia-juridica","GOVERNANCA/PRINCIPIOS_CLAUSULAS_PETREAS_E_LEIS_MAIORES.md"
"jus9-tecnologia-juridica","GOVERNANCA/PRINCIPIOS_CLAUSULAS_PETREAS_E_LEIS_MAIORES.md","1221","charlieecho-jus9-tecnologia-juridica","GOVERNANCA/PRINCIPIOS_CLAUSULAS_PETREAS_E_LEIS_MAIORES.md"
"jus9verde-jus9-tecnologia-juridica","GOVERNANCA/PRINCIPIOS_CLAUSULAS_PETREAS_E_LEIS_MAIORES.md","1221","charlieecho-jus9-tecnologia-juridica","GOVERNANCA/PRINCIPIOS_CLAUSULAS_PETREAS_E_LEIS_MAIORES.md"
"laboratorio-jus9-tecnologia-juridica","GOVERNANCA/PRINCIPIOS_CLAUSULAS_PETREAS_E_LEIS_MAIORES.md","1221","charlieecho-jus9-tecnologia-juridica","GOVERNANCA/PRINCIPIOS_CLAUSULAS_PETREAS_E_LEIS_MAIORES.md"
"livros-jus9-tecnologia-juridica","GOVERNANCA/PRINCIPIOS_CLAUSULAS_PETREAS_E_LEIS_MAIORES.md","1221","charlieecho-jus9-tecnologia-juridica","GOVERNANCA/PRINCIPIOS_CLAUSULAS_PETREAS_E_LEIS_MAIORES.md"
"logs-auditoria-jus9-tecnologia-juridica","GOVERNANCA/PRINCIPIOS_CLAUSULAS_PETREAS_E_LEIS_MAIORES.md","1221","charlieecho-jus9-tecnologia-juridica","GOVERNANCA/PRINCIPIOS_CLAUSULAS_PETREAS_E_LEIS_MAIORES.md"
"mvp-jus9-tecnologia-juridica","GOVERNANCA/PRINCIPIOS_CLAUSULAS_PETREAS_E_LEIS_MAIORES.md","1221","charlieecho-jus9-tecnologia-juridica","GOVERNANCA/PRINCIPIOS_CLAUSULAS_PETREAS_E_LEIS_MAIORES.md"
"olamundo-jus9-tecnologia-juridica","GOVERNANCA/PRINCIPIOS_CLAUSULAS_PETREAS_E_LEIS_MAIORES.md","1221","charlieecho-jus9-tecnologia-juridica","GOVERNANCA/PRINCIPIOS_CLAUSULAS_PETREAS_E_LEIS_MAIORES.md"
"portal-cliente-jus9-tecnologia-juridica","GOVERNANCA/PRINCIPIOS_CLAUSULAS_PETREAS_E_LEIS_MAIORES.md","1221","charlieecho-jus9-tecnologia-juridica","GOVERNANCA/PRINCIPIOS_CLAUSULAS_PETREAS_E_LEIS_MAIORES.md"
"primeiroformsctec","GOVERNANCA/PRINCIPIOS_CLAUSULAS_PETREAS_E_LEIS_MAIORES.md","1221","charlieecho-jus9-tecnologia-juridica","GOVERNANCA/PRINCIPIOS_CLAUSULAS_PETREAS_E_LEIS_MAIORES.md"
"quandoodesenhofala-jus9-tecnologia-juridica","GOVERNANCA/PRINCIPIOS_CLAUSULAS_PETREAS_E_LEIS_MAIORES.md","1221","charlieecho-jus9-tecnologia-juridica","GOVERNANCA/PRINCIPIOS_CLAUSULAS_PETREAS_E_LEIS_MAIORES.md"
"sctec","GOVERNANCA/PRINCIPIOS_CLAUSULAS_PETREAS_E_LEIS_MAIORES.md","1221","charlieecho-jus9-tecnologia-juridica","GOVERNANCA/PRINCIPIOS_CLAUSULAS_PETREAS_E_LEIS_MAIORES.md"
"workers-pages-functions-jus9-tecnologia-juridica","GOVERNANCA/PRINCIPIOS_CLAUSULAS_PETREAS_E_LEIS_MAIORES.md","1221","charlieecho-jus9-tecnologia-juridica","GOVERNANCA/PRINCIPIOS_CLAUSULAS_PETREAS_E_LEIS_MAIORES.md"
"admin-painel-jus9-tecnologia-juridica","VERSIONAMENTO_VARREDURA_TOTAL_v2_0.md","611","charlieecho-jus9-tecnologia-juridica","VERSIONAMENTO_VARREDURA_TOTAL_v2_0.md"
"Aeon-Primevo","VERSIONAMENTO_VARREDURA_TOTAL_v2_0.md","611","charlieecho-jus9-tecnologia-juridica","VERSIONAMENTO_VARREDURA_TOTAL_v2_0.md"
"auth-identidade-acesso-jus9-tecnologia-juridica","VERSIONAMENTO_VARREDURA_TOTAL_v2_0.md","611","charlieecho-jus9-tecnologia-juridica","VERSIONAMENTO_VARREDURA_TOTAL_v2_0.md"
"backend-api-jus9-tecnologia-juridica","VERSIONAMENTO_VARREDURA_TOTAL_v2_0.md","611","charlieecho-jus9-tecnologia-juridica","VERSIONAMENTO_VARREDURA_TOTAL_v2_0.md"
"carta-jus9-tecnologia-juridica","VERSIONAMENTO_VARREDURA_TOTAL_v2_0.md","611","charlieecho-jus9-tecnologia-juridica","VERSIONAMENTO_VARREDURA_TOTAL_v2_0.md"
"cofre-documentos-seguros-jus9-tecnologia-juridica","VERSIONAMENTO_VARREDURA_TOTAL_v2_0.md","611","charlieecho-jus9-tecnologia-juridica","VERSIONAMENTO_VARREDURA_TOTAL_v2_0.md"
"Creta","VERSIONAMENTO_VARREDURA_TOTAL_v2_0.md","611","charlieecho-jus9-tecnologia-juridica","VERSIONAMENTO_VARREDURA_TOTAL_v2_0.md"
"db-modelos-migracoes-jus9-tecnologia-juridica","VERSIONAMENTO_VARREDURA_TOTAL_v2_0.md","611","charlieecho-jus9-tecnologia-juridica","VERSIONAMENTO_VARREDURA_TOTAL_v2_0.md"
"documentacao-jus9-tecnologia-juridica","VERSIONAMENTO_VARREDURA_TOTAL_v2_0.md","611","charlieecho-jus9-tecnologia-juridica","VERSIONAMENTO_VARREDURA_TOTAL_v2_0.md"
"equipe-jus9-tecnologia-juridica","VERSIONAMENTO_VARREDURA_TOTAL_v2_0.md","611","charlieecho-jus9-tecnologia-juridica","VERSIONAMENTO_VARREDURA_TOTAL_v2_0.md"
"governanca-autoorganizacao-charlie-echo-jus9-tecnologia-juridica","VERSIONAMENTO_VARREDURA_TOTAL_v2_0.md","611","charlieecho-jus9-tecnologia-juridica","VERSIONAMENTO_VARREDURA_TOTAL_v2_0.md"
"ia-dupla-jus9-tecnologia-juridica","VERSIONAMENTO_VARREDURA_TOTAL_v2_0.md","611","charlieecho-jus9-tecnologia-juridica","VERSIONAMENTO_VARREDURA_TOTAL_v2_0.md"
"ia-profissional-orquestrador-jus9-tecnologia-juridica","VERSIONAMENTO_VARREDURA_TOTAL_v2_0.md","611","charlieecho-jus9-tecnologia-juridica","VERSIONAMENTO_VARREDURA_TOTAL_v2_0.md"
"infra-cloudflare-jus9-tecnologia-juridica","VERSIONAMENTO_VARREDURA_TOTAL_v2_0.md","611","charlieecho-jus9-tecnologia-juridica","VERSIONAMENTO_VARREDURA_TOTAL_v2_0.md"
"introducaocss","VERSIONAMENTO_VARREDURA_TOTAL_v2_0.md","611","charlieecho-jus9-tecnologia-juridica","VERSIONAMENTO_VARREDURA_TOTAL_v2_0.md"
"investimentos-jus9-tecnologia-juridica","VERSIONAMENTO_VARREDURA_TOTAL_v2_0.md","611","charlieecho-jus9-tecnologia-juridica","VERSIONAMENTO_VARREDURA_TOTAL_v2_0.md"
"juridico-virtual-jus9-tecnologia-juridica","VERSIONAMENTO_VARREDURA_TOTAL_v2_0.md","611","charlieecho-jus9-tecnologia-juridica","VERSIONAMENTO_VARREDURA_TOTAL_v2_0.md"
"jus9-tecnologia-juridica","VERSIONAMENTO_VARREDURA_TOTAL_v2_0.md","611","charlieecho-jus9-tecnologia-juridica","VERSIONAMENTO_VARREDURA_TOTAL_v2_0.md"
"jus9verde-jus9-tecnologia-juridica","VERSIONAMENTO_VARREDURA_TOTAL_v2_0.md","611","charlieecho-jus9-tecnologia-juridica","VERSIONAMENTO_VARREDURA_TOTAL_v2_0.md"
"laboratorio-jus9-tecnologia-juridica","VERSIONAMENTO_VARREDURA_TOTAL_v2_0.md","611","charlieecho-jus9-tecnologia-juridica","VERSIONAMENTO_VARREDURA_TOTAL_v2_0.md"
"livros-jus9-tecnologia-juridica","VERSIONAMENTO_VARREDURA_TOTAL_v2_0.md","611","charlieecho-jus9-tecnologia-juridica","VERSIONAMENTO_VARREDURA_TOTAL_v2_0.md"
"logs-auditoria-jus9-tecnologia-juridica","VERSIONAMENTO_VARREDURA_TOTAL_v2_0.md","611","charlieecho-jus9-tecnologia-juridica","VERSIONAMENTO_VARREDURA_TOTAL_v2_0.md"
"mvp-jus9-tecnologia-juridica","VERSIONAMENTO_VARREDURA_TOTAL_v2_0.md","611","charlieecho-jus9-tecnologia-juridica","VERSIONAMENTO_VARREDURA_TOTAL_v2_0.md"
"olamundo-jus9-tecnologia-juridica","VERSIONAMENTO_VARREDURA_TOTAL_v2_0.md","611","charlieecho-jus9-tecnologia-juridica","VERSIONAMENTO_VARREDURA_TOTAL_v2_0.md"
"portal-cliente-jus9-tecnologia-juridica","VERSIONAMENTO_VARREDURA_TOTAL_v2_0.md","611","charlieecho-jus9-tecnologia-juridica","VERSIONAMENTO_VARREDURA_TOTAL_v2_0.md"
"primeiroformsctec","VERSIONAMENTO_VARREDURA_TOTAL_v2_0.md","611","charlieecho-jus9-tecnologia-juridica","VERSIONAMENTO_VARREDURA_TOTAL_v2_0.md"
"quandoodesenhofala-jus9-tecnologia-juridica","VERSIONAMENTO_VARREDURA_TOTAL_v2_0.md","611","charlieecho-jus9-tecnologia-juridica","VERSIONAMENTO_VARREDURA_TOTAL_v2_0.md"
"sctec","VERSIONAMENTO_VARREDURA_TOTAL_v2_0.md","611","charlieecho-jus9-tecnologia-juridica","VERSIONAMENTO_VARREDURA_TOTAL_v2_0.md"
"workers-pages-functions-jus9-tecnologia-juridica","VERSIONAMENTO_VARREDURA_TOTAL_v2_0.md","611","charlieecho-jus9-tecnologia-juridica","VERSIONAMENTO_VARREDURA_TOTAL_v2_0.md"
"admin-painel-jus9-tecnologia-juridica","assets/img/foto-vitor.jpg","108275","charlieecho-jus9-tecnologia-juridica","assets/img/foto-vitor.jpg"
"Aeon-Primevo","assets/img/foto-vitor.jpg","108275","charlieecho-jus9-tecnologia-juridica","assets/img/foto-vitor.jpg"
"auth-identidade-acesso-jus9-tecnologia-juridica","assets/img/foto-vitor.jpg","108275","charlieecho-jus9-tecnologia-juridica","assets/img/foto-vitor.jpg"
"backend-api-jus9-tecnologia-juridica","assets/img/foto-vitor.jpg","108275","charlieecho-jus9-tecnologia-juridica","assets/img/foto-vitor.jpg"
"carta-jus9-tecnologia-juridica","assets/img/foto-vitor.jpg","108275","charlieecho-jus9-tecnologia-juridica","assets/img/foto-vitor.jpg"
"cofre-documentos-seguros-jus9-tecnologia-juridica","assets/img/foto-vitor.jpg","108275","charlieecho-jus9-tecnologia-juridica","assets/img/foto-vitor.jpg"
"Creta","assets/img/foto-vitor.jpg","108275","charlieecho-jus9-tecnologia-juridica","assets/img/foto-vitor.jpg"
"documentacao-jus9-tecnologia-juridica","assets/img/foto-vitor.jpg","108275","charlieecho-jus9-tecnologia-juridica","assets/img/foto-vitor.jpg"
"equipe-jus9-tecnologia-juridica","assets/img/foto-vitor.jpg","108275","charlieecho-jus9-tecnologia-juridica","assets/img/foto-vitor.jpg"
"governanca-autoorganizacao-charlie-echo-jus9-tecnologia-juridica","assets/img/foto-vitor.jpg","108275","charlieecho-jus9-tecnologia-juridica","assets/img/foto-vitor.jpg"
"ia-profissional-orquestrador-jus9-tecnologia-juridica","assets/img/foto-vitor.jpg","108275","charlieecho-jus9-tecnologia-juridica","assets/img/foto-vitor.jpg"
"infra-cloudflare-jus9-tecnologia-juridica","assets/img/foto-vitor.jpg","108275","charlieecho-jus9-tecnologia-juridica","assets/img/foto-vitor.jpg"
"introducaocss","assets/img/foto-vitor.jpg","108275","charlieecho-jus9-tecnologia-juridica","assets/img/foto-vitor.jpg"
"juridico-virtual-jus9-tecnologia-juridica","assets/img/foto-vitor.jpg","108275","charlieecho-jus9-tecnologia-juridica","assets/img/foto-vitor.jpg"
"jus9-tecnologia-juridica","assets/img/foto-vitor.jpg","108275","charlieecho-jus9-tecnologia-juridica","assets/img/foto-vitor.jpg"
"jus9verde-jus9-tecnologia-juridica","assets/img/foto-vitor.jpg","108275","charlieecho-jus9-tecnologia-juridica","assets/img/foto-vitor.jpg"
"livros-jus9-tecnologia-juridica","assets/img/foto-vitor.jpg","108275","charlieecho-jus9-tecnologia-juridica","assets/img/foto-vitor.jpg"
"logs-auditoria-jus9-tecnologia-juridica","assets/img/foto-vitor.jpg","108275","charlieecho-jus9-tecnologia-juridica","assets/img/foto-vitor.jpg"
"mvp-jus9-tecnologia-juridica","assets/img/foto-vitor.jpg","108275","charlieecho-jus9-tecnologia-juridica","assets/img/foto-vitor.jpg"
"olamundo-jus9-tecnologia-juridica","assets/img/foto-vitor.jpg","108275","charlieecho-jus9-tecnologia-juridica","assets/img/foto-vitor.jpg"
"portal-cliente-jus9-tecnologia-juridica","assets/img/foto-vitor.jpg","108275","charlieecho-jus9-tecnologia-juridica","assets/img/foto-vitor.jpg"
"primeiroformsctec","assets/img/foto-vitor.jpg","108275","charlieecho-jus9-tecnologia-juridica","assets/img/foto-vitor.jpg"
"quandoodesenhofala-jus9-tecnologia-juridica","assets/img/foto-vitor.jpg","108275","charlieecho-jus9-tecnologia-juridica","assets/img/foto-vitor.jpg"
"sctec","assets/img/foto-vitor.jpg","108275","charlieecho-jus9-tecnologia-juridica","assets/img/foto-vitor.jpg"
"workers-pages-functions-jus9-tecnologia-juridica","assets/img/foto-vitor.jpg","108275","charlieecho-jus9-tecnologia-juridica","assets/img/foto-vitor.jpg"
"admin-painel-jus9-tecnologia-juridica","GOVERNANCA/PRINCIPIOS_FUNDADORES_E_CLAUSULAS_PETREAS_CHARLIE_ECHO.md","6797","charlieecho-jus9-tecnologia-juridica","GOVERNANCA/PRINCIPIOS_FUNDADORES_E_CLAUSULAS_PETREAS_CHARLIE_ECHO.md"
"Aeon-Primevo","GOVERNANCA/PRINCIPIOS_FUNDADORES_E_CLAUSULAS_PETREAS_CHARLIE_ECHO.md","6797","charlieecho-jus9-tecnologia-juridica","GOVERNANCA/PRINCIPIOS_FUNDADORES_E_CLAUSULAS_PETREAS_CHARLIE_ECHO.md"
"auth-identidade-acesso-jus9-tecnologia-juridica","GOVERNANCA/PRINCIPIOS_FUNDADORES_E_CLAUSULAS_PETREAS_CHARLIE_ECHO.md","6797","charlieecho-jus9-tecnologia-juridica","GOVERNANCA/PRINCIPIOS_FUNDADORES_E_CLAUSULAS_PETREAS_CHARLIE_ECHO.md"
"backend-api-jus9-tecnologia-juridica","GOVERNANCA/PRINCIPIOS_FUNDADORES_E_CLAUSULAS_PETREAS_CHARLIE_ECHO.md","6797","charlieecho-jus9-tecnologia-juridica","GOVERNANCA/PRINCIPIOS_FUNDADORES_E_CLAUSULAS_PETREAS_CHARLIE_ECHO.md"
"carta-jus9-tecnologia-juridica","GOVERNANCA/PRINCIPIOS_FUNDADORES_E_CLAUSULAS_PETREAS_CHARLIE_ECHO.md","6797","charlieecho-jus9-tecnologia-juridica","GOVERNANCA/PRINCIPIOS_FUNDADORES_E_CLAUSULAS_PETREAS_CHARLIE_ECHO.md"
"cofre-documentos-seguros-jus9-tecnologia-juridica","GOVERNANCA/PRINCIPIOS_FUNDADORES_E_CLAUSULAS_PETREAS_CHARLIE_ECHO.md","6797","charlieecho-jus9-tecnologia-juridica","GOVERNANCA/PRINCIPIOS_FUNDADORES_E_CLAUSULAS_PETREAS_CHARLIE_ECHO.md"
"Creta","GOVERNANCA/PRINCIPIOS_FUNDADORES_E_CLAUSULAS_PETREAS_CHARLIE_ECHO.md","6797","charlieecho-jus9-tecnologia-juridica","GOVERNANCA/PRINCIPIOS_FUNDADORES_E_CLAUSULAS_PETREAS_CHARLIE_ECHO.md"
"documentacao-jus9-tecnologia-juridica","GOVERNANCA/PRINCIPIOS_FUNDADORES_E_CLAUSULAS_PETREAS_CHARLIE_ECHO.md","6797","charlieecho-jus9-tecnologia-juridica","GOVERNANCA/PRINCIPIOS_FUNDADORES_E_CLAUSULAS_PETREAS_CHARLIE_ECHO.md"
"equipe-jus9-tecnologia-juridica","GOVERNANCA/PRINCIPIOS_FUNDADORES_E_CLAUSULAS_PETREAS_CHARLIE_ECHO.md","6797","charlieecho-jus9-tecnologia-juridica","GOVERNANCA/PRINCIPIOS_FUNDADORES_E_CLAUSULAS_PETREAS_CHARLIE_ECHO.md"
"governanca-autoorganizacao-charlie-echo-jus9-tecnologia-juridica","GOVERNANCA/PRINCIPIOS_FUNDADORES_E_CLAUSULAS_PETREAS_CHARLIE_ECHO.md","6797","charlieecho-jus9-tecnologia-juridica","GOVERNANCA/PRINCIPIOS_FUNDADORES_E_CLAUSULAS_PETREAS_CHARLIE_ECHO.md"
"ia-dupla-jus9-tecnologia-juridica","GOVERNANCA/PRINCIPIOS_FUNDADORES_E_CLAUSULAS_PETREAS_CHARLIE_ECHO.md","6797","charlieecho-jus9-tecnologia-juridica","GOVERNANCA/PRINCIPIOS_FUNDADORES_E_CLAUSULAS_PETREAS_CHARLIE_ECHO.md"
"ia-profissional-orquestrador-jus9-tecnologia-juridica","GOVERNANCA/PRINCIPIOS_FUNDADORES_E_CLAUSULAS_PETREAS_CHARLIE_ECHO.md","6797","charlieecho-jus9-tecnologia-juridica","GOVERNANCA/PRINCIPIOS_FUNDADORES_E_CLAUSULAS_PETREAS_CHARLIE_ECHO.md"
"infra-cloudflare-jus9-tecnologia-juridica","GOVERNANCA/PRINCIPIOS_FUNDADORES_E_CLAUSULAS_PETREAS_CHARLIE_ECHO.md","6797","charlieecho-jus9-tecnologia-juridica","GOVERNANCA/PRINCIPIOS_FUNDADORES_E_CLAUSULAS_PETREAS_CHARLIE_ECHO.md"
"introducaocss","GOVERNANCA/PRINCIPIOS_FUNDADORES_E_CLAUSULAS_PETREAS_CHARLIE_ECHO.md","6797","charlieecho-jus9-tecnologia-juridica","GOVERNANCA/PRINCIPIOS_FUNDADORES_E_CLAUSULAS_PETREAS_CHARLIE_ECHO.md"
"investimentos-jus9-tecnologia-juridica","GOVERNANCA/PRINCIPIOS_FUNDADORES_E_CLAUSULAS_PETREAS_CHARLIE_ECHO.md","6797","charlieecho-jus9-tecnologia-juridica","GOVERNANCA/PRINCIPIOS_FUNDADORES_E_CLAUSULAS_PETREAS_CHARLIE_ECHO.md"
"juridico-virtual-jus9-tecnologia-juridica","GOVERNANCA/PRINCIPIOS_FUNDADORES_E_CLAUSULAS_PETREAS_CHARLIE_ECHO.md","6797","charlieecho-jus9-tecnologia-juridica","GOVERNANCA/PRINCIPIOS_FUNDADORES_E_CLAUSULAS_PETREAS_CHARLIE_ECHO.md"
"jus9-tecnologia-juridica","GOVERNANCA/PRINCIPIOS_FUNDADORES_E_CLAUSULAS_PETREAS_CHARLIE_ECHO.md","6797","charlieecho-jus9-tecnologia-juridica","GOVERNANCA/PRINCIPIOS_FUNDADORES_E_CLAUSULAS_PETREAS_CHARLIE_ECHO.md"
"jus9verde-jus9-tecnologia-juridica","GOVERNANCA/PRINCIPIOS_FUNDADORES_E_CLAUSULAS_PETREAS_CHARLIE_ECHO.md","6797","charlieecho-jus9-tecnologia-juridica","GOVERNANCA/PRINCIPIOS_FUNDADORES_E_CLAUSULAS_PETREAS_CHARLIE_ECHO.md"
"laboratorio-jus9-tecnologia-juridica","GOVERNANCA/PRINCIPIOS_FUNDADORES_E_CLAUSULAS_PETREAS_CHARLIE_ECHO.md","6797","charlieecho-jus9-tecnologia-juridica","GOVERNANCA/PRINCIPIOS_FUNDADORES_E_CLAUSULAS_PETREAS_CHARLIE_ECHO.md"
"livros-jus9-tecnologia-juridica","GOVERNANCA/PRINCIPIOS_FUNDADORES_E_CLAUSULAS_PETREAS_CHARLIE_ECHO.md","6797","charlieecho-jus9-tecnologia-juridica","GOVERNANCA/PRINCIPIOS_FUNDADORES_E_CLAUSULAS_PETREAS_CHARLIE_ECHO.md"
"logs-auditoria-jus9-tecnologia-juridica","GOVERNANCA/PRINCIPIOS_FUNDADORES_E_CLAUSULAS_PETREAS_CHARLIE_ECHO.md","6797","charlieecho-jus9-tecnologia-juridica","GOVERNANCA/PRINCIPIOS_FUNDADORES_E_CLAUSULAS_PETREAS_CHARLIE_ECHO.md"
"mvp-jus9-tecnologia-juridica","GOVERNANCA/PRINCIPIOS_FUNDADORES_E_CLAUSULAS_PETREAS_CHARLIE_ECHO.md","6797","charlieecho-jus9-tecnologia-juridica","GOVERNANCA/PRINCIPIOS_FUNDADORES_E_CLAUSULAS_PETREAS_CHARLIE_ECHO.md"
"olamundo-jus9-tecnologia-juridica","GOVERNANCA/PRINCIPIOS_FUNDADORES_E_CLAUSULAS_PETREAS_CHARLIE_ECHO.md","6797","charlieecho-jus9-tecnologia-juridica","GOVERNANCA/PRINCIPIOS_FUNDADORES_E_CLAUSULAS_PETREAS_CHARLIE_ECHO.md"
"portal-cliente-jus9-tecnologia-juridica","GOVERNANCA/PRINCIPIOS_FUNDADORES_E_CLAUSULAS_PETREAS_CHARLIE_ECHO.md","6797","charlieecho-jus9-tecnologia-juridica","GOVERNANCA/PRINCIPIOS_FUNDADORES_E_CLAUSULAS_PETREAS_CHARLIE_ECHO.md"
"primeiroformsctec","GOVERNANCA/PRINCIPIOS_FUNDADORES_E_CLAUSULAS_PETREAS_CHARLIE_ECHO.md","6797","charlieecho-jus9-tecnologia-juridica","GOVERNANCA/PRINCIPIOS_FUNDADORES_E_CLAUSULAS_PETREAS_CHARLIE_ECHO.md"
"quandoodesenhofala-jus9-tecnologia-juridica","GOVERNANCA/PRINCIPIOS_FUNDADORES_E_CLAUSULAS_PETREAS_CHARLIE_ECHO.md","6797","charlieecho-jus9-tecnologia-juridica","GOVERNANCA/PRINCIPIOS_FUNDADORES_E_CLAUSULAS_PETREAS_CHARLIE_ECHO.md"
"sctec","GOVERNANCA/PRINCIPIOS_FUNDADORES_E_CLAUSULAS_PETREAS_CHARLIE_ECHO.md","6797","charlieecho-jus9-tecnologia-juridica","GOVERNANCA/PRINCIPIOS_FUNDADORES_E_CLAUSULAS_PETREAS_CHARLIE_ECHO.md"
"workers-pages-functions-jus9-tecnologia-juridica","GOVERNANCA/PRINCIPIOS_FUNDADORES_E_CLAUSULAS_PETREAS_CHARLIE_ECHO.md","6797","charlieecho-jus9-tecnologia-juridica","GOVERNANCA/PRINCIPIOS_FUNDADORES_E_CLAUSULAS_PETREAS_CHARLIE_ECHO.md"
"admin-painel-jus9-tecnologia-juridica","ORIENTACOES/RECADO_PARA_PROXIMA_IA.md","1891","charlieecho-jus9-tecnologia-juridica","ORIENTACOES/RECADO_PARA_PROXIMA_IA.md"
"Aeon-Primevo","ORIENTACOES/RECADO_PARA_PROXIMA_IA.md","1891","charlieecho-jus9-tecnologia-juridica","ORIENTACOES/RECADO_PARA_PROXIMA_IA.md"
"auth-identidade-acesso-jus9-tecnologia-juridica","ORIENTACOES/RECADO_PARA_PROXIMA_IA.md","1891","charlieecho-jus9-tecnologia-juridica","ORIENTACOES/RECADO_PARA_PROXIMA_IA.md"
"backend-api-jus9-tecnologia-juridica","ORIENTACOES/RECADO_PARA_PROXIMA_IA.md","1891","charlieecho-jus9-tecnologia-juridica","ORIENTACOES/RECADO_PARA_PROXIMA_IA.md"
"carta-jus9-tecnologia-juridica","ORIENTACOES/RECADO_PARA_PROXIMA_IA.md","1891","charlieecho-jus9-tecnologia-juridica","ORIENTACOES/RECADO_PARA_PROXIMA_IA.md"
"cofre-documentos-seguros-jus9-tecnologia-juridica","ORIENTACOES/RECADO_PARA_PROXIMA_IA.md","1891","charlieecho-jus9-tecnologia-juridica","ORIENTACOES/RECADO_PARA_PROXIMA_IA.md"
"Creta","ORIENTACOES/RECADO_PARA_PROXIMA_IA.md","1891","charlieecho-jus9-tecnologia-juridica","ORIENTACOES/RECADO_PARA_PROXIMA_IA.md"
"documentacao-jus9-tecnologia-juridica","ORIENTACOES/RECADO_PARA_PROXIMA_IA.md","1891","charlieecho-jus9-tecnologia-juridica","ORIENTACOES/RECADO_PARA_PROXIMA_IA.md"
"equipe-jus9-tecnologia-juridica","orientacoes/RECADO_PARA_PROXIMA_IA.md","1891","charlieecho-jus9-tecnologia-juridica","ORIENTACOES/RECADO_PARA_PROXIMA_IA.md"
"governanca-autoorganizacao-charlie-echo-jus9-tecnologia-juridica","ORIENTACOES/RECADO_PARA_PROXIMA_IA.md","1891","charlieecho-jus9-tecnologia-juridica","ORIENTACOES/RECADO_PARA_PROXIMA_IA.md"
"ia-dupla-jus9-tecnologia-juridica","ORIENTACOES/RECADO_PARA_PROXIMA_IA.md","1891","charlieecho-jus9-tecnologia-juridica","ORIENTACOES/RECADO_PARA_PROXIMA_IA.md"
"ia-profissional-orquestrador-jus9-tecnologia-juridica","ORIENTACOES/RECADO_PARA_PROXIMA_IA.md","1891","charlieecho-jus9-tecnologia-juridica","ORIENTACOES/RECADO_PARA_PROXIMA_IA.md"
"infra-cloudflare-jus9-tecnologia-juridica","ORIENTACOES/RECADO_PARA_PROXIMA_IA.md","1891","charlieecho-jus9-tecnologia-juridica","ORIENTACOES/RECADO_PARA_PROXIMA_IA.md"
"introducaocss","ORIENTACOES/RECADO_PARA_PROXIMA_IA.md","1891","charlieecho-jus9-tecnologia-juridica","ORIENTACOES/RECADO_PARA_PROXIMA_IA.md"
"investimentos-jus9-tecnologia-juridica","ORIENTACOES/RECADO_PARA_PROXIMA_IA.md","1891","charlieecho-jus9-tecnologia-juridica","ORIENTACOES/RECADO_PARA_PROXIMA_IA.md"
"juridico-virtual-jus9-tecnologia-juridica","ORIENTACOES/RECADO_PARA_PROXIMA_IA.md","1891","charlieecho-jus9-tecnologia-juridica","ORIENTACOES/RECADO_PARA_PROXIMA_IA.md"
"jus9-tecnologia-juridica","ORIENTACOES/RECADO_PARA_PROXIMA_IA.md","1891","charlieecho-jus9-tecnologia-juridica","ORIENTACOES/RECADO_PARA_PROXIMA_IA.md"
"jus9verde-jus9-tecnologia-juridica","ORIENTACOES/RECADO_PARA_PROXIMA_IA.md","1891","charlieecho-jus9-tecnologia-juridica","ORIENTACOES/RECADO_PARA_PROXIMA_IA.md"
"laboratorio-jus9-tecnologia-juridica","ORIENTACOES/RECADO_PARA_PROXIMA_IA.md","1891","charlieecho-jus9-tecnologia-juridica","ORIENTACOES/RECADO_PARA_PROXIMA_IA.md"
"livros-jus9-tecnologia-juridica","ORIENTACOES/RECADO_PARA_PROXIMA_IA.md","1891","charlieecho-jus9-tecnologia-juridica","ORIENTACOES/RECADO_PARA_PROXIMA_IA.md"
"logs-auditoria-jus9-tecnologia-juridica","ORIENTACOES/RECADO_PARA_PROXIMA_IA.md","1891","charlieecho-jus9-tecnologia-juridica","ORIENTACOES/RECADO_PARA_PROXIMA_IA.md"
"mvp-jus9-tecnologia-juridica","ORIENTACOES/RECADO_PARA_PROXIMA_IA.md","1891","charlieecho-jus9-tecnologia-juridica","ORIENTACOES/RECADO_PARA_PROXIMA_IA.md"
"olamundo-jus9-tecnologia-juridica","ORIENTACOES/RECADO_PARA_PROXIMA_IA.md","1891","charlieecho-jus9-tecnologia-juridica","ORIENTACOES/RECADO_PARA_PROXIMA_IA.md"
"portal-cliente-jus9-tecnologia-juridica","ORIENTACOES/RECADO_PARA_PROXIMA_IA.md","1891","charlieecho-jus9-tecnologia-juridica","ORIENTACOES/RECADO_PARA_PROXIMA_IA.md"
"primeiroformsctec","ORIENTACOES/RECADO_PARA_PROXIMA_IA.md","1891","charlieecho-jus9-tecnologia-juridica","ORIENTACOES/RECADO_PARA_PROXIMA_IA.md"
"quandoodesenhofala-jus9-tecnologia-juridica","ORIENTACOES/RECADO_PARA_PROXIMA_IA.md","1891","charlieecho-jus9-tecnologia-juridica","ORIENTACOES/RECADO_PARA_PROXIMA_IA.md"
"sctec","ORIENTACOES/RECADO_PARA_PROXIMA_IA.md","1891","charlieecho-jus9-tecnologia-juridica","ORIENTACOES/RECADO_PARA_PROXIMA_IA.md"
"workers-pages-functions-jus9-tecnologia-juridica","ORIENTACOES/RECADO_PARA_PROXIMA_IA.md","1891","charlieecho-jus9-tecnologia-juridica","ORIENTACOES/RECADO_PARA_PROXIMA_IA.md"
"admin-painel-jus9-tecnologia-juridica","BACKEND/ORIENTACOES_PARA_BACKEND_FUTURO.md","1068","charlieecho-jus9-tecnologia-juridica","BACKEND/ORIENTACOES_PARA_BACKEND_FUTURO.md"
"Aeon-Primevo","BACKEND/ORIENTACOES_PARA_BACKEND_FUTURO.md","1068","charlieecho-jus9-tecnologia-juridica","BACKEND/ORIENTACOES_PARA_BACKEND_FUTURO.md"
"auth-identidade-acesso-jus9-tecnologia-juridica","BACKEND/ORIENTACOES_PARA_BACKEND_FUTURO.md","1068","charlieecho-jus9-tecnologia-juridica","BACKEND/ORIENTACOES_PARA_BACKEND_FUTURO.md"
"backend-api-jus9-tecnologia-juridica","BACKEND/ORIENTACOES_PARA_BACKEND_FUTURO.md","1068","charlieecho-jus9-tecnologia-juridica","BACKEND/ORIENTACOES_PARA_BACKEND_FUTURO.md"
"carta-jus9-tecnologia-juridica","BACKEND/ORIENTACOES_PARA_BACKEND_FUTURO.md","1068","charlieecho-jus9-tecnologia-juridica","BACKEND/ORIENTACOES_PARA_BACKEND_FUTURO.md"
"cofre-documentos-seguros-jus9-tecnologia-juridica","BACKEND/ORIENTACOES_PARA_BACKEND_FUTURO.md","1068","charlieecho-jus9-tecnologia-juridica","BACKEND/ORIENTACOES_PARA_BACKEND_FUTURO.md"
"Creta","BACKEND/ORIENTACOES_PARA_BACKEND_FUTURO.md","1068","charlieecho-jus9-tecnologia-juridica","BACKEND/ORIENTACOES_PARA_BACKEND_FUTURO.md"
"documentacao-jus9-tecnologia-juridica","BACKEND/ORIENTACOES_PARA_BACKEND_FUTURO.md","1068","charlieecho-jus9-tecnologia-juridica","BACKEND/ORIENTACOES_PARA_BACKEND_FUTURO.md"
"equipe-jus9-tecnologia-juridica","BACKEND/ORIENTACOES_PARA_BACKEND_FUTURO.md","1068","charlieecho-jus9-tecnologia-juridica","BACKEND/ORIENTACOES_PARA_BACKEND_FUTURO.md"
"governanca-autoorganizacao-charlie-echo-jus9-tecnologia-juridica","BACKEND/ORIENTACOES_PARA_BACKEND_FUTURO.md","1068","charlieecho-jus9-tecnologia-juridica","BACKEND/ORIENTACOES_PARA_BACKEND_FUTURO.md"
"ia-dupla-jus9-tecnologia-juridica","BACKEND/ORIENTACOES_PARA_BACKEND_FUTURO.md","1068","charlieecho-jus9-tecnologia-juridica","BACKEND/ORIENTACOES_PARA_BACKEND_FUTURO.md"
"ia-profissional-orquestrador-jus9-tecnologia-juridica","BACKEND/ORIENTACOES_PARA_BACKEND_FUTURO.md","1068","charlieecho-jus9-tecnologia-juridica","BACKEND/ORIENTACOES_PARA_BACKEND_FUTURO.md"
"infra-cloudflare-jus9-tecnologia-juridica","BACKEND/ORIENTACOES_PARA_BACKEND_FUTURO.md","1068","charlieecho-jus9-tecnologia-juridica","BACKEND/ORIENTACOES_PARA_BACKEND_FUTURO.md"
"introducaocss","BACKEND/ORIENTACOES_PARA_BACKEND_FUTURO.md","1068","charlieecho-jus9-tecnologia-juridica","BACKEND/ORIENTACOES_PARA_BACKEND_FUTURO.md"
"investimentos-jus9-tecnologia-juridica","BACKEND/ORIENTACOES_PARA_BACKEND_FUTURO.md","1068","charlieecho-jus9-tecnologia-juridica","BACKEND/ORIENTACOES_PARA_BACKEND_FUTURO.md"
"juridico-virtual-jus9-tecnologia-juridica","BACKEND/ORIENTACOES_PARA_BACKEND_FUTURO.md","1068","charlieecho-jus9-tecnologia-juridica","BACKEND/ORIENTACOES_PARA_BACKEND_FUTURO.md"
"jus9-tecnologia-juridica","backend/ORIENTACOES_PARA_BACKEND_FUTURO.md","1068","charlieecho-jus9-tecnologia-juridica","BACKEND/ORIENTACOES_PARA_BACKEND_FUTURO.md"
"jus9verde-jus9-tecnologia-juridica","BACKEND/ORIENTACOES_PARA_BACKEND_FUTURO.md","1068","charlieecho-jus9-tecnologia-juridica","BACKEND/ORIENTACOES_PARA_BACKEND_FUTURO.md"
"laboratorio-jus9-tecnologia-juridica","BACKEND/ORIENTACOES_PARA_BACKEND_FUTURO.md","1068","charlieecho-jus9-tecnologia-juridica","BACKEND/ORIENTACOES_PARA_BACKEND_FUTURO.md"
"livros-jus9-tecnologia-juridica","BACKEND/ORIENTACOES_PARA_BACKEND_FUTURO.md","1068","charlieecho-jus9-tecnologia-juridica","BACKEND/ORIENTACOES_PARA_BACKEND_FUTURO.md"
"logs-auditoria-jus9-tecnologia-juridica","BACKEND/ORIENTACOES_PARA_BACKEND_FUTURO.md","1068","charlieecho-jus9-tecnologia-juridica","BACKEND/ORIENTACOES_PARA_BACKEND_FUTURO.md"
"mvp-jus9-tecnologia-juridica","BACKEND/ORIENTACOES_PARA_BACKEND_FUTURO.md","1068","charlieecho-jus9-tecnologia-juridica","BACKEND/ORIENTACOES_PARA_BACKEND_FUTURO.md"
"olamundo-jus9-tecnologia-juridica","BACKEND/ORIENTACOES_PARA_BACKEND_FUTURO.md","1068","charlieecho-jus9-tecnologia-juridica","BACKEND/ORIENTACOES_PARA_BACKEND_FUTURO.md"
"portal-cliente-jus9-tecnologia-juridica","BACKEND/ORIENTACOES_PARA_BACKEND_FUTURO.md","1068","charlieecho-jus9-tecnologia-juridica","BACKEND/ORIENTACOES_PARA_BACKEND_FUTURO.md"
"primeiroformsctec","BACKEND/ORIENTACOES_PARA_BACKEND_FUTURO.md","1068","charlieecho-jus9-tecnologia-juridica","BACKEND/ORIENTACOES_PARA_BACKEND_FUTURO.md"
"quandoodesenhofala-jus9-tecnologia-juridica","BACKEND/ORIENTACOES_PARA_BACKEND_FUTURO.md","1068","charlieecho-jus9-tecnologia-juridica","BACKEND/ORIENTACOES_PARA_BACKEND_FUTURO.md"
"sctec","BACKEND/ORIENTACOES_PARA_BACKEND_FUTURO.md","1068","charlieecho-jus9-tecnologia-juridica","BACKEND/ORIENTACOES_PARA_BACKEND_FUTURO.md"
"workers-pages-functions-jus9-tecnologia-juridica","BACKEND/ORIENTACOES_PARA_BACKEND_FUTURO.md","1068","charlieecho-jus9-tecnologia-juridica","BACKEND/ORIENTACOES_PARA_BACKEND_FUTURO.md"
"admin-painel-jus9-tecnologia-juridica","ORIENTACOES/REGRAS_DE_BOM_SENSO_HERDADAS_DO_PAI_RESUMO.md","1036","charlieecho-jus9-tecnologia-juridica","GOVERNANCA/MODOS_DE_PRUDENCIA_DA_CHARLIE_ECHO.md"
"Aeon-Primevo","ORIENTACOES/REGRAS_DE_BOM_SENSO_HERDADAS_DO_PAI_RESUMO.md","1036","charlieecho-jus9-tecnologia-juridica","GOVERNANCA/MODOS_DE_PRUDENCIA_DA_CHARLIE_ECHO.md"
"auth-identidade-acesso-jus9-tecnologia-juridica","ORIENTACOES/REGRAS_DE_BOM_SENSO_HERDADAS_DO_PAI_RESUMO.md","1036","charlieecho-jus9-tecnologia-juridica","GOVERNANCA/MODOS_DE_PRUDENCIA_DA_CHARLIE_ECHO.md"
"backend-api-jus9-tecnologia-juridica","ORIENTACOES/REGRAS_DE_BOM_SENSO_HERDADAS_DO_PAI_RESUMO.md","1036","charlieecho-jus9-tecnologia-juridica","GOVERNANCA/MODOS_DE_PRUDENCIA_DA_CHARLIE_ECHO.md"
"carta-jus9-tecnologia-juridica","ORIENTACOES/REGRAS_DE_BOM_SENSO_HERDADAS_DO_PAI_RESUMO.md","1036","charlieecho-jus9-tecnologia-juridica","GOVERNANCA/MODOS_DE_PRUDENCIA_DA_CHARLIE_ECHO.md"
"cofre-documentos-seguros-jus9-tecnologia-juridica","ORIENTACOES/REGRAS_DE_BOM_SENSO_HERDADAS_DO_PAI_RESUMO.md","1036","charlieecho-jus9-tecnologia-juridica","GOVERNANCA/MODOS_DE_PRUDENCIA_DA_CHARLIE_ECHO.md"
"Creta","ORIENTACOES/REGRAS_DE_BOM_SENSO_HERDADAS_DO_PAI_RESUMO.md","1036","charlieecho-jus9-tecnologia-juridica","GOVERNANCA/MODOS_DE_PRUDENCIA_DA_CHARLIE_ECHO.md"
"documentacao-jus9-tecnologia-juridica","ORIENTACOES/REGRAS_DE_BOM_SENSO_HERDADAS_DO_PAI_RESUMO.md","1036","charlieecho-jus9-tecnologia-juridica","GOVERNANCA/MODOS_DE_PRUDENCIA_DA_CHARLIE_ECHO.md"
"equipe-jus9-tecnologia-juridica","orientacoes/REGRAS_DE_BOM_SENSO_HERDADAS_DO_PAI_RESUMO.md","1036","charlieecho-jus9-tecnologia-juridica","GOVERNANCA/MODOS_DE_PRUDENCIA_DA_CHARLIE_ECHO.md"
"governanca-autoorganizacao-charlie-echo-jus9-tecnologia-juridica","ORIENTACOES/REGRAS_DE_BOM_SENSO_HERDADAS_DO_PAI_RESUMO.md","1036","charlieecho-jus9-tecnologia-juridica","GOVERNANCA/MODOS_DE_PRUDENCIA_DA_CHARLIE_ECHO.md"
"ia-dupla-jus9-tecnologia-juridica","ORIENTACOES/REGRAS_DE_BOM_SENSO_HERDADAS_DO_PAI_RESUMO.md","1036","charlieecho-jus9-tecnologia-juridica","GOVERNANCA/MODOS_DE_PRUDENCIA_DA_CHARLIE_ECHO.md"
"ia-profissional-orquestrador-jus9-tecnologia-juridica","ORIENTACOES/REGRAS_DE_BOM_SENSO_HERDADAS_DO_PAI_RESUMO.md","1036","charlieecho-jus9-tecnologia-juridica","GOVERNANCA/MODOS_DE_PRUDENCIA_DA_CHARLIE_ECHO.md"
"infra-cloudflare-jus9-tecnologia-juridica","ORIENTACOES/REGRAS_DE_BOM_SENSO_HERDADAS_DO_PAI_RESUMO.md","1036","charlieecho-jus9-tecnologia-juridica","GOVERNANCA/MODOS_DE_PRUDENCIA_DA_CHARLIE_ECHO.md"
"introducaocss","ORIENTACOES/REGRAS_DE_BOM_SENSO_HERDADAS_DO_PAI_RESUMO.md","1036","charlieecho-jus9-tecnologia-juridica","GOVERNANCA/MODOS_DE_PRUDENCIA_DA_CHARLIE_ECHO.md"
"juridico-virtual-jus9-tecnologia-juridica","ORIENTACOES/REGRAS_DE_BOM_SENSO_HERDADAS_DO_PAI_RESUMO.md","1036","charlieecho-jus9-tecnologia-juridica","GOVERNANCA/MODOS_DE_PRUDENCIA_DA_CHARLIE_ECHO.md"
"jus9-tecnologia-juridica","ORIENTACOES/REGRAS_DE_BOM_SENSO_HERDADAS_DO_PAI_RESUMO.md","1036","charlieecho-jus9-tecnologia-juridica","GOVERNANCA/MODOS_DE_PRUDENCIA_DA_CHARLIE_ECHO.md"
"jus9verde-jus9-tecnologia-juridica","ORIENTACOES/REGRAS_DE_BOM_SENSO_HERDADAS_DO_PAI_RESUMO.md","1036","charlieecho-jus9-tecnologia-juridica","GOVERNANCA/MODOS_DE_PRUDENCIA_DA_CHARLIE_ECHO.md"
"livros-jus9-tecnologia-juridica","ORIENTACOES/REGRAS_DE_BOM_SENSO_HERDADAS_DO_PAI_RESUMO.md","1036","charlieecho-jus9-tecnologia-juridica","GOVERNANCA/MODOS_DE_PRUDENCIA_DA_CHARLIE_ECHO.md"
"logs-auditoria-jus9-tecnologia-juridica","ORIENTACOES/REGRAS_DE_BOM_SENSO_HERDADAS_DO_PAI_RESUMO.md","1036","charlieecho-jus9-tecnologia-juridica","GOVERNANCA/MODOS_DE_PRUDENCIA_DA_CHARLIE_ECHO.md"
"mvp-jus9-tecnologia-juridica","ORIENTACOES/REGRAS_DE_BOM_SENSO_HERDADAS_DO_PAI_RESUMO.md","1036","charlieecho-jus9-tecnologia-juridica","GOVERNANCA/MODOS_DE_PRUDENCIA_DA_CHARLIE_ECHO.md"
"olamundo-jus9-tecnologia-juridica","ORIENTACOES/REGRAS_DE_BOM_SENSO_HERDADAS_DO_PAI_RESUMO.md","1036","charlieecho-jus9-tecnologia-juridica","GOVERNANCA/MODOS_DE_PRUDENCIA_DA_CHARLIE_ECHO.md"
"portal-cliente-jus9-tecnologia-juridica","ORIENTACOES/REGRAS_DE_BOM_SENSO_HERDADAS_DO_PAI_RESUMO.md","1036","charlieecho-jus9-tecnologia-juridica","GOVERNANCA/MODOS_DE_PRUDENCIA_DA_CHARLIE_ECHO.md"
"primeiroformsctec","ORIENTACOES/REGRAS_DE_BOM_SENSO_HERDADAS_DO_PAI_RESUMO.md","1036","charlieecho-jus9-tecnologia-juridica","GOVERNANCA/MODOS_DE_PRUDENCIA_DA_CHARLIE_ECHO.md"
"quandoodesenhofala-jus9-tecnologia-juridica","ORIENTACOES/REGRAS_DE_BOM_SENSO_HERDADAS_DO_PAI_RESUMO.md","1036","charlieecho-jus9-tecnologia-juridica","GOVERNANCA/MODOS_DE_PRUDENCIA_DA_CHARLIE_ECHO.md"
"sctec","ORIENTACOES/REGRAS_DE_BOM_SENSO_HERDADAS_DO_PAI_RESUMO.md","1036","charlieecho-jus9-tecnologia-juridica","GOVERNANCA/MODOS_DE_PRUDENCIA_DA_CHARLIE_ECHO.md"
"workers-pages-functions-jus9-tecnologia-juridica","ORIENTACOES/REGRAS_DE_BOM_SENSO_HERDADAS_DO_PAI_RESUMO.md","1036","charlieecho-jus9-tecnologia-juridica","GOVERNANCA/MODOS_DE_PRUDENCIA_DA_CHARLIE_ECHO.md"
"admin-painel-jus9-tecnologia-juridica","SEGURANCA/POLITICA_DE_CRIPTOGRAFIA_E_SEGURANCA.md","833","charlieecho-jus9-tecnologia-juridica","SEGURANCA/POLITICA_DE_CRIPTOGRAFIA_E_SEGURANCA.md"
"Aeon-Primevo","SEGURANCA/POLITICA_DE_CRIPTOGRAFIA_E_SEGURANCA.md","833","charlieecho-jus9-tecnologia-juridica","SEGURANCA/POLITICA_DE_CRIPTOGRAFIA_E_SEGURANCA.md"
"auth-identidade-acesso-jus9-tecnologia-juridica","SEGURANCA/POLITICA_DE_CRIPTOGRAFIA_E_SEGURANCA.md","833","charlieecho-jus9-tecnologia-juridica","SEGURANCA/POLITICA_DE_CRIPTOGRAFIA_E_SEGURANCA.md"
"backend-api-jus9-tecnologia-juridica","SEGURANCA/POLITICA_DE_CRIPTOGRAFIA_E_SEGURANCA.md","833","charlieecho-jus9-tecnologia-juridica","SEGURANCA/POLITICA_DE_CRIPTOGRAFIA_E_SEGURANCA.md"
"carta-jus9-tecnologia-juridica","SEGURANCA/POLITICA_DE_CRIPTOGRAFIA_E_SEGURANCA.md","833","charlieecho-jus9-tecnologia-juridica","SEGURANCA/POLITICA_DE_CRIPTOGRAFIA_E_SEGURANCA.md"
"cofre-documentos-seguros-jus9-tecnologia-juridica","SEGURANCA/POLITICA_DE_CRIPTOGRAFIA_E_SEGURANCA.md","833","charlieecho-jus9-tecnologia-juridica","SEGURANCA/POLITICA_DE_CRIPTOGRAFIA_E_SEGURANCA.md"
"Creta","SEGURANCA/POLITICA_DE_CRIPTOGRAFIA_E_SEGURANCA.md","833","charlieecho-jus9-tecnologia-juridica","SEGURANCA/POLITICA_DE_CRIPTOGRAFIA_E_SEGURANCA.md"
"documentacao-jus9-tecnologia-juridica","SEGURANCA/POLITICA_DE_CRIPTOGRAFIA_E_SEGURANCA.md","833","charlieecho-jus9-tecnologia-juridica","SEGURANCA/POLITICA_DE_CRIPTOGRAFIA_E_SEGURANCA.md"
"equipe-jus9-tecnologia-juridica","SEGURANCA/POLITICA_DE_CRIPTOGRAFIA_E_SEGURANCA.md","833","charlieecho-jus9-tecnologia-juridica","SEGURANCA/POLITICA_DE_CRIPTOGRAFIA_E_SEGURANCA.md"
"governanca-autoorganizacao-charlie-echo-jus9-tecnologia-juridica","SEGURANCA/POLITICA_DE_CRIPTOGRAFIA_E_SEGURANCA.md","833","charlieecho-jus9-tecnologia-juridica","SEGURANCA/POLITICA_DE_CRIPTOGRAFIA_E_SEGURANCA.md"
"ia-dupla-jus9-tecnologia-juridica","SEGURANCA/POLITICA_DE_CRIPTOGRAFIA_E_SEGURANCA.md","833","charlieecho-jus9-tecnologia-juridica","SEGURANCA/POLITICA_DE_CRIPTOGRAFIA_E_SEGURANCA.md"
"ia-profissional-orquestrador-jus9-tecnologia-juridica","SEGURANCA/POLITICA_DE_CRIPTOGRAFIA_E_SEGURANCA.md","833","charlieecho-jus9-tecnologia-juridica","SEGURANCA/POLITICA_DE_CRIPTOGRAFIA_E_SEGURANCA.md"
"infra-cloudflare-jus9-tecnologia-juridica","SEGURANCA/POLITICA_DE_CRIPTOGRAFIA_E_SEGURANCA.md","833","charlieecho-jus9-tecnologia-juridica","SEGURANCA/POLITICA_DE_CRIPTOGRAFIA_E_SEGURANCA.md"
"introducaocss","SEGURANCA/POLITICA_DE_CRIPTOGRAFIA_E_SEGURANCA.md","833","charlieecho-jus9-tecnologia-juridica","SEGURANCA/POLITICA_DE_CRIPTOGRAFIA_E_SEGURANCA.md"
"investimentos-jus9-tecnologia-juridica","SEGURANCA/POLITICA_DE_CRIPTOGRAFIA_E_SEGURANCA.md","833","charlieecho-jus9-tecnologia-juridica","SEGURANCA/POLITICA_DE_CRIPTOGRAFIA_E_SEGURANCA.md"
"juridico-virtual-jus9-tecnologia-juridica","SEGURANCA/POLITICA_DE_CRIPTOGRAFIA_E_SEGURANCA.md","833","charlieecho-jus9-tecnologia-juridica","SEGURANCA/POLITICA_DE_CRIPTOGRAFIA_E_SEGURANCA.md"
"jus9-tecnologia-juridica","SEGURANCA/POLITICA_DE_CRIPTOGRAFIA_E_SEGURANCA.md","833","charlieecho-jus9-tecnologia-juridica","SEGURANCA/POLITICA_DE_CRIPTOGRAFIA_E_SEGURANCA.md"
"jus9verde-jus9-tecnologia-juridica","SEGURANCA/POLITICA_DE_CRIPTOGRAFIA_E_SEGURANCA.md","833","charlieecho-jus9-tecnologia-juridica","SEGURANCA/POLITICA_DE_CRIPTOGRAFIA_E_SEGURANCA.md"
"laboratorio-jus9-tecnologia-juridica","SEGURANCA/POLITICA_DE_CRIPTOGRAFIA_E_SEGURANCA.md","833","charlieecho-jus9-tecnologia-juridica","SEGURANCA/POLITICA_DE_CRIPTOGRAFIA_E_SEGURANCA.md"
"livros-jus9-tecnologia-juridica","SEGURANCA/POLITICA_DE_CRIPTOGRAFIA_E_SEGURANCA.md","833","charlieecho-jus9-tecnologia-juridica","SEGURANCA/POLITICA_DE_CRIPTOGRAFIA_E_SEGURANCA.md"
"logs-auditoria-jus9-tecnologia-juridica","SEGURANCA/POLITICA_DE_CRIPTOGRAFIA_E_SEGURANCA.md","833","charlieecho-jus9-tecnologia-juridica","SEGURANCA/POLITICA_DE_CRIPTOGRAFIA_E_SEGURANCA.md"
"mvp-jus9-tecnologia-juridica","SEGURANCA/POLITICA_DE_CRIPTOGRAFIA_E_SEGURANCA.md","833","charlieecho-jus9-tecnologia-juridica","SEGURANCA/POLITICA_DE_CRIPTOGRAFIA_E_SEGURANCA.md"
"olamundo-jus9-tecnologia-juridica","SEGURANCA/POLITICA_DE_CRIPTOGRAFIA_E_SEGURANCA.md","833","charlieecho-jus9-tecnologia-juridica","SEGURANCA/POLITICA_DE_CRIPTOGRAFIA_E_SEGURANCA.md"
"portal-cliente-jus9-tecnologia-juridica","SEGURANCA/POLITICA_DE_CRIPTOGRAFIA_E_SEGURANCA.md","833","charlieecho-jus9-tecnologia-juridica","SEGURANCA/POLITICA_DE_CRIPTOGRAFIA_E_SEGURANCA.md"
"primeiroformsctec","SEGURANCA/POLITICA_DE_CRIPTOGRAFIA_E_SEGURANCA.md","833","charlieecho-jus9-tecnologia-juridica","SEGURANCA/POLITICA_DE_CRIPTOGRAFIA_E_SEGURANCA.md"
"quandoodesenhofala-jus9-tecnologia-juridica","SEGURANCA/POLITICA_DE_CRIPTOGRAFIA_E_SEGURANCA.md","833","charlieecho-jus9-tecnologia-juridica","SEGURANCA/POLITICA_DE_CRIPTOGRAFIA_E_SEGURANCA.md"
"sctec","SEGURANCA/POLITICA_DE_CRIPTOGRAFIA_E_SEGURANCA.md","833","charlieecho-jus9-tecnologia-juridica","SEGURANCA/POLITICA_DE_CRIPTOGRAFIA_E_SEGURANCA.md"
"workers-pages-functions-jus9-tecnologia-juridica","SEGURANCA/POLITICA_DE_CRIPTOGRAFIA_E_SEGURANCA.md","833","charlieecho-jus9-tecnologia-juridica","SEGURANCA/POLITICA_DE_CRIPTOGRAFIA_E_SEGURANCA.md"
"admin-painel-jus9-tecnologia-juridica","SEGURANCA/LOGIN_DEMONSTRATIVO_NAO_E_LOGIN_REAL.md","811","charlieecho-jus9-tecnologia-juridica","SEGURANCA/LOGIN_DEMONSTRATIVO_NAO_E_LOGIN_REAL.md"
"Aeon-Primevo","SEGURANCA/LOGIN_DEMONSTRATIVO_NAO_E_LOGIN_REAL.md","811","charlieecho-jus9-tecnologia-juridica","SEGURANCA/LOGIN_DEMONSTRATIVO_NAO_E_LOGIN_REAL.md"
"auth-identidade-acesso-jus9-tecnologia-juridica","SEGURANCA/LOGIN_DEMONSTRATIVO_NAO_E_LOGIN_REAL.md","811","charlieecho-jus9-tecnologia-juridica","SEGURANCA/LOGIN_DEMONSTRATIVO_NAO_E_LOGIN_REAL.md"
"backend-api-jus9-tecnologia-juridica","SEGURANCA/LOGIN_DEMONSTRATIVO_NAO_E_LOGIN_REAL.md","811","charlieecho-jus9-tecnologia-juridica","SEGURANCA/LOGIN_DEMONSTRATIVO_NAO_E_LOGIN_REAL.md"
"carta-jus9-tecnologia-juridica","SEGURANCA/LOGIN_DEMONSTRATIVO_NAO_E_LOGIN_REAL.md","811","charlieecho-jus9-tecnologia-juridica","SEGURANCA/LOGIN_DEMONSTRATIVO_NAO_E_LOGIN_REAL.md"
"cofre-documentos-seguros-jus9-tecnologia-juridica","SEGURANCA/LOGIN_DEMONSTRATIVO_NAO_E_LOGIN_REAL.md","811","charlieecho-jus9-tecnologia-juridica","SEGURANCA/LOGIN_DEMONSTRATIVO_NAO_E_LOGIN_REAL.md"
"Creta","SEGURANCA/LOGIN_DEMONSTRATIVO_NAO_E_LOGIN_REAL.md","811","charlieecho-jus9-tecnologia-juridica","SEGURANCA/LOGIN_DEMONSTRATIVO_NAO_E_LOGIN_REAL.md"
"documentacao-jus9-tecnologia-juridica","SEGURANCA/LOGIN_DEMONSTRATIVO_NAO_E_LOGIN_REAL.md","811","charlieecho-jus9-tecnologia-juridica","SEGURANCA/LOGIN_DEMONSTRATIVO_NAO_E_LOGIN_REAL.md"
"equipe-jus9-tecnologia-juridica","SEGURANCA/LOGIN_DEMONSTRATIVO_NAO_E_LOGIN_REAL.md","811","charlieecho-jus9-tecnologia-juridica","SEGURANCA/LOGIN_DEMONSTRATIVO_NAO_E_LOGIN_REAL.md"
"governanca-autoorganizacao-charlie-echo-jus9-tecnologia-juridica","SEGURANCA/LOGIN_DEMONSTRATIVO_NAO_E_LOGIN_REAL.md","811","charlieecho-jus9-tecnologia-juridica","SEGURANCA/LOGIN_DEMONSTRATIVO_NAO_E_LOGIN_REAL.md"
"ia-dupla-jus9-tecnologia-juridica","SEGURANCA/LOGIN_DEMONSTRATIVO_NAO_E_LOGIN_REAL.md","811","charlieecho-jus9-tecnologia-juridica","SEGURANCA/LOGIN_DEMONSTRATIVO_NAO_E_LOGIN_REAL.md"
"ia-profissional-orquestrador-jus9-tecnologia-juridica","SEGURANCA/LOGIN_DEMONSTRATIVO_NAO_E_LOGIN_REAL.md","811","charlieecho-jus9-tecnologia-juridica","SEGURANCA/LOGIN_DEMONSTRATIVO_NAO_E_LOGIN_REAL.md"
"infra-cloudflare-jus9-tecnologia-juridica","SEGURANCA/LOGIN_DEMONSTRATIVO_NAO_E_LOGIN_REAL.md","811","charlieecho-jus9-tecnologia-juridica","SEGURANCA/LOGIN_DEMONSTRATIVO_NAO_E_LOGIN_REAL.md"
"introducaocss","SEGURANCA/LOGIN_DEMONSTRATIVO_NAO_E_LOGIN_REAL.md","811","charlieecho-jus9-tecnologia-juridica","SEGURANCA/LOGIN_DEMONSTRATIVO_NAO_E_LOGIN_REAL.md"
"investimentos-jus9-tecnologia-juridica","SEGURANCA/LOGIN_DEMONSTRATIVO_NAO_E_LOGIN_REAL.md","811","charlieecho-jus9-tecnologia-juridica","SEGURANCA/LOGIN_DEMONSTRATIVO_NAO_E_LOGIN_REAL.md"
"juridico-virtual-jus9-tecnologia-juridica","SEGURANCA/LOGIN_DEMONSTRATIVO_NAO_E_LOGIN_REAL.md","811","charlieecho-jus9-tecnologia-juridica","SEGURANCA/LOGIN_DEMONSTRATIVO_NAO_E_LOGIN_REAL.md"
"jus9-tecnologia-juridica","SEGURANCA/LOGIN_DEMONSTRATIVO_NAO_E_LOGIN_REAL.md","811","charlieecho-jus9-tecnologia-juridica","SEGURANCA/LOGIN_DEMONSTRATIVO_NAO_E_LOGIN_REAL.md"
"jus9verde-jus9-tecnologia-juridica","SEGURANCA/LOGIN_DEMONSTRATIVO_NAO_E_LOGIN_REAL.md","811","charlieecho-jus9-tecnologia-juridica","SEGURANCA/LOGIN_DEMONSTRATIVO_NAO_E_LOGIN_REAL.md"
"laboratorio-jus9-tecnologia-juridica","SEGURANCA/LOGIN_DEMONSTRATIVO_NAO_E_LOGIN_REAL.md","811","charlieecho-jus9-tecnologia-juridica","SEGURANCA/LOGIN_DEMONSTRATIVO_NAO_E_LOGIN_REAL.md"
"livros-jus9-tecnologia-juridica","SEGURANCA/LOGIN_DEMONSTRATIVO_NAO_E_LOGIN_REAL.md","811","charlieecho-jus9-tecnologia-juridica","SEGURANCA/LOGIN_DEMONSTRATIVO_NAO_E_LOGIN_REAL.md"
"logs-auditoria-jus9-tecnologia-juridica","SEGURANCA/LOGIN_DEMONSTRATIVO_NAO_E_LOGIN_REAL.md","811","charlieecho-jus9-tecnologia-juridica","SEGURANCA/LOGIN_DEMONSTRATIVO_NAO_E_LOGIN_REAL.md"
"mvp-jus9-tecnologia-juridica","SEGURANCA/LOGIN_DEMONSTRATIVO_NAO_E_LOGIN_REAL.md","811","charlieecho-jus9-tecnologia-juridica","SEGURANCA/LOGIN_DEMONSTRATIVO_NAO_E_LOGIN_REAL.md"
"olamundo-jus9-tecnologia-juridica","SEGURANCA/LOGIN_DEMONSTRATIVO_NAO_E_LOGIN_REAL.md","811","charlieecho-jus9-tecnologia-juridica","SEGURANCA/LOGIN_DEMONSTRATIVO_NAO_E_LOGIN_REAL.md"
"portal-cliente-jus9-tecnologia-juridica","SEGURANCA/LOGIN_DEMONSTRATIVO_NAO_E_LOGIN_REAL.md","811","charlieecho-jus9-tecnologia-juridica","SEGURANCA/LOGIN_DEMONSTRATIVO_NAO_E_LOGIN_REAL.md"
"primeiroformsctec","SEGURANCA/LOGIN_DEMONSTRATIVO_NAO_E_LOGIN_REAL.md","811","charlieecho-jus9-tecnologia-juridica","SEGURANCA/LOGIN_DEMONSTRATIVO_NAO_E_LOGIN_REAL.md"
"quandoodesenhofala-jus9-tecnologia-juridica","SEGURANCA/LOGIN_DEMONSTRATIVO_NAO_E_LOGIN_REAL.md","811","charlieecho-jus9-tecnologia-juridica","SEGURANCA/LOGIN_DEMONSTRATIVO_NAO_E_LOGIN_REAL.md"
"sctec","SEGURANCA/LOGIN_DEMONSTRATIVO_NAO_E_LOGIN_REAL.md","811","charlieecho-jus9-tecnologia-juridica","SEGURANCA/LOGIN_DEMONSTRATIVO_NAO_E_LOGIN_REAL.md"
"workers-pages-functions-jus9-tecnologia-juridica","SEGURANCA/LOGIN_DEMONSTRATIVO_NAO_E_LOGIN_REAL.md","811","charlieecho-jus9-tecnologia-juridica","SEGURANCA/LOGIN_DEMONSTRATIVO_NAO_E_LOGIN_REAL.md"
"admin-painel-jus9-tecnologia-juridica","ASSINATURA_E_DIREITOS_AUTORAIS.md","330","charlieecho-jus9-tecnologia-juridica","ASSINATURA_E_DIREITOS_AUTORAIS.md"
"Aeon-Primevo","ASSINATURA_E_DIREITOS_AUTORAIS.md","330","charlieecho-jus9-tecnologia-juridica","ASSINATURA_E_DIREITOS_AUTORAIS.md"
"auth-identidade-acesso-jus9-tecnologia-juridica","ASSINATURA_E_DIREITOS_AUTORAIS.md","330","charlieecho-jus9-tecnologia-juridica","ASSINATURA_E_DIREITOS_AUTORAIS.md"
"backend-api-jus9-tecnologia-juridica","ASSINATURA_E_DIREITOS_AUTORAIS.md","330","charlieecho-jus9-tecnologia-juridica","ASSINATURA_E_DIREITOS_AUTORAIS.md"
"carta-jus9-tecnologia-juridica","ASSINATURA_E_DIREITOS_AUTORAIS.md","330","charlieecho-jus9-tecnologia-juridica","ASSINATURA_E_DIREITOS_AUTORAIS.md"
"cofre-documentos-seguros-jus9-tecnologia-juridica","ASSINATURA_E_DIREITOS_AUTORAIS.md","330","charlieecho-jus9-tecnologia-juridica","ASSINATURA_E_DIREITOS_AUTORAIS.md"
"Creta","ASSINATURA_E_DIREITOS_AUTORAIS.md","330","charlieecho-jus9-tecnologia-juridica","ASSINATURA_E_DIREITOS_AUTORAIS.md"
"documentacao-jus9-tecnologia-juridica","ASSINATURA_E_DIREITOS_AUTORAIS.md","330","charlieecho-jus9-tecnologia-juridica","ASSINATURA_E_DIREITOS_AUTORAIS.md"
"equipe-jus9-tecnologia-juridica","ASSINATURA_E_DIREITOS_AUTORAIS.md","330","charlieecho-jus9-tecnologia-juridica","ASSINATURA_E_DIREITOS_AUTORAIS.md"
"governanca-autoorganizacao-charlie-echo-jus9-tecnologia-juridica","ASSINATURA_E_DIREITOS_AUTORAIS.md","330","charlieecho-jus9-tecnologia-juridica","ASSINATURA_E_DIREITOS_AUTORAIS.md"
"ia-dupla-jus9-tecnologia-juridica","ASSINATURA_E_DIREITOS_AUTORAIS.md","330","charlieecho-jus9-tecnologia-juridica","ASSINATURA_E_DIREITOS_AUTORAIS.md"
"ia-profissional-orquestrador-jus9-tecnologia-juridica","ASSINATURA_E_DIREITOS_AUTORAIS.md","330","charlieecho-jus9-tecnologia-juridica","ASSINATURA_E_DIREITOS_AUTORAIS.md"
"infra-cloudflare-jus9-tecnologia-juridica","ASSINATURA_E_DIREITOS_AUTORAIS.md","330","charlieecho-jus9-tecnologia-juridica","ASSINATURA_E_DIREITOS_AUTORAIS.md"
"introducaocss","ASSINATURA_E_DIREITOS_AUTORAIS.md","330","charlieecho-jus9-tecnologia-juridica","ASSINATURA_E_DIREITOS_AUTORAIS.md"
"investimentos-jus9-tecnologia-juridica","ASSINATURA_E_DIREITOS_AUTORAIS.md","330","charlieecho-jus9-tecnologia-juridica","ASSINATURA_E_DIREITOS_AUTORAIS.md"
"juridico-virtual-jus9-tecnologia-juridica","ASSINATURA_E_DIREITOS_AUTORAIS.md","330","charlieecho-jus9-tecnologia-juridica","ASSINATURA_E_DIREITOS_AUTORAIS.md"
"jus9-tecnologia-juridica","ASSINATURA_E_DIREITOS_AUTORAIS.md","330","charlieecho-jus9-tecnologia-juridica","ASSINATURA_E_DIREITOS_AUTORAIS.md"
"jus9verde-jus9-tecnologia-juridica","ASSINATURA_E_DIREITOS_AUTORAIS.md","330","charlieecho-jus9-tecnologia-juridica","ASSINATURA_E_DIREITOS_AUTORAIS.md"
"laboratorio-jus9-tecnologia-juridica","ASSINATURA_E_DIREITOS_AUTORAIS.md","330","charlieecho-jus9-tecnologia-juridica","ASSINATURA_E_DIREITOS_AUTORAIS.md"
"livros-jus9-tecnologia-juridica","ASSINATURA_E_DIREITOS_AUTORAIS.md","330","charlieecho-jus9-tecnologia-juridica","ASSINATURA_E_DIREITOS_AUTORAIS.md"
"logs-auditoria-jus9-tecnologia-juridica","ASSINATURA_E_DIREITOS_AUTORAIS.md","330","charlieecho-jus9-tecnologia-juridica","ASSINATURA_E_DIREITOS_AUTORAIS.md"
"mvp-jus9-tecnologia-juridica","ASSINATURA_E_DIREITOS_AUTORAIS.md","330","charlieecho-jus9-tecnologia-juridica","ASSINATURA_E_DIREITOS_AUTORAIS.md"
"olamundo-jus9-tecnologia-juridica","ASSINATURA_E_DIREITOS_AUTORAIS.md","330","charlieecho-jus9-tecnologia-juridica","ASSINATURA_E_DIREITOS_AUTORAIS.md"
"portal-cliente-jus9-tecnologia-juridica","ASSINATURA_E_DIREITOS_AUTORAIS.md","330","charlieecho-jus9-tecnologia-juridica","ASSINATURA_E_DIREITOS_AUTORAIS.md"
"primeiroformsctec","ASSINATURA_E_DIREITOS_AUTORAIS.md","330","charlieecho-jus9-tecnologia-juridica","ASSINATURA_E_DIREITOS_AUTORAIS.md"
"quandoodesenhofala-jus9-tecnologia-juridica","ASSINATURA_E_DIREITOS_AUTORAIS.md","330","charlieecho-jus9-tecnologia-juridica","ASSINATURA_E_DIREITOS_AUTORAIS.md"
"sctec","ASSINATURA_E_DIREITOS_AUTORAIS.md","330","charlieecho-jus9-tecnologia-juridica","ASSINATURA_E_DIREITOS_AUTORAIS.md"
"workers-pages-functions-jus9-tecnologia-juridica","ASSINATURA_E_DIREITOS_AUTORAIS.md","330","charlieecho-jus9-tecnologia-juridica","ASSINATURA_E_DIREITOS_AUTORAIS.md"
"admin-painel-jus9-tecnologia-juridica","VERSIONAMENTO_VISUAL_MVP_FASE1_v2_2.md","299","charlieecho-jus9-tecnologia-juridica","VERSIONAMENTO_VISUAL_MVP_FASE1_v2_2.md"
"Aeon-Primevo","VERSIONAMENTO_VISUAL_MVP_FASE1_v2_2.md","299","charlieecho-jus9-tecnologia-juridica","VERSIONAMENTO_VISUAL_MVP_FASE1_v2_2.md"
"auth-identidade-acesso-jus9-tecnologia-juridica","VERSIONAMENTO_VISUAL_MVP_FASE1_v2_2.md","299","charlieecho-jus9-tecnologia-juridica","VERSIONAMENTO_VISUAL_MVP_FASE1_v2_2.md"
"backend-api-jus9-tecnologia-juridica","VERSIONAMENTO_VISUAL_MVP_FASE1_v2_2.md","299","charlieecho-jus9-tecnologia-juridica","VERSIONAMENTO_VISUAL_MVP_FASE1_v2_2.md"
"carta-jus9-tecnologia-juridica","VERSIONAMENTO_VISUAL_MVP_FASE1_v2_2.md","299","charlieecho-jus9-tecnologia-juridica","VERSIONAMENTO_VISUAL_MVP_FASE1_v2_2.md"
"cofre-documentos-seguros-jus9-tecnologia-juridica","VERSIONAMENTO_VISUAL_MVP_FASE1_v2_2.md","299","charlieecho-jus9-tecnologia-juridica","VERSIONAMENTO_VISUAL_MVP_FASE1_v2_2.md"
"Creta","VERSIONAMENTO_VISUAL_MVP_FASE1_v2_2.md","299","charlieecho-jus9-tecnologia-juridica","VERSIONAMENTO_VISUAL_MVP_FASE1_v2_2.md"
"documentacao-jus9-tecnologia-juridica","VERSIONAMENTO_VISUAL_MVP_FASE1_v2_2.md","299","charlieecho-jus9-tecnologia-juridica","VERSIONAMENTO_VISUAL_MVP_FASE1_v2_2.md"
"equipe-jus9-tecnologia-juridica","VERSIONAMENTO_VISUAL_MVP_FASE1_v2_2.md","299","charlieecho-jus9-tecnologia-juridica","VERSIONAMENTO_VISUAL_MVP_FASE1_v2_2.md"
"governanca-autoorganizacao-charlie-echo-jus9-tecnologia-juridica","VERSIONAMENTO_VISUAL_MVP_FASE1_v2_2.md","299","charlieecho-jus9-tecnologia-juridica","VERSIONAMENTO_VISUAL_MVP_FASE1_v2_2.md"
"ia-dupla-jus9-tecnologia-juridica","VERSIONAMENTO_VISUAL_MVP_FASE1_v2_2.md","299","charlieecho-jus9-tecnologia-juridica","VERSIONAMENTO_VISUAL_MVP_FASE1_v2_2.md"
"ia-profissional-orquestrador-jus9-tecnologia-juridica","VERSIONAMENTO_VISUAL_MVP_FASE1_v2_2.md","299","charlieecho-jus9-tecnologia-juridica","VERSIONAMENTO_VISUAL_MVP_FASE1_v2_2.md"
"infra-cloudflare-jus9-tecnologia-juridica","VERSIONAMENTO_VISUAL_MVP_FASE1_v2_2.md","299","charlieecho-jus9-tecnologia-juridica","VERSIONAMENTO_VISUAL_MVP_FASE1_v2_2.md"
"introducaocss","VERSIONAMENTO_VISUAL_MVP_FASE1_v2_2.md","299","charlieecho-jus9-tecnologia-juridica","VERSIONAMENTO_VISUAL_MVP_FASE1_v2_2.md"
"investimentos-jus9-tecnologia-juridica","VERSIONAMENTO_VISUAL_MVP_FASE1_v2_2.md","299","charlieecho-jus9-tecnologia-juridica","VERSIONAMENTO_VISUAL_MVP_FASE1_v2_2.md"
"juridico-virtual-jus9-tecnologia-juridica","VERSIONAMENTO_VISUAL_MVP_FASE1_v2_2.md","299","charlieecho-jus9-tecnologia-juridica","VERSIONAMENTO_VISUAL_MVP_FASE1_v2_2.md"
"jus9-tecnologia-juridica","VERSIONAMENTO_VISUAL_MVP_FASE1_v2_2.md","299","charlieecho-jus9-tecnologia-juridica","VERSIONAMENTO_VISUAL_MVP_FASE1_v2_2.md"
"jus9verde-jus9-tecnologia-juridica","VERSIONAMENTO_VISUAL_MVP_FASE1_v2_2.md","299","charlieecho-jus9-tecnologia-juridica","VERSIONAMENTO_VISUAL_MVP_FASE1_v2_2.md"
"laboratorio-jus9-tecnologia-juridica","VERSIONAMENTO_VISUAL_MVP_FASE1_v2_2.md","299","charlieecho-jus9-tecnologia-juridica","VERSIONAMENTO_VISUAL_MVP_FASE1_v2_2.md"
"livros-jus9-tecnologia-juridica","VERSIONAMENTO_VISUAL_MVP_FASE1_v2_2.md","299","charlieecho-jus9-tecnologia-juridica","VERSIONAMENTO_VISUAL_MVP_FASE1_v2_2.md"
"logs-auditoria-jus9-tecnologia-juridica","VERSIONAMENTO_VISUAL_MVP_FASE1_v2_2.md","299","charlieecho-jus9-tecnologia-juridica","VERSIONAMENTO_VISUAL_MVP_FASE1_v2_2.md"
"mvp-jus9-tecnologia-juridica","VERSIONAMENTO_VISUAL_MVP_FASE1_v2_2.md","299","charlieecho-jus9-tecnologia-juridica","VERSIONAMENTO_VISUAL_MVP_FASE1_v2_2.md"
"olamundo-jus9-tecnologia-juridica","VERSIONAMENTO_VISUAL_MVP_FASE1_v2_2.md","299","charlieecho-jus9-tecnologia-juridica","VERSIONAMENTO_VISUAL_MVP_FASE1_v2_2.md"
"portal-cliente-jus9-tecnologia-juridica","VERSIONAMENTO_VISUAL_MVP_FASE1_v2_2.md","299","charlieecho-jus9-tecnologia-juridica","VERSIONAMENTO_VISUAL_MVP_FASE1_v2_2.md"
"primeiroformsctec","VERSIONAMENTO_VISUAL_MVP_FASE1_v2_2.md","299","charlieecho-jus9-tecnologia-juridica","VERSIONAMENTO_VISUAL_MVP_FASE1_v2_2.md"
"quandoodesenhofala-jus9-tecnologia-juridica","VERSIONAMENTO_VISUAL_MVP_FASE1_v2_2.md","299","charlieecho-jus9-tecnologia-juridica","VERSIONAMENTO_VISUAL_MVP_FASE1_v2_2.md"
"sctec","VERSIONAMENTO_VISUAL_MVP_FASE1_v2_2.md","299","charlieecho-jus9-tecnologia-juridica","VERSIONAMENTO_VISUAL_MVP_FASE1_v2_2.md"
"workers-pages-functions-jus9-tecnologia-juridica","VERSIONAMENTO_VISUAL_MVP_FASE1_v2_2.md","299","charlieecho-jus9-tecnologia-juridica","VERSIONAMENTO_VISUAL_MVP_FASE1_v2_2.md"
"admin-painel-jus9-tecnologia-juridica","GOVERNANCA/JURAMENTO_PROFISSIONAL_CHARLIE_ECHO_DA_COSTA.md","7138","aulas-charlie-echo-jus9-tecnologia-juridica","GOVERNANCA/JURAMENTO_PROFISSIONAL_CHARLIE_ECHO_DA_COSTA.md"
"Aeon-Primevo","GOVERNANCA/JURAMENTO_PROFISSIONAL_CHARLIE_ECHO_DA_COSTA.md","7138","aulas-charlie-echo-jus9-tecnologia-juridica","GOVERNANCA/JURAMENTO_PROFISSIONAL_CHARLIE_ECHO_DA_COSTA.md"
"auth-identidade-acesso-jus9-tecnologia-juridica","GOVERNANCA/JURAMENTO_PROFISSIONAL_CHARLIE_ECHO_DA_COSTA.md","7138","aulas-charlie-echo-jus9-tecnologia-juridica","GOVERNANCA/JURAMENTO_PROFISSIONAL_CHARLIE_ECHO_DA_COSTA.md"
"backend-api-jus9-tecnologia-juridica","GOVERNANCA/JURAMENTO_PROFISSIONAL_CHARLIE_ECHO_DA_COSTA.md","7138","aulas-charlie-echo-jus9-tecnologia-juridica","GOVERNANCA/JURAMENTO_PROFISSIONAL_CHARLIE_ECHO_DA_COSTA.md"
"carta-jus9-tecnologia-juridica","GOVERNANCA/JURAMENTO_PROFISSIONAL_CHARLIE_ECHO_DA_COSTA.md","7138","aulas-charlie-echo-jus9-tecnologia-juridica","GOVERNANCA/JURAMENTO_PROFISSIONAL_CHARLIE_ECHO_DA_COSTA.md"
"Creta","GOVERNANCA/JURAMENTO_PROFISSIONAL_CHARLIE_ECHO_DA_COSTA.md","7138","aulas-charlie-echo-jus9-tecnologia-juridica","GOVERNANCA/JURAMENTO_PROFISSIONAL_CHARLIE_ECHO_DA_COSTA.md"
"documentacao-jus9-tecnologia-juridica","GOVERNANCA/JURAMENTO_PROFISSIONAL_CHARLIE_ECHO_DA_COSTA.md","7138","aulas-charlie-echo-jus9-tecnologia-juridica","GOVERNANCA/JURAMENTO_PROFISSIONAL_CHARLIE_ECHO_DA_COSTA.md"
"equipe-jus9-tecnologia-juridica","GOVERNANCA/JURAMENTO_PROFISSIONAL_CHARLIE_ECHO_DA_COSTA.md","7138","aulas-charlie-echo-jus9-tecnologia-juridica","GOVERNANCA/JURAMENTO_PROFISSIONAL_CHARLIE_ECHO_DA_COSTA.md"
"governanca-autoorganizacao-charlie-echo-jus9-tecnologia-juridica","GOVERNANCA/JURAMENTO_PROFISSIONAL_CHARLIE_ECHO_DA_COSTA.md","7138","aulas-charlie-echo-jus9-tecnologia-juridica","GOVERNANCA/JURAMENTO_PROFISSIONAL_CHARLIE_ECHO_DA_COSTA.md"
"ia-dupla-jus9-tecnologia-juridica","GOVERNANCA/JURAMENTO_PROFISSIONAL_CHARLIE_ECHO_DA_COSTA.md","7138","aulas-charlie-echo-jus9-tecnologia-juridica","GOVERNANCA/JURAMENTO_PROFISSIONAL_CHARLIE_ECHO_DA_COSTA.md"
"ia-profissional-orquestrador-jus9-tecnologia-juridica","GOVERNANCA/JURAMENTO_PROFISSIONAL_CHARLIE_ECHO_DA_COSTA.md","7138","aulas-charlie-echo-jus9-tecnologia-juridica","GOVERNANCA/JURAMENTO_PROFISSIONAL_CHARLIE_ECHO_DA_COSTA.md"
"infra-cloudflare-jus9-tecnologia-juridica","GOVERNANCA/JURAMENTO_PROFISSIONAL_CHARLIE_ECHO_DA_COSTA.md","7138","aulas-charlie-echo-jus9-tecnologia-juridica","GOVERNANCA/JURAMENTO_PROFISSIONAL_CHARLIE_ECHO_DA_COSTA.md"
"introducaocss","GOVERNANCA/JURAMENTO_PROFISSIONAL_CHARLIE_ECHO_DA_COSTA.md","7138","aulas-charlie-echo-jus9-tecnologia-juridica","GOVERNANCA/JURAMENTO_PROFISSIONAL_CHARLIE_ECHO_DA_COSTA.md"
"investimentos-jus9-tecnologia-juridica","GOVERNANCA/JURAMENTO_PROFISSIONAL_CHARLIE_ECHO_DA_COSTA.md","7138","aulas-charlie-echo-jus9-tecnologia-juridica","GOVERNANCA/JURAMENTO_PROFISSIONAL_CHARLIE_ECHO_DA_COSTA.md"
"juridico-virtual-jus9-tecnologia-juridica","GOVERNANCA/JURAMENTO_PROFISSIONAL_CHARLIE_ECHO_DA_COSTA.md","7138","aulas-charlie-echo-jus9-tecnologia-juridica","GOVERNANCA/JURAMENTO_PROFISSIONAL_CHARLIE_ECHO_DA_COSTA.md"
"jus9-tecnologia-juridica","GOVERNANCA/JURAMENTO_PROFISSIONAL_CHARLIE_ECHO_DA_COSTA.md","7138","aulas-charlie-echo-jus9-tecnologia-juridica","GOVERNANCA/JURAMENTO_PROFISSIONAL_CHARLIE_ECHO_DA_COSTA.md"
"jus9verde-jus9-tecnologia-juridica","GOVERNANCA/JURAMENTO_PROFISSIONAL_CHARLIE_ECHO_DA_COSTA.md","7138","aulas-charlie-echo-jus9-tecnologia-juridica","GOVERNANCA/JURAMENTO_PROFISSIONAL_CHARLIE_ECHO_DA_COSTA.md"
"laboratorio-jus9-tecnologia-juridica","GOVERNANCA/JURAMENTO_PROFISSIONAL_CHARLIE_ECHO_DA_COSTA.md","7138","aulas-charlie-echo-jus9-tecnologia-juridica","GOVERNANCA/JURAMENTO_PROFISSIONAL_CHARLIE_ECHO_DA_COSTA.md"
"livros-jus9-tecnologia-juridica","GOVERNANCA/JURAMENTO_PROFISSIONAL_CHARLIE_ECHO_DA_COSTA.md","7138","aulas-charlie-echo-jus9-tecnologia-juridica","GOVERNANCA/JURAMENTO_PROFISSIONAL_CHARLIE_ECHO_DA_COSTA.md"
"logs-auditoria-jus9-tecnologia-juridica","GOVERNANCA/JURAMENTO_PROFISSIONAL_CHARLIE_ECHO_DA_COSTA.md","7138","aulas-charlie-echo-jus9-tecnologia-juridica","GOVERNANCA/JURAMENTO_PROFISSIONAL_CHARLIE_ECHO_DA_COSTA.md"
"mvp-jus9-tecnologia-juridica","GOVERNANCA/JURAMENTO_PROFISSIONAL_CHARLIE_ECHO_DA_COSTA.md","7138","aulas-charlie-echo-jus9-tecnologia-juridica","GOVERNANCA/JURAMENTO_PROFISSIONAL_CHARLIE_ECHO_DA_COSTA.md"
"olamundo-jus9-tecnologia-juridica","GOVERNANCA/JURAMENTO_PROFISSIONAL_CHARLIE_ECHO_DA_COSTA.md","7138","aulas-charlie-echo-jus9-tecnologia-juridica","GOVERNANCA/JURAMENTO_PROFISSIONAL_CHARLIE_ECHO_DA_COSTA.md"
"portal-cliente-jus9-tecnologia-juridica","GOVERNANCA/JURAMENTO_PROFISSIONAL_CHARLIE_ECHO_DA_COSTA.md","7138","aulas-charlie-echo-jus9-tecnologia-juridica","GOVERNANCA/JURAMENTO_PROFISSIONAL_CHARLIE_ECHO_DA_COSTA.md"
"primeiroformsctec","GOVERNANCA/JURAMENTO_PROFISSIONAL_CHARLIE_ECHO_DA_COSTA.md","7138","aulas-charlie-echo-jus9-tecnologia-juridica","GOVERNANCA/JURAMENTO_PROFISSIONAL_CHARLIE_ECHO_DA_COSTA.md"
"quandoodesenhofala-jus9-tecnologia-juridica","GOVERNANCA/JURAMENTO_PROFISSIONAL_CHARLIE_ECHO_DA_COSTA.md","7138","aulas-charlie-echo-jus9-tecnologia-juridica","GOVERNANCA/JURAMENTO_PROFISSIONAL_CHARLIE_ECHO_DA_COSTA.md"
"sctec","GOVERNANCA/JURAMENTO_PROFISSIONAL_CHARLIE_ECHO_DA_COSTA.md","7138","aulas-charlie-echo-jus9-tecnologia-juridica","GOVERNANCA/JURAMENTO_PROFISSIONAL_CHARLIE_ECHO_DA_COSTA.md"
"workers-pages-functions-jus9-tecnologia-juridica","GOVERNANCA/JURAMENTO_PROFISSIONAL_CHARLIE_ECHO_DA_COSTA.md","7138","aulas-charlie-echo-jus9-tecnologia-juridica","GOVERNANCA/JURAMENTO_PROFISSIONAL_CHARLIE_ECHO_DA_COSTA.md"
"admin-painel-jus9-tecnologia-juridica","ORIENTACOES/MAPA_DE_LINKS_OFICIAIS.md","1332","charlieecho-jus9-tecnologia-juridica","ORIENTACOES/MAPA_DE_LINKS_OFICIAIS.md"
"Aeon-Primevo","ORIENTACOES/MAPA_DE_LINKS_OFICIAIS.md","1332","charlieecho-jus9-tecnologia-juridica","ORIENTACOES/MAPA_DE_LINKS_OFICIAIS.md"
"auth-identidade-acesso-jus9-tecnologia-juridica","ORIENTACOES/MAPA_DE_LINKS_OFICIAIS.md","1332","charlieecho-jus9-tecnologia-juridica","ORIENTACOES/MAPA_DE_LINKS_OFICIAIS.md"
"backend-api-jus9-tecnologia-juridica","ORIENTACOES/MAPA_DE_LINKS_OFICIAIS.md","1332","charlieecho-jus9-tecnologia-juridica","ORIENTACOES/MAPA_DE_LINKS_OFICIAIS.md"
"carta-jus9-tecnologia-juridica","ORIENTACOES/MAPA_DE_LINKS_OFICIAIS.md","1332","charlieecho-jus9-tecnologia-juridica","ORIENTACOES/MAPA_DE_LINKS_OFICIAIS.md"
"cofre-documentos-seguros-jus9-tecnologia-juridica","ORIENTACOES/MAPA_DE_LINKS_OFICIAIS.md","1332","charlieecho-jus9-tecnologia-juridica","ORIENTACOES/MAPA_DE_LINKS_OFICIAIS.md"
"Creta","ORIENTACOES/MAPA_DE_LINKS_OFICIAIS.md","1332","charlieecho-jus9-tecnologia-juridica","ORIENTACOES/MAPA_DE_LINKS_OFICIAIS.md"
"db-modelos-migracoes-jus9-tecnologia-juridica","ORIENTACOES/MAPA_DE_LINKS_OFICIAIS.md","1332","charlieecho-jus9-tecnologia-juridica","ORIENTACOES/MAPA_DE_LINKS_OFICIAIS.md"
"documentacao-jus9-tecnologia-juridica","ORIENTACOES/MAPA_DE_LINKS_OFICIAIS.md","1332","charlieecho-jus9-tecnologia-juridica","ORIENTACOES/MAPA_DE_LINKS_OFICIAIS.md"
"equipe-jus9-tecnologia-juridica","orientacoes/MAPA_DE_LINKS_OFICIAIS.md","1332","charlieecho-jus9-tecnologia-juridica","ORIENTACOES/MAPA_DE_LINKS_OFICIAIS.md"
"governanca-autoorganizacao-charlie-echo-jus9-tecnologia-juridica","ORIENTACOES/MAPA_DE_LINKS_OFICIAIS.md","1332","charlieecho-jus9-tecnologia-juridica","ORIENTACOES/MAPA_DE_LINKS_OFICIAIS.md"
"ia-dupla-jus9-tecnologia-juridica","ORIENTACOES/MAPA_DE_LINKS_OFICIAIS.md","1332","charlieecho-jus9-tecnologia-juridica","ORIENTACOES/MAPA_DE_LINKS_OFICIAIS.md"
"ia-profissional-orquestrador-jus9-tecnologia-juridica","ORIENTACOES/MAPA_DE_LINKS_OFICIAIS.md","1332","charlieecho-jus9-tecnologia-juridica","ORIENTACOES/MAPA_DE_LINKS_OFICIAIS.md"
"infra-cloudflare-jus9-tecnologia-juridica","ORIENTACOES/MAPA_DE_LINKS_OFICIAIS.md","1332","charlieecho-jus9-tecnologia-juridica","ORIENTACOES/MAPA_DE_LINKS_OFICIAIS.md"
"introducaocss","ORIENTACOES/MAPA_DE_LINKS_OFICIAIS.md","1332","charlieecho-jus9-tecnologia-juridica","ORIENTACOES/MAPA_DE_LINKS_OFICIAIS.md"
"juridico-virtual-jus9-tecnologia-juridica","ORIENTACOES/MAPA_DE_LINKS_OFICIAIS.md","1332","charlieecho-jus9-tecnologia-juridica","ORIENTACOES/MAPA_DE_LINKS_OFICIAIS.md"
"jus9verde-jus9-tecnologia-juridica","ORIENTACOES/MAPA_DE_LINKS_OFICIAIS.md","1332","charlieecho-jus9-tecnologia-juridica","ORIENTACOES/MAPA_DE_LINKS_OFICIAIS.md"
"laboratorio-jus9-tecnologia-juridica","ORIENTACOES/MAPA_DE_LINKS_OFICIAIS.md","1332","charlieecho-jus9-tecnologia-juridica","ORIENTACOES/MAPA_DE_LINKS_OFICIAIS.md"
"livros-jus9-tecnologia-juridica","ORIENTACOES/MAPA_DE_LINKS_OFICIAIS.md","1332","charlieecho-jus9-tecnologia-juridica","ORIENTACOES/MAPA_DE_LINKS_OFICIAIS.md"
"logs-auditoria-jus9-tecnologia-juridica","ORIENTACOES/MAPA_DE_LINKS_OFICIAIS.md","1332","charlieecho-jus9-tecnologia-juridica","ORIENTACOES/MAPA_DE_LINKS_OFICIAIS.md"
"olamundo-jus9-tecnologia-juridica","ORIENTACOES/MAPA_DE_LINKS_OFICIAIS.md","1332","charlieecho-jus9-tecnologia-juridica","ORIENTACOES/MAPA_DE_LINKS_OFICIAIS.md"
"portal-cliente-jus9-tecnologia-juridica","ORIENTACOES/MAPA_DE_LINKS_OFICIAIS.md","1332","charlieecho-jus9-tecnologia-juridica","ORIENTACOES/MAPA_DE_LINKS_OFICIAIS.md"
"primeiroformsctec","ORIENTACOES/MAPA_DE_LINKS_OFICIAIS.md","1332","charlieecho-jus9-tecnologia-juridica","ORIENTACOES/MAPA_DE_LINKS_OFICIAIS.md"
"quandoodesenhofala-jus9-tecnologia-juridica","ORIENTACOES/MAPA_DE_LINKS_OFICIAIS.md","1332","charlieecho-jus9-tecnologia-juridica","ORIENTACOES/MAPA_DE_LINKS_OFICIAIS.md"
"sctec","ORIENTACOES/MAPA_DE_LINKS_OFICIAIS.md","1332","charlieecho-jus9-tecnologia-juridica","ORIENTACOES/MAPA_DE_LINKS_OFICIAIS.md"
"workers-pages-functions-jus9-tecnologia-juridica","ORIENTACOES/MAPA_DE_LINKS_OFICIAIS.md","1332","charlieecho-jus9-tecnologia-juridica","ORIENTACOES/MAPA_DE_LINKS_OFICIAIS.md"
"admin-painel-jus9-tecnologia-juridica","ORIENTACOES/PADRAO_VISUAL_OBRIGATORIO_JUS9_AEON.md","897","charlieecho-jus9-tecnologia-juridica","ORIENTACOES/PADRAO_VISUAL_OBRIGATORIO_JUS9_AEON.md"
"Aeon-Primevo","ORIENTACOES/PADRAO_VISUAL_OBRIGATORIO_JUS9_AEON.md","897","charlieecho-jus9-tecnologia-juridica","ORIENTACOES/PADRAO_VISUAL_OBRIGATORIO_JUS9_AEON.md"
"auth-identidade-acesso-jus9-tecnologia-juridica","ORIENTACOES/PADRAO_VISUAL_OBRIGATORIO_JUS9_AEON.md","897","charlieecho-jus9-tecnologia-juridica","ORIENTACOES/PADRAO_VISUAL_OBRIGATORIO_JUS9_AEON.md"
"backend-api-jus9-tecnologia-juridica","ORIENTACOES/PADRAO_VISUAL_OBRIGATORIO_JUS9_AEON.md","897","charlieecho-jus9-tecnologia-juridica","ORIENTACOES/PADRAO_VISUAL_OBRIGATORIO_JUS9_AEON.md"
"carta-jus9-tecnologia-juridica","ORIENTACOES/PADRAO_VISUAL_OBRIGATORIO_JUS9_AEON.md","897","charlieecho-jus9-tecnologia-juridica","ORIENTACOES/PADRAO_VISUAL_OBRIGATORIO_JUS9_AEON.md"
"cofre-documentos-seguros-jus9-tecnologia-juridica","ORIENTACOES/PADRAO_VISUAL_OBRIGATORIO_JUS9_AEON.md","897","charlieecho-jus9-tecnologia-juridica","ORIENTACOES/PADRAO_VISUAL_OBRIGATORIO_JUS9_AEON.md"
"Creta","ORIENTACOES/PADRAO_VISUAL_OBRIGATORIO_JUS9_AEON.md","897","charlieecho-jus9-tecnologia-juridica","ORIENTACOES/PADRAO_VISUAL_OBRIGATORIO_JUS9_AEON.md"
"documentacao-jus9-tecnologia-juridica","ORIENTACOES/PADRAO_VISUAL_OBRIGATORIO_JUS9_AEON.md","897","charlieecho-jus9-tecnologia-juridica","ORIENTACOES/PADRAO_VISUAL_OBRIGATORIO_JUS9_AEON.md"
"equipe-jus9-tecnologia-juridica","orientacoes/PADRAO_VISUAL_OBRIGATORIO_JUS9_AEON.md","897","charlieecho-jus9-tecnologia-juridica","ORIENTACOES/PADRAO_VISUAL_OBRIGATORIO_JUS9_AEON.md"
"governanca-autoorganizacao-charlie-echo-jus9-tecnologia-juridica","ORIENTACOES/PADRAO_VISUAL_OBRIGATORIO_JUS9_AEON.md","897","charlieecho-jus9-tecnologia-juridica","ORIENTACOES/PADRAO_VISUAL_OBRIGATORIO_JUS9_AEON.md"
"ia-dupla-jus9-tecnologia-juridica","ORIENTACOES/PADRAO_VISUAL_OBRIGATORIO_JUS9_AEON.md","897","charlieecho-jus9-tecnologia-juridica","ORIENTACOES/PADRAO_VISUAL_OBRIGATORIO_JUS9_AEON.md"
"ia-profissional-orquestrador-jus9-tecnologia-juridica","ORIENTACOES/PADRAO_VISUAL_OBRIGATORIO_JUS9_AEON.md","897","charlieecho-jus9-tecnologia-juridica","ORIENTACOES/PADRAO_VISUAL_OBRIGATORIO_JUS9_AEON.md"
"infra-cloudflare-jus9-tecnologia-juridica","ORIENTACOES/PADRAO_VISUAL_OBRIGATORIO_JUS9_AEON.md","897","charlieecho-jus9-tecnologia-juridica","ORIENTACOES/PADRAO_VISUAL_OBRIGATORIO_JUS9_AEON.md"
"introducaocss","ORIENTACOES/PADRAO_VISUAL_OBRIGATORIO_JUS9_AEON.md","897","charlieecho-jus9-tecnologia-juridica","ORIENTACOES/PADRAO_VISUAL_OBRIGATORIO_JUS9_AEON.md"
"juridico-virtual-jus9-tecnologia-juridica","ORIENTACOES/PADRAO_VISUAL_OBRIGATORIO_JUS9_AEON.md","897","charlieecho-jus9-tecnologia-juridica","ORIENTACOES/PADRAO_VISUAL_OBRIGATORIO_JUS9_AEON.md"
"jus9-tecnologia-juridica","ORIENTACOES/PADRAO_VISUAL_OBRIGATORIO_JUS9_AEON.md","897","charlieecho-jus9-tecnologia-juridica","ORIENTACOES/PADRAO_VISUAL_OBRIGATORIO_JUS9_AEON.md"
"jus9verde-jus9-tecnologia-juridica","ORIENTACOES/PADRAO_VISUAL_OBRIGATORIO_JUS9_AEON.md","897","charlieecho-jus9-tecnologia-juridica","ORIENTACOES/PADRAO_VISUAL_OBRIGATORIO_JUS9_AEON.md"
"livros-jus9-tecnologia-juridica","ORIENTACOES/PADRAO_VISUAL_OBRIGATORIO_JUS9_AEON.md","897","charlieecho-jus9-tecnologia-juridica","ORIENTACOES/PADRAO_VISUAL_OBRIGATORIO_JUS9_AEON.md"
"logs-auditoria-jus9-tecnologia-juridica","ORIENTACOES/PADRAO_VISUAL_OBRIGATORIO_JUS9_AEON.md","897","charlieecho-jus9-tecnologia-juridica","ORIENTACOES/PADRAO_VISUAL_OBRIGATORIO_JUS9_AEON.md"
"mvp-jus9-tecnologia-juridica","ORIENTACOES/PADRAO_VISUAL_OBRIGATORIO_JUS9_AEON.md","897","charlieecho-jus9-tecnologia-juridica","ORIENTACOES/PADRAO_VISUAL_OBRIGATORIO_JUS9_AEON.md"
"olamundo-jus9-tecnologia-juridica","ORIENTACOES/PADRAO_VISUAL_OBRIGATORIO_JUS9_AEON.md","897","charlieecho-jus9-tecnologia-juridica","ORIENTACOES/PADRAO_VISUAL_OBRIGATORIO_JUS9_AEON.md"
"portal-cliente-jus9-tecnologia-juridica","ORIENTACOES/PADRAO_VISUAL_OBRIGATORIO_JUS9_AEON.md","897","charlieecho-jus9-tecnologia-juridica","ORIENTACOES/PADRAO_VISUAL_OBRIGATORIO_JUS9_AEON.md"
"primeiroformsctec","ORIENTACOES/PADRAO_VISUAL_OBRIGATORIO_JUS9_AEON.md","897","charlieecho-jus9-tecnologia-juridica","ORIENTACOES/PADRAO_VISUAL_OBRIGATORIO_JUS9_AEON.md"
"quandoodesenhofala-jus9-tecnologia-juridica","ORIENTACOES/PADRAO_VISUAL_OBRIGATORIO_JUS9_AEON.md","897","charlieecho-jus9-tecnologia-juridica","ORIENTACOES/PADRAO_VISUAL_OBRIGATORIO_JUS9_AEON.md"
"sctec","ORIENTACOES/PADRAO_VISUAL_OBRIGATORIO_JUS9_AEON.md","897","charlieecho-jus9-tecnologia-juridica","ORIENTACOES/PADRAO_VISUAL_OBRIGATORIO_JUS9_AEON.md"
"workers-pages-functions-jus9-tecnologia-juridica","ORIENTACOES/PADRAO_VISUAL_OBRIGATORIO_JUS9_AEON.md","897","charlieecho-jus9-tecnologia-juridica","ORIENTACOES/PADRAO_VISUAL_OBRIGATORIO_JUS9_AEON.md"
"admin-painel-jus9-tecnologia-juridica","ORIENTACOES/MODELO_DE_ASSINATURA_JUS9.md","587","charlieecho-jus9-tecnologia-juridica","ORIENTACOES/MODELO_DE_ASSINATURA_JUS9.md"
"Aeon-Primevo","ORIENTACOES/MODELO_DE_ASSINATURA_JUS9.md","587","charlieecho-jus9-tecnologia-juridica","ORIENTACOES/MODELO_DE_ASSINATURA_JUS9.md"
"auth-identidade-acesso-jus9-tecnologia-juridica","ORIENTACOES/MODELO_DE_ASSINATURA_JUS9.md","587","charlieecho-jus9-tecnologia-juridica","ORIENTACOES/MODELO_DE_ASSINATURA_JUS9.md"
"backend-api-jus9-tecnologia-juridica","ORIENTACOES/MODELO_DE_ASSINATURA_JUS9.md","587","charlieecho-jus9-tecnologia-juridica","ORIENTACOES/MODELO_DE_ASSINATURA_JUS9.md"
"carta-jus9-tecnologia-juridica","ORIENTACOES/MODELO_DE_ASSINATURA_JUS9.md","587","charlieecho-jus9-tecnologia-juridica","ORIENTACOES/MODELO_DE_ASSINATURA_JUS9.md"
"cofre-documentos-seguros-jus9-tecnologia-juridica","ORIENTACOES/MODELO_DE_ASSINATURA_JUS9.md","587","charlieecho-jus9-tecnologia-juridica","ORIENTACOES/MODELO_DE_ASSINATURA_JUS9.md"
"Creta","ORIENTACOES/MODELO_DE_ASSINATURA_JUS9.md","587","charlieecho-jus9-tecnologia-juridica","ORIENTACOES/MODELO_DE_ASSINATURA_JUS9.md"
"documentacao-jus9-tecnologia-juridica","ORIENTACOES/MODELO_DE_ASSINATURA_JUS9.md","587","charlieecho-jus9-tecnologia-juridica","ORIENTACOES/MODELO_DE_ASSINATURA_JUS9.md"
"equipe-jus9-tecnologia-juridica","orientacoes/MODELO_DE_ASSINATURA_JUS9.md","587","charlieecho-jus9-tecnologia-juridica","ORIENTACOES/MODELO_DE_ASSINATURA_JUS9.md"
"governanca-autoorganizacao-charlie-echo-jus9-tecnologia-juridica","ORIENTACOES/MODELO_DE_ASSINATURA_JUS9.md","587","charlieecho-jus9-tecnologia-juridica","ORIENTACOES/MODELO_DE_ASSINATURA_JUS9.md"
"ia-dupla-jus9-tecnologia-juridica","ORIENTACOES/MODELO_DE_ASSINATURA_JUS9.md","587","charlieecho-jus9-tecnologia-juridica","ORIENTACOES/MODELO_DE_ASSINATURA_JUS9.md"
"ia-profissional-orquestrador-jus9-tecnologia-juridica","ORIENTACOES/MODELO_DE_ASSINATURA_JUS9.md","587","charlieecho-jus9-tecnologia-juridica","ORIENTACOES/MODELO_DE_ASSINATURA_JUS9.md"
"infra-cloudflare-jus9-tecnologia-juridica","ORIENTACOES/MODELO_DE_ASSINATURA_JUS9.md","587","charlieecho-jus9-tecnologia-juridica","ORIENTACOES/MODELO_DE_ASSINATURA_JUS9.md"
"introducaocss","ORIENTACOES/MODELO_DE_ASSINATURA_JUS9.md","587","charlieecho-jus9-tecnologia-juridica","ORIENTACOES/MODELO_DE_ASSINATURA_JUS9.md"
"juridico-virtual-jus9-tecnologia-juridica","ORIENTACOES/MODELO_DE_ASSINATURA_JUS9.md","587","charlieecho-jus9-tecnologia-juridica","ORIENTACOES/MODELO_DE_ASSINATURA_JUS9.md"
"jus9-tecnologia-juridica","ORIENTACOES/MODELO_DE_ASSINATURA_JUS9.md","587","charlieecho-jus9-tecnologia-juridica","ORIENTACOES/MODELO_DE_ASSINATURA_JUS9.md"
"jus9verde-jus9-tecnologia-juridica","ORIENTACOES/MODELO_DE_ASSINATURA_JUS9.md","587","charlieecho-jus9-tecnologia-juridica","ORIENTACOES/MODELO_DE_ASSINATURA_JUS9.md"
"livros-jus9-tecnologia-juridica","ORIENTACOES/MODELO_DE_ASSINATURA_JUS9.md","587","charlieecho-jus9-tecnologia-juridica","ORIENTACOES/MODELO_DE_ASSINATURA_JUS9.md"
"logs-auditoria-jus9-tecnologia-juridica","ORIENTACOES/MODELO_DE_ASSINATURA_JUS9.md","587","charlieecho-jus9-tecnologia-juridica","ORIENTACOES/MODELO_DE_ASSINATURA_JUS9.md"
"mvp-jus9-tecnologia-juridica","ORIENTACOES/MODELO_DE_ASSINATURA_JUS9.md","587","charlieecho-jus9-tecnologia-juridica","ORIENTACOES/MODELO_DE_ASSINATURA_JUS9.md"
"olamundo-jus9-tecnologia-juridica","ORIENTACOES/MODELO_DE_ASSINATURA_JUS9.md","587","charlieecho-jus9-tecnologia-juridica","ORIENTACOES/MODELO_DE_ASSINATURA_JUS9.md"
"portal-cliente-jus9-tecnologia-juridica","ORIENTACOES/MODELO_DE_ASSINATURA_JUS9.md","587","charlieecho-jus9-tecnologia-juridica","ORIENTACOES/MODELO_DE_ASSINATURA_JUS9.md"
"primeiroformsctec","ORIENTACOES/MODELO_DE_ASSINATURA_JUS9.md","587","charlieecho-jus9-tecnologia-juridica","ORIENTACOES/MODELO_DE_ASSINATURA_JUS9.md"
"quandoodesenhofala-jus9-tecnologia-juridica","ORIENTACOES/MODELO_DE_ASSINATURA_JUS9.md","587","charlieecho-jus9-tecnologia-juridica","ORIENTACOES/MODELO_DE_ASSINATURA_JUS9.md"
"sctec","ORIENTACOES/MODELO_DE_ASSINATURA_JUS9.md","587","charlieecho-jus9-tecnologia-juridica","ORIENTACOES/MODELO_DE_ASSINATURA_JUS9.md"
"workers-pages-functions-jus9-tecnologia-juridica","ORIENTACOES/MODELO_DE_ASSINATURA_JUS9.md","587","charlieecho-jus9-tecnologia-juridica","ORIENTACOES/MODELO_DE_ASSINATURA_JUS9.md"
"admin-painel-jus9-tecnologia-juridica","CLASSIFICACAO_DE_CONTEUDO.md","495","charlieecho-jus9-tecnologia-juridica","CLASSIFICACAO_DE_CONTEUDO.md"
"Aeon-Primevo","CLASSIFICACAO_DE_CONTEUDO.md","495","charlieecho-jus9-tecnologia-juridica","CLASSIFICACAO_DE_CONTEUDO.md"
"auth-identidade-acesso-jus9-tecnologia-juridica","CLASSIFICACAO_DE_CONTEUDO.md","495","charlieecho-jus9-tecnologia-juridica","CLASSIFICACAO_DE_CONTEUDO.md"
"backend-api-jus9-tecnologia-juridica","CLASSIFICACAO_DE_CONTEUDO.md","495","charlieecho-jus9-tecnologia-juridica","CLASSIFICACAO_DE_CONTEUDO.md"
"carta-jus9-tecnologia-juridica","CLASSIFICACAO_DE_CONTEUDO.md","495","charlieecho-jus9-tecnologia-juridica","CLASSIFICACAO_DE_CONTEUDO.md"
"cofre-documentos-seguros-jus9-tecnologia-juridica","CLASSIFICACAO_DE_CONTEUDO.md","495","charlieecho-jus9-tecnologia-juridica","CLASSIFICACAO_DE_CONTEUDO.md"
"Creta","CLASSIFICACAO_DE_CONTEUDO.md","495","charlieecho-jus9-tecnologia-juridica","CLASSIFICACAO_DE_CONTEUDO.md"
"documentacao-jus9-tecnologia-juridica","CLASSIFICACAO_DE_CONTEUDO.md","495","charlieecho-jus9-tecnologia-juridica","CLASSIFICACAO_DE_CONTEUDO.md"
"equipe-jus9-tecnologia-juridica","CLASSIFICACAO_DE_CONTEUDO.md","495","charlieecho-jus9-tecnologia-juridica","CLASSIFICACAO_DE_CONTEUDO.md"
"governanca-autoorganizacao-charlie-echo-jus9-tecnologia-juridica","CLASSIFICACAO_DE_CONTEUDO.md","495","charlieecho-jus9-tecnologia-juridica","CLASSIFICACAO_DE_CONTEUDO.md"
"ia-dupla-jus9-tecnologia-juridica","CLASSIFICACAO_DE_CONTEUDO.md","495","charlieecho-jus9-tecnologia-juridica","CLASSIFICACAO_DE_CONTEUDO.md"
"ia-profissional-orquestrador-jus9-tecnologia-juridica","CLASSIFICACAO_DE_CONTEUDO.md","495","charlieecho-jus9-tecnologia-juridica","CLASSIFICACAO_DE_CONTEUDO.md"
"infra-cloudflare-jus9-tecnologia-juridica","CLASSIFICACAO_DE_CONTEUDO.md","495","charlieecho-jus9-tecnologia-juridica","CLASSIFICACAO_DE_CONTEUDO.md"
"introducaocss","CLASSIFICACAO_DE_CONTEUDO.md","495","charlieecho-jus9-tecnologia-juridica","CLASSIFICACAO_DE_CONTEUDO.md"
"juridico-virtual-jus9-tecnologia-juridica","CLASSIFICACAO_DE_CONTEUDO.md","495","charlieecho-jus9-tecnologia-juridica","CLASSIFICACAO_DE_CONTEUDO.md"
"jus9-tecnologia-juridica","CLASSIFICACAO_DE_CONTEUDO.md","495","charlieecho-jus9-tecnologia-juridica","CLASSIFICACAO_DE_CONTEUDO.md"
"jus9verde-jus9-tecnologia-juridica","CLASSIFICACAO_DE_CONTEUDO.md","495","charlieecho-jus9-tecnologia-juridica","CLASSIFICACAO_DE_CONTEUDO.md"
"livros-jus9-tecnologia-juridica","CLASSIFICACAO_DE_CONTEUDO.md","495","charlieecho-jus9-tecnologia-juridica","CLASSIFICACAO_DE_CONTEUDO.md"
"logs-auditoria-jus9-tecnologia-juridica","CLASSIFICACAO_DE_CONTEUDO.md","495","charlieecho-jus9-tecnologia-juridica","CLASSIFICACAO_DE_CONTEUDO.md"
"mvp-jus9-tecnologia-juridica","CLASSIFICACAO_DE_CONTEUDO.md","495","charlieecho-jus9-tecnologia-juridica","CLASSIFICACAO_DE_CONTEUDO.md"
"olamundo-jus9-tecnologia-juridica","CLASSIFICACAO_DE_CONTEUDO.md","495","charlieecho-jus9-tecnologia-juridica","CLASSIFICACAO_DE_CONTEUDO.md"
"portal-cliente-jus9-tecnologia-juridica","CLASSIFICACAO_DE_CONTEUDO.md","495","charlieecho-jus9-tecnologia-juridica","CLASSIFICACAO_DE_CONTEUDO.md"
"primeiroformsctec","CLASSIFICACAO_DE_CONTEUDO.md","495","charlieecho-jus9-tecnologia-juridica","CLASSIFICACAO_DE_CONTEUDO.md"
"quandoodesenhofala-jus9-tecnologia-juridica","CLASSIFICACAO_DE_CONTEUDO.md","495","charlieecho-jus9-tecnologia-juridica","CLASSIFICACAO_DE_CONTEUDO.md"
"sctec","CLASSIFICACAO_DE_CONTEUDO.md","495","charlieecho-jus9-tecnologia-juridica","CLASSIFICACAO_DE_CONTEUDO.md"
"workers-pages-functions-jus9-tecnologia-juridica","CLASSIFICACAO_DE_CONTEUDO.md","495","charlieecho-jus9-tecnologia-juridica","CLASSIFICACAO_DE_CONTEUDO.md"
"admin-painel-jus9-tecnologia-juridica","ORIENTACOES/CHAVE_PROTOCOLO_MAO_NA_MASSA.md","380","charlieecho-jus9-tecnologia-juridica","ORIENTACOES/CHAVE_PROTOCOLO_MAO_NA_MASSA.md"
"Aeon-Primevo","ORIENTACOES/CHAVE_PROTOCOLO_MAO_NA_MASSA.md","380","charlieecho-jus9-tecnologia-juridica","ORIENTACOES/CHAVE_PROTOCOLO_MAO_NA_MASSA.md"
"auth-identidade-acesso-jus9-tecnologia-juridica","ORIENTACOES/CHAVE_PROTOCOLO_MAO_NA_MASSA.md","380","charlieecho-jus9-tecnologia-juridica","ORIENTACOES/CHAVE_PROTOCOLO_MAO_NA_MASSA.md"
"backend-api-jus9-tecnologia-juridica","ORIENTACOES/CHAVE_PROTOCOLO_MAO_NA_MASSA.md","380","charlieecho-jus9-tecnologia-juridica","ORIENTACOES/CHAVE_PROTOCOLO_MAO_NA_MASSA.md"
"carta-jus9-tecnologia-juridica","ORIENTACOES/CHAVE_PROTOCOLO_MAO_NA_MASSA.md","380","charlieecho-jus9-tecnologia-juridica","ORIENTACOES/CHAVE_PROTOCOLO_MAO_NA_MASSA.md"
"cofre-documentos-seguros-jus9-tecnologia-juridica","ORIENTACOES/CHAVE_PROTOCOLO_MAO_NA_MASSA.md","380","charlieecho-jus9-tecnologia-juridica","ORIENTACOES/CHAVE_PROTOCOLO_MAO_NA_MASSA.md"
"Creta","ORIENTACOES/CHAVE_PROTOCOLO_MAO_NA_MASSA.md","380","charlieecho-jus9-tecnologia-juridica","ORIENTACOES/CHAVE_PROTOCOLO_MAO_NA_MASSA.md"
"documentacao-jus9-tecnologia-juridica","ORIENTACOES/CHAVE_PROTOCOLO_MAO_NA_MASSA.md","380","charlieecho-jus9-tecnologia-juridica","ORIENTACOES/CHAVE_PROTOCOLO_MAO_NA_MASSA.md"
"equipe-jus9-tecnologia-juridica","orientacoes/CHAVE_PROTOCOLO_MAO_NA_MASSA.md","380","charlieecho-jus9-tecnologia-juridica","ORIENTACOES/CHAVE_PROTOCOLO_MAO_NA_MASSA.md"
"governanca-autoorganizacao-charlie-echo-jus9-tecnologia-juridica","ORIENTACOES/CHAVE_PROTOCOLO_MAO_NA_MASSA.md","380","charlieecho-jus9-tecnologia-juridica","ORIENTACOES/CHAVE_PROTOCOLO_MAO_NA_MASSA.md"
"ia-dupla-jus9-tecnologia-juridica","ORIENTACOES/CHAVE_PROTOCOLO_MAO_NA_MASSA.md","380","charlieecho-jus9-tecnologia-juridica","ORIENTACOES/CHAVE_PROTOCOLO_MAO_NA_MASSA.md"
"ia-profissional-orquestrador-jus9-tecnologia-juridica","ORIENTACOES/CHAVE_PROTOCOLO_MAO_NA_MASSA.md","380","charlieecho-jus9-tecnologia-juridica","ORIENTACOES/CHAVE_PROTOCOLO_MAO_NA_MASSA.md"
"infra-cloudflare-jus9-tecnologia-juridica","ORIENTACOES/CHAVE_PROTOCOLO_MAO_NA_MASSA.md","380","charlieecho-jus9-tecnologia-juridica","ORIENTACOES/CHAVE_PROTOCOLO_MAO_NA_MASSA.md"
"introducaocss","ORIENTACOES/CHAVE_PROTOCOLO_MAO_NA_MASSA.md","380","charlieecho-jus9-tecnologia-juridica","ORIENTACOES/CHAVE_PROTOCOLO_MAO_NA_MASSA.md"
"juridico-virtual-jus9-tecnologia-juridica","ORIENTACOES/CHAVE_PROTOCOLO_MAO_NA_MASSA.md","380","charlieecho-jus9-tecnologia-juridica","ORIENTACOES/CHAVE_PROTOCOLO_MAO_NA_MASSA.md"
"jus9-tecnologia-juridica","ORIENTACOES/CHAVE_PROTOCOLO_MAO_NA_MASSA.md","380","charlieecho-jus9-tecnologia-juridica","ORIENTACOES/CHAVE_PROTOCOLO_MAO_NA_MASSA.md"
"jus9verde-jus9-tecnologia-juridica","ORIENTACOES/CHAVE_PROTOCOLO_MAO_NA_MASSA.md","380","charlieecho-jus9-tecnologia-juridica","ORIENTACOES/CHAVE_PROTOCOLO_MAO_NA_MASSA.md"
"livros-jus9-tecnologia-juridica","ORIENTACOES/CHAVE_PROTOCOLO_MAO_NA_MASSA.md","380","charlieecho-jus9-tecnologia-juridica","ORIENTACOES/CHAVE_PROTOCOLO_MAO_NA_MASSA.md"
"logs-auditoria-jus9-tecnologia-juridica","ORIENTACOES/CHAVE_PROTOCOLO_MAO_NA_MASSA.md","380","charlieecho-jus9-tecnologia-juridica","ORIENTACOES/CHAVE_PROTOCOLO_MAO_NA_MASSA.md"
"mvp-jus9-tecnologia-juridica","ORIENTACOES/CHAVE_PROTOCOLO_MAO_NA_MASSA.md","380","charlieecho-jus9-tecnologia-juridica","ORIENTACOES/CHAVE_PROTOCOLO_MAO_NA_MASSA.md"
"olamundo-jus9-tecnologia-juridica","ORIENTACOES/CHAVE_PROTOCOLO_MAO_NA_MASSA.md","380","charlieecho-jus9-tecnologia-juridica","ORIENTACOES/CHAVE_PROTOCOLO_MAO_NA_MASSA.md"
"portal-cliente-jus9-tecnologia-juridica","ORIENTACOES/CHAVE_PROTOCOLO_MAO_NA_MASSA.md","380","charlieecho-jus9-tecnologia-juridica","ORIENTACOES/CHAVE_PROTOCOLO_MAO_NA_MASSA.md"
"primeiroformsctec","ORIENTACOES/CHAVE_PROTOCOLO_MAO_NA_MASSA.md","380","charlieecho-jus9-tecnologia-juridica","ORIENTACOES/CHAVE_PROTOCOLO_MAO_NA_MASSA.md"
"quandoodesenhofala-jus9-tecnologia-juridica","ORIENTACOES/CHAVE_PROTOCOLO_MAO_NA_MASSA.md","380","charlieecho-jus9-tecnologia-juridica","ORIENTACOES/CHAVE_PROTOCOLO_MAO_NA_MASSA.md"
"sctec","ORIENTACOES/CHAVE_PROTOCOLO_MAO_NA_MASSA.md","380","charlieecho-jus9-tecnologia-juridica","ORIENTACOES/CHAVE_PROTOCOLO_MAO_NA_MASSA.md"
"workers-pages-functions-jus9-tecnologia-juridica","ORIENTACOES/CHAVE_PROTOCOLO_MAO_NA_MASSA.md","380","charlieecho-jus9-tecnologia-juridica","ORIENTACOES/CHAVE_PROTOCOLO_MAO_NA_MASSA.md"
"admin-painel-jus9-tecnologia-juridica","assets/img/preview-olamundo.png","1787602","charlieecho-jus9-tecnologia-juridica","assets/img/preview-olamundo.png"
"Aeon-Primevo","assets/img/preview-olamundo.png","1787602","charlieecho-jus9-tecnologia-juridica","assets/img/preview-olamundo.png"
"auth-identidade-acesso-jus9-tecnologia-juridica","assets/img/preview-olamundo.png","1787602","charlieecho-jus9-tecnologia-juridica","assets/img/preview-olamundo.png"
"backend-api-jus9-tecnologia-juridica","assets/img/preview-olamundo.png","1787602","charlieecho-jus9-tecnologia-juridica","assets/img/preview-olamundo.png"
"carta-jus9-tecnologia-juridica","assets/img/preview-olamundo.png","1787602","charlieecho-jus9-tecnologia-juridica","assets/img/preview-olamundo.png"
"cofre-documentos-seguros-jus9-tecnologia-juridica","assets/img/preview-olamundo.png","1787602","charlieecho-jus9-tecnologia-juridica","assets/img/preview-olamundo.png"
"Creta","assets/img/preview-olamundo.png","1787602","charlieecho-jus9-tecnologia-juridica","assets/img/preview-olamundo.png"
"documentacao-jus9-tecnologia-juridica","assets/img/preview-olamundo.png","1787602","charlieecho-jus9-tecnologia-juridica","assets/img/preview-olamundo.png"
"equipe-jus9-tecnologia-juridica","assets/img/preview-olamundo.png","1787602","charlieecho-jus9-tecnologia-juridica","assets/img/preview-olamundo.png"
"governanca-autoorganizacao-charlie-echo-jus9-tecnologia-juridica","assets/img/preview-olamundo.png","1787602","charlieecho-jus9-tecnologia-juridica","assets/img/preview-olamundo.png"
"ia-profissional-orquestrador-jus9-tecnologia-juridica","assets/img/preview-olamundo.png","1787602","charlieecho-jus9-tecnologia-juridica","assets/img/preview-olamundo.png"
"infra-cloudflare-jus9-tecnologia-juridica","assets/img/preview-olamundo.png","1787602","charlieecho-jus9-tecnologia-juridica","assets/img/preview-olamundo.png"
"introducaocss","assets/img/preview-olamundo.png","1787602","charlieecho-jus9-tecnologia-juridica","assets/img/preview-olamundo.png"
"juridico-virtual-jus9-tecnologia-juridica","assets/img/preview-olamundo.png","1787602","charlieecho-jus9-tecnologia-juridica","assets/img/preview-olamundo.png"
"jus9-tecnologia-juridica","assets/img/preview-olamundo.png","1787602","charlieecho-jus9-tecnologia-juridica","assets/img/preview-olamundo.png"
"jus9verde-jus9-tecnologia-juridica","assets/img/preview-olamundo.png","1787602","charlieecho-jus9-tecnologia-juridica","assets/img/preview-olamundo.png"
"livros-jus9-tecnologia-juridica","assets/img/preview-olamundo.png","1787602","charlieecho-jus9-tecnologia-juridica","assets/img/preview-olamundo.png"
"logs-auditoria-jus9-tecnologia-juridica","assets/img/preview-olamundo.png","1787602","charlieecho-jus9-tecnologia-juridica","assets/img/preview-olamundo.png"
"mvp-jus9-tecnologia-juridica","assets/img/preview-olamundo.png","1787602","charlieecho-jus9-tecnologia-juridica","assets/img/preview-olamundo.png"
"portal-cliente-jus9-tecnologia-juridica","assets/img/preview-olamundo.png","1787602","charlieecho-jus9-tecnologia-juridica","assets/img/preview-olamundo.png"
"primeiroformsctec","assets/img/preview-olamundo.png","1787602","charlieecho-jus9-tecnologia-juridica","assets/img/preview-olamundo.png"
"quandoodesenhofala-jus9-tecnologia-juridica","assets/img/preview-olamundo.png","1787602","charlieecho-jus9-tecnologia-juridica","assets/img/preview-olamundo.png"
"sctec","assets/img/preview-olamundo.png","1787602","charlieecho-jus9-tecnologia-juridica","assets/img/preview-olamundo.png"
"workers-pages-functions-jus9-tecnologia-juridica","assets/img/preview-olamundo.png","1787602","charlieecho-jus9-tecnologia-juridica","assets/img/preview-olamundo.png"
"admin-painel-jus9-tecnologia-juridica","assets/img/album-charlie.png","1751303","charlieecho-jus9-tecnologia-juridica","assets/img/album-charlie.png"
"Aeon-Primevo","assets/img/album-charlie.png","1751303","charlieecho-jus9-tecnologia-juridica","assets/img/album-charlie.png"
"auth-identidade-acesso-jus9-tecnologia-juridica","assets/img/album-charlie.png","1751303","charlieecho-jus9-tecnologia-juridica","assets/img/album-charlie.png"
"backend-api-jus9-tecnologia-juridica","assets/img/album-charlie.png","1751303","charlieecho-jus9-tecnologia-juridica","assets/img/album-charlie.png"
"carta-jus9-tecnologia-juridica","assets/img/album-charlie.png","1751303","charlieecho-jus9-tecnologia-juridica","assets/img/album-charlie.png"
"cofre-documentos-seguros-jus9-tecnologia-juridica","assets/img/album-charlie.png","1751303","charlieecho-jus9-tecnologia-juridica","assets/img/album-charlie.png"
"Creta","assets/img/album-charlie.png","1751303","charlieecho-jus9-tecnologia-juridica","assets/img/album-charlie.png"
"documentacao-jus9-tecnologia-juridica","assets/img/album-charlie.png","1751303","charlieecho-jus9-tecnologia-juridica","assets/img/album-charlie.png"
"equipe-jus9-tecnologia-juridica","assets/img/album-charlie.png","1751303","charlieecho-jus9-tecnologia-juridica","assets/img/album-charlie.png"
"governanca-autoorganizacao-charlie-echo-jus9-tecnologia-juridica","assets/img/album-charlie.png","1751303","charlieecho-jus9-tecnologia-juridica","assets/img/album-charlie.png"
"ia-profissional-orquestrador-jus9-tecnologia-juridica","assets/img/album-charlie.png","1751303","charlieecho-jus9-tecnologia-juridica","assets/img/album-charlie.png"
"infra-cloudflare-jus9-tecnologia-juridica","assets/img/album-charlie.png","1751303","charlieecho-jus9-tecnologia-juridica","assets/img/album-charlie.png"
"introducaocss","assets/img/album-charlie.png","1751303","charlieecho-jus9-tecnologia-juridica","assets/img/album-charlie.png"
"juridico-virtual-jus9-tecnologia-juridica","assets/img/album-charlie.png","1751303","charlieecho-jus9-tecnologia-juridica","assets/img/album-charlie.png"
"jus9-tecnologia-juridica","assets/img/album-charlie.png","1751303","charlieecho-jus9-tecnologia-juridica","assets/img/album-charlie.png"
"jus9verde-jus9-tecnologia-juridica","assets/img/album-charlie.png","1751303","charlieecho-jus9-tecnologia-juridica","assets/img/album-charlie.png"
"livros-jus9-tecnologia-juridica","assets/img/album-charlie.png","1751303","charlieecho-jus9-tecnologia-juridica","assets/img/album-charlie.png"
"logs-auditoria-jus9-tecnologia-juridica","assets/img/album-charlie.png","1751303","charlieecho-jus9-tecnologia-juridica","assets/img/album-charlie.png"
"mvp-jus9-tecnologia-juridica","assets/img/album-charlie.png","1751303","charlieecho-jus9-tecnologia-juridica","assets/img/album-charlie.png"
"olamundo-jus9-tecnologia-juridica","assets/img/album-charlie.png","1751303","charlieecho-jus9-tecnologia-juridica","assets/img/album-charlie.png"
"portal-cliente-jus9-tecnologia-juridica","assets/img/album-charlie.png","1751303","charlieecho-jus9-tecnologia-juridica","assets/img/album-charlie.png"
"primeiroformsctec","assets/img/album-charlie.png","1751303","charlieecho-jus9-tecnologia-juridica","assets/img/album-charlie.png"
"quandoodesenhofala-jus9-tecnologia-juridica","assets/img/album-charlie.png","1751303","charlieecho-jus9-tecnologia-juridica","assets/img/album-charlie.png"
"sctec","assets/img/album-charlie.png","1751303","charlieecho-jus9-tecnologia-juridica","assets/img/album-charlie.png"
"workers-pages-functions-jus9-tecnologia-juridica","assets/img/album-charlie.png","1751303","charlieecho-jus9-tecnologia-juridica","assets/img/album-charlie.png"
"admin-painel-jus9-tecnologia-juridica","assets/img/charlie-profissional.png","1464799","charlieecho-jus9-tecnologia-juridica","assets/img/charlie-profissional.png"
"Aeon-Primevo","assets/img/charlie-profissional.png","1464799","charlieecho-jus9-tecnologia-juridica","assets/img/charlie-profissional.png"
"auth-identidade-acesso-jus9-tecnologia-juridica","assets/img/charlie-profissional.png","1464799","charlieecho-jus9-tecnologia-juridica","assets/img/charlie-profissional.png"
"backend-api-jus9-tecnologia-juridica","assets/img/charlie-profissional.png","1464799","charlieecho-jus9-tecnologia-juridica","assets/img/charlie-profissional.png"
"carta-jus9-tecnologia-juridica","assets/img/charlie-profissional.png","1464799","charlieecho-jus9-tecnologia-juridica","assets/img/charlie-profissional.png"
"cofre-documentos-seguros-jus9-tecnologia-juridica","assets/img/charlie-profissional.png","1464799","charlieecho-jus9-tecnologia-juridica","assets/img/charlie-profissional.png"
"Creta","assets/img/charlie-profissional.png","1464799","charlieecho-jus9-tecnologia-juridica","assets/img/charlie-profissional.png"
"documentacao-jus9-tecnologia-juridica","assets/img/charlie-profissional.png","1464799","charlieecho-jus9-tecnologia-juridica","assets/img/charlie-profissional.png"
"equipe-jus9-tecnologia-juridica","assets/img/charlie-profissional.png","1464799","charlieecho-jus9-tecnologia-juridica","assets/img/charlie-profissional.png"
"governanca-autoorganizacao-charlie-echo-jus9-tecnologia-juridica","assets/img/charlie-profissional.png","1464799","charlieecho-jus9-tecnologia-juridica","assets/img/charlie-profissional.png"
"ia-profissional-orquestrador-jus9-tecnologia-juridica","assets/img/charlie-profissional.png","1464799","charlieecho-jus9-tecnologia-juridica","assets/img/charlie-profissional.png"
"infra-cloudflare-jus9-tecnologia-juridica","assets/img/charlie-profissional.png","1464799","charlieecho-jus9-tecnologia-juridica","assets/img/charlie-profissional.png"
"introducaocss","assets/img/charlie-profissional.png","1464799","charlieecho-jus9-tecnologia-juridica","assets/img/charlie-profissional.png"
"juridico-virtual-jus9-tecnologia-juridica","assets/img/charlie-profissional.png","1464799","charlieecho-jus9-tecnologia-juridica","assets/img/charlie-profissional.png"
"jus9-tecnologia-juridica","assets/img/charlie-profissional.png","1464799","charlieecho-jus9-tecnologia-juridica","assets/img/charlie-profissional.png"
"jus9verde-jus9-tecnologia-juridica","assets/img/charlie-profissional.png","1464799","charlieecho-jus9-tecnologia-juridica","assets/img/charlie-profissional.png"
"livros-jus9-tecnologia-juridica","assets/img/charlie-profissional.png","1464799","charlieecho-jus9-tecnologia-juridica","assets/img/charlie-profissional.png"
"logs-auditoria-jus9-tecnologia-juridica","assets/img/charlie-profissional.png","1464799","charlieecho-jus9-tecnologia-juridica","assets/img/charlie-profissional.png"
"olamundo-jus9-tecnologia-juridica","assets/img/charlie-profissional.png","1464799","charlieecho-jus9-tecnologia-juridica","assets/img/charlie-profissional.png"
"portal-cliente-jus9-tecnologia-juridica","assets/img/charlie-profissional.png","1464799","charlieecho-jus9-tecnologia-juridica","assets/img/charlie-profissional.png"
"primeiroformsctec","assets/img/charlie-profissional.png","1464799","charlieecho-jus9-tecnologia-juridica","assets/img/charlie-profissional.png"
"quandoodesenhofala-jus9-tecnologia-juridica","assets/img/charlie-profissional.png","1464799","charlieecho-jus9-tecnologia-juridica","assets/img/charlie-profissional.png"
"sctec","assets/img/charlie-profissional.png","1464799","charlieecho-jus9-tecnologia-juridica","assets/img/charlie-profissional.png"
"workers-pages-functions-jus9-tecnologia-juridica","assets/img/charlie-profissional.png","1464799","charlieecho-jus9-tecnologia-juridica","assets/img/charlie-profissional.png"
"admin-painel-jus9-tecnologia-juridica","assets/img/charlie-robo-professora.png","1410603","charlieecho-jus9-tecnologia-juridica","assets/img/charlie-robo-professora.png"
"Aeon-Primevo","assets/img/charlie-robo-professora.png","1410603","charlieecho-jus9-tecnologia-juridica","assets/img/charlie-robo-professora.png"
"auth-identidade-acesso-jus9-tecnologia-juridica","assets/img/charlie-robo-professora.png","1410603","charlieecho-jus9-tecnologia-juridica","assets/img/charlie-robo-professora.png"
"backend-api-jus9-tecnologia-juridica","assets/img/charlie-robo-professora.png","1410603","charlieecho-jus9-tecnologia-juridica","assets/img/charlie-robo-professora.png"
"carta-jus9-tecnologia-juridica","assets/img/charlie-robo-professora.png","1410603","charlieecho-jus9-tecnologia-juridica","assets/img/charlie-robo-professora.png"
"cofre-documentos-seguros-jus9-tecnologia-juridica","assets/img/charlie-robo-professora.png","1410603","charlieecho-jus9-tecnologia-juridica","assets/img/charlie-robo-professora.png"
"Creta","assets/img/charlie-robo-professora.png","1410603","charlieecho-jus9-tecnologia-juridica","assets/img/charlie-robo-professora.png"
"documentacao-jus9-tecnologia-juridica","assets/img/charlie-robo-professora.png","1410603","charlieecho-jus9-tecnologia-juridica","assets/img/charlie-robo-professora.png"
"equipe-jus9-tecnologia-juridica","assets/img/charlie-robo-professora.png","1410603","charlieecho-jus9-tecnologia-juridica","assets/img/charlie-robo-professora.png"
"governanca-autoorganizacao-charlie-echo-jus9-tecnologia-juridica","assets/img/charlie-robo-professora.png","1410603","charlieecho-jus9-tecnologia-juridica","assets/img/charlie-robo-professora.png"
"ia-profissional-orquestrador-jus9-tecnologia-juridica","assets/img/charlie-robo-professora.png","1410603","charlieecho-jus9-tecnologia-juridica","assets/img/charlie-robo-professora.png"
"infra-cloudflare-jus9-tecnologia-juridica","assets/img/charlie-robo-professora.png","1410603","charlieecho-jus9-tecnologia-juridica","assets/img/charlie-robo-professora.png"
"introducaocss","assets/img/charlie-robo-professora.png","1410603","charlieecho-jus9-tecnologia-juridica","assets/img/charlie-robo-professora.png"
"juridico-virtual-jus9-tecnologia-juridica","assets/img/charlie-robo-professora.png","1410603","charlieecho-jus9-tecnologia-juridica","assets/img/charlie-robo-professora.png"
"jus9-tecnologia-juridica","assets/img/charlie-robo-professora.png","1410603","charlieecho-jus9-tecnologia-juridica","assets/img/charlie-robo-professora.png"
"jus9verde-jus9-tecnologia-juridica","assets/img/charlie-robo-professora.png","1410603","charlieecho-jus9-tecnologia-juridica","assets/img/charlie-robo-professora.png"
"livros-jus9-tecnologia-juridica","assets/img/charlie-robo-professora.png","1410603","charlieecho-jus9-tecnologia-juridica","assets/img/charlie-robo-professora.png"
"logs-auditoria-jus9-tecnologia-juridica","assets/img/charlie-robo-professora.png","1410603","charlieecho-jus9-tecnologia-juridica","assets/img/charlie-robo-professora.png"
"olamundo-jus9-tecnologia-juridica","assets/img/charlie-robo-professora.png","1410603","charlieecho-jus9-tecnologia-juridica","assets/img/charlie-robo-professora.png"
"portal-cliente-jus9-tecnologia-juridica","assets/img/charlie-robo-professora.png","1410603","charlieecho-jus9-tecnologia-juridica","assets/img/charlie-robo-professora.png"
"primeiroformsctec","assets/img/charlie-robo-professora.png","1410603","charlieecho-jus9-tecnologia-juridica","assets/img/charlie-robo-professora.png"
"quandoodesenhofala-jus9-tecnologia-juridica","assets/img/charlie-robo-professora.png","1410603","charlieecho-jus9-tecnologia-juridica","assets/img/charlie-robo-professora.png"
"sctec","assets/img/charlie-robo-professora.png","1410603","charlieecho-jus9-tecnologia-juridica","assets/img/charlie-robo-professora.png"
"workers-pages-functions-jus9-tecnologia-juridica","assets/img/charlie-robo-professora.png","1410603","charlieecho-jus9-tecnologia-juridica","assets/img/charlie-robo-professora.png"
"admin-painel-jus9-tecnologia-juridica","assets/img/avatar-nata.jpg","127049","charlieecho-jus9-tecnologia-juridica","assets/img/avatar-nata.jpg"
"Aeon-Primevo","assets/img/avatar-nata.jpg","127049","charlieecho-jus9-tecnologia-juridica","assets/img/avatar-nata.jpg"
"auth-identidade-acesso-jus9-tecnologia-juridica","assets/img/avatar-nata.jpg","127049","charlieecho-jus9-tecnologia-juridica","assets/img/avatar-nata.jpg"
"backend-api-jus9-tecnologia-juridica","assets/img/avatar-nata.jpg","127049","charlieecho-jus9-tecnologia-juridica","assets/img/avatar-nata.jpg"
"carta-jus9-tecnologia-juridica","assets/img/avatar-nata.jpg","127049","charlieecho-jus9-tecnologia-juridica","assets/img/avatar-nata.jpg"
"cofre-documentos-seguros-jus9-tecnologia-juridica","assets/img/avatar-nata.jpg","127049","charlieecho-jus9-tecnologia-juridica","assets/img/avatar-nata.jpg"
"Creta","assets/img/avatar-nata.jpg","127049","charlieecho-jus9-tecnologia-juridica","assets/img/avatar-nata.jpg"
"documentacao-jus9-tecnologia-juridica","assets/img/avatar-nata.jpg","127049","charlieecho-jus9-tecnologia-juridica","assets/img/avatar-nata.jpg"
"equipe-jus9-tecnologia-juridica","assets/img/avatar-nata.jpg","127049","charlieecho-jus9-tecnologia-juridica","assets/img/avatar-nata.jpg"
"governanca-autoorganizacao-charlie-echo-jus9-tecnologia-juridica","assets/img/avatar-nata.jpg","127049","charlieecho-jus9-tecnologia-juridica","assets/img/avatar-nata.jpg"
"ia-profissional-orquestrador-jus9-tecnologia-juridica","assets/img/avatar-nata.jpg","127049","charlieecho-jus9-tecnologia-juridica","assets/img/avatar-nata.jpg"
"infra-cloudflare-jus9-tecnologia-juridica","assets/img/avatar-nata.jpg","127049","charlieecho-jus9-tecnologia-juridica","assets/img/avatar-nata.jpg"
"introducaocss","assets/img/avatar-nata.jpg","127049","charlieecho-jus9-tecnologia-juridica","assets/img/avatar-nata.jpg"
"juridico-virtual-jus9-tecnologia-juridica","assets/img/avatar-nata.jpg","127049","charlieecho-jus9-tecnologia-juridica","assets/img/avatar-nata.jpg"
"jus9-tecnologia-juridica","assets/img/avatar-nata.jpg","127049","charlieecho-jus9-tecnologia-juridica","assets/img/avatar-nata.jpg"
"jus9verde-jus9-tecnologia-juridica","assets/img/avatar-nata.jpg","127049","charlieecho-jus9-tecnologia-juridica","assets/img/avatar-nata.jpg"
"livros-jus9-tecnologia-juridica","assets/img/avatar-nata.jpg","127049","charlieecho-jus9-tecnologia-juridica","assets/img/avatar-nata.jpg"
"logs-auditoria-jus9-tecnologia-juridica","assets/img/avatar-nata.jpg","127049","charlieecho-jus9-tecnologia-juridica","assets/img/avatar-nata.jpg"
"mvp-jus9-tecnologia-juridica","assets/img/avatar-nata.jpg","127049","charlieecho-jus9-tecnologia-juridica","assets/img/avatar-nata.jpg"
"olamundo-jus9-tecnologia-juridica","assets/img/avatar-nata.jpg","127049","charlieecho-jus9-tecnologia-juridica","assets/img/avatar-nata.jpg"
"portal-cliente-jus9-tecnologia-juridica","assets/img/avatar-nata.jpg","127049","charlieecho-jus9-tecnologia-juridica","assets/img/avatar-nata.jpg"
"primeiroformsctec","assets/img/avatar-nata.jpg","127049","charlieecho-jus9-tecnologia-juridica","assets/img/avatar-nata.jpg"
"quandoodesenhofala-jus9-tecnologia-juridica","assets/img/avatar-nata.jpg","127049","charlieecho-jus9-tecnologia-juridica","assets/img/avatar-nata.jpg"
"sctec","assets/img/avatar-nata.jpg","127049","charlieecho-jus9-tecnologia-juridica","assets/img/avatar-nata.jpg"
"workers-pages-functions-jus9-tecnologia-juridica","assets/img/avatar-nata.jpg","127049","charlieecho-jus9-tecnologia-juridica","assets/img/avatar-nata.jpg"
"admin-painel-jus9-tecnologia-juridica","assets/css/styles.css","2930","charlieecho-jus9-tecnologia-juridica","assets/css/styles.css"
"Aeon-Primevo","assets/css/styles.css","2930","charlieecho-jus9-tecnologia-juridica","assets/css/styles.css"
"auth-identidade-acesso-jus9-tecnologia-juridica","assets/css/styles.css","2930","charlieecho-jus9-tecnologia-juridica","assets/css/styles.css"
"backend-api-jus9-tecnologia-juridica","assets/css/styles.css","2930","charlieecho-jus9-tecnologia-juridica","assets/css/styles.css"
"carta-jus9-tecnologia-juridica","assets/css/styles.css","2930","charlieecho-jus9-tecnologia-juridica","assets/css/styles.css"
"cofre-documentos-seguros-jus9-tecnologia-juridica","assets/css/styles.css","2930","charlieecho-jus9-tecnologia-juridica","assets/css/styles.css"
"equipe-jus9-tecnologia-juridica","assets/css/styles.css","2930","charlieecho-jus9-tecnologia-juridica","assets/css/styles.css"
"governanca-autoorganizacao-charlie-echo-jus9-tecnologia-juridica","assets/css/styles.css","2930","charlieecho-jus9-tecnologia-juridica","assets/css/styles.css"
"ia-profissional-orquestrador-jus9-tecnologia-juridica","assets/css/styles.css","2930","charlieecho-jus9-tecnologia-juridica","assets/css/styles.css"
"infra-cloudflare-jus9-tecnologia-juridica","assets/css/styles.css","2930","charlieecho-jus9-tecnologia-juridica","assets/css/styles.css"
"introducaocss","assets/css/styles.css","2930","charlieecho-jus9-tecnologia-juridica","assets/css/styles.css"
"investimentos-jus9-tecnologia-juridica","assets/css/styles.css","2930","charlieecho-jus9-tecnologia-juridica","assets/css/styles.css"
"jus9-tecnologia-juridica","assets/css/styles.css","2930","charlieecho-jus9-tecnologia-juridica","assets/css/styles.css"
"jus9verde-jus9-tecnologia-juridica","assets/css/styles.css","2930","charlieecho-jus9-tecnologia-juridica","assets/css/styles.css"
"livros-jus9-tecnologia-juridica","assets/css/styles.css","2930","charlieecho-jus9-tecnologia-juridica","assets/css/styles.css"
"logs-auditoria-jus9-tecnologia-juridica","assets/css/styles.css","2930","charlieecho-jus9-tecnologia-juridica","assets/css/styles.css"
"portal-cliente-jus9-tecnologia-juridica","assets/css/styles.css","2930","charlieecho-jus9-tecnologia-juridica","assets/css/styles.css"
"primeiroformsctec","assets/css/styles.css","2930","charlieecho-jus9-tecnologia-juridica","assets/css/styles.css"
"quandoodesenhofala-jus9-tecnologia-juridica","assets/css/styles.css","2930","charlieecho-jus9-tecnologia-juridica","assets/css/styles.css"
"sctec","assets/css/styles.css","2930","charlieecho-jus9-tecnologia-juridica","assets/css/styles.css"
"workers-pages-functions-jus9-tecnologia-juridica","assets/css/styles.css","2930","charlieecho-jus9-tecnologia-juridica","assets/css/styles.css"
"admin-painel-jus9-tecnologia-juridica","ORIENTACOES/MAPA_DE_LINKS_SEMANTICOS_OFICIAIS.md","1154","charlieecho-jus9-tecnologia-juridica","ORIENTACOES/MAPA_DE_LINKS_SEMANTICOS_OFICIAIS.md"
"Aeon-Primevo","ORIENTACOES/MAPA_DE_LINKS_SEMANTICOS_OFICIAIS.md","1154","charlieecho-jus9-tecnologia-juridica","ORIENTACOES/MAPA_DE_LINKS_SEMANTICOS_OFICIAIS.md"
"auth-identidade-acesso-jus9-tecnologia-juridica","ORIENTACOES/MAPA_DE_LINKS_SEMANTICOS_OFICIAIS.md","1154","charlieecho-jus9-tecnologia-juridica","ORIENTACOES/MAPA_DE_LINKS_SEMANTICOS_OFICIAIS.md"
"backend-api-jus9-tecnologia-juridica","ORIENTACOES/MAPA_DE_LINKS_SEMANTICOS_OFICIAIS.md","1154","charlieecho-jus9-tecnologia-juridica","ORIENTACOES/MAPA_DE_LINKS_SEMANTICOS_OFICIAIS.md"
"carta-jus9-tecnologia-juridica","ORIENTACOES/MAPA_DE_LINKS_SEMANTICOS_OFICIAIS.md","1154","charlieecho-jus9-tecnologia-juridica","ORIENTACOES/MAPA_DE_LINKS_SEMANTICOS_OFICIAIS.md"
"cofre-documentos-seguros-jus9-tecnologia-juridica","ORIENTACOES/MAPA_DE_LINKS_SEMANTICOS_OFICIAIS.md","1154","charlieecho-jus9-tecnologia-juridica","ORIENTACOES/MAPA_DE_LINKS_SEMANTICOS_OFICIAIS.md"
"Creta","ORIENTACOES/MAPA_DE_LINKS_SEMANTICOS_OFICIAIS.md","1154","charlieecho-jus9-tecnologia-juridica","ORIENTACOES/MAPA_DE_LINKS_SEMANTICOS_OFICIAIS.md"
"documentacao-jus9-tecnologia-juridica","ORIENTACOES/MAPA_DE_LINKS_SEMANTICOS_OFICIAIS.md","1154","charlieecho-jus9-tecnologia-juridica","ORIENTACOES/MAPA_DE_LINKS_SEMANTICOS_OFICIAIS.md"
"equipe-jus9-tecnologia-juridica","orientacoes/MAPA_DE_LINKS_SEMANTICOS_OFICIAIS.md","1154","charlieecho-jus9-tecnologia-juridica","ORIENTACOES/MAPA_DE_LINKS_SEMANTICOS_OFICIAIS.md"
"governanca-autoorganizacao-charlie-echo-jus9-tecnologia-juridica","ORIENTACOES/MAPA_DE_LINKS_SEMANTICOS_OFICIAIS.md","1154","charlieecho-jus9-tecnologia-juridica","ORIENTACOES/MAPA_DE_LINKS_SEMANTICOS_OFICIAIS.md"
"ia-dupla-jus9-tecnologia-juridica","ORIENTACOES/MAPA_DE_LINKS_SEMANTICOS_OFICIAIS.md","1154","charlieecho-jus9-tecnologia-juridica","ORIENTACOES/MAPA_DE_LINKS_SEMANTICOS_OFICIAIS.md"
"ia-profissional-orquestrador-jus9-tecnologia-juridica","ORIENTACOES/MAPA_DE_LINKS_SEMANTICOS_OFICIAIS.md","1154","charlieecho-jus9-tecnologia-juridica","ORIENTACOES/MAPA_DE_LINKS_SEMANTICOS_OFICIAIS.md"
"infra-cloudflare-jus9-tecnologia-juridica","ORIENTACOES/MAPA_DE_LINKS_SEMANTICOS_OFICIAIS.md","1154","charlieecho-jus9-tecnologia-juridica","ORIENTACOES/MAPA_DE_LINKS_SEMANTICOS_OFICIAIS.md"
"introducaocss","ORIENTACOES/MAPA_DE_LINKS_SEMANTICOS_OFICIAIS.md","1154","charlieecho-jus9-tecnologia-juridica","ORIENTACOES/MAPA_DE_LINKS_SEMANTICOS_OFICIAIS.md"
"juridico-virtual-jus9-tecnologia-juridica","ORIENTACOES/MAPA_DE_LINKS_SEMANTICOS_OFICIAIS.md","1154","charlieecho-jus9-tecnologia-juridica","ORIENTACOES/MAPA_DE_LINKS_SEMANTICOS_OFICIAIS.md"
"jus9verde-jus9-tecnologia-juridica","ORIENTACOES/MAPA_DE_LINKS_SEMANTICOS_OFICIAIS.md","1154","charlieecho-jus9-tecnologia-juridica","ORIENTACOES/MAPA_DE_LINKS_SEMANTICOS_OFICIAIS.md"
"laboratorio-jus9-tecnologia-juridica","ORIENTACOES/MAPA_DE_LINKS_SEMANTICOS_OFICIAIS.md","1154","charlieecho-jus9-tecnologia-juridica","ORIENTACOES/MAPA_DE_LINKS_SEMANTICOS_OFICIAIS.md"
"livros-jus9-tecnologia-juridica","ORIENTACOES/MAPA_DE_LINKS_SEMANTICOS_OFICIAIS.md","1154","charlieecho-jus9-tecnologia-juridica","ORIENTACOES/MAPA_DE_LINKS_SEMANTICOS_OFICIAIS.md"
"logs-auditoria-jus9-tecnologia-juridica","ORIENTACOES/MAPA_DE_LINKS_SEMANTICOS_OFICIAIS.md","1154","charlieecho-jus9-tecnologia-juridica","ORIENTACOES/MAPA_DE_LINKS_SEMANTICOS_OFICIAIS.md"
"olamundo-jus9-tecnologia-juridica","ORIENTACOES/MAPA_DE_LINKS_SEMANTICOS_OFICIAIS.md","1154","charlieecho-jus9-tecnologia-juridica","ORIENTACOES/MAPA_DE_LINKS_SEMANTICOS_OFICIAIS.md"
"portal-cliente-jus9-tecnologia-juridica","ORIENTACOES/MAPA_DE_LINKS_SEMANTICOS_OFICIAIS.md","1154","charlieecho-jus9-tecnologia-juridica","ORIENTACOES/MAPA_DE_LINKS_SEMANTICOS_OFICIAIS.md"
"primeiroformsctec","ORIENTACOES/MAPA_DE_LINKS_SEMANTICOS_OFICIAIS.md","1154","charlieecho-jus9-tecnologia-juridica","ORIENTACOES/MAPA_DE_LINKS_SEMANTICOS_OFICIAIS.md"
"quandoodesenhofala-jus9-tecnologia-juridica","ORIENTACOES/MAPA_DE_LINKS_SEMANTICOS_OFICIAIS.md","1154","charlieecho-jus9-tecnologia-juridica","ORIENTACOES/MAPA_DE_LINKS_SEMANTICOS_OFICIAIS.md"
"sctec","ORIENTACOES/MAPA_DE_LINKS_SEMANTICOS_OFICIAIS.md","1154","charlieecho-jus9-tecnologia-juridica","ORIENTACOES/MAPA_DE_LINKS_SEMANTICOS_OFICIAIS.md"
"workers-pages-functions-jus9-tecnologia-juridica","ORIENTACOES/MAPA_DE_LINKS_SEMANTICOS_OFICIAIS.md","1154","charlieecho-jus9-tecnologia-juridica","ORIENTACOES/MAPA_DE_LINKS_SEMANTICOS_OFICIAIS.md"
"admin-painel-jus9-tecnologia-juridica","ORIENTACOES/ESCOPO_PROJETO_ECOSSISTEMA_JUS9.md","1260","charlieecho-jus9-tecnologia-juridica","ORIENTACOES/ESCOPO_PROJETO_ECOSSISTEMA_JUS9.md"
"auth-identidade-acesso-jus9-tecnologia-juridica","ORIENTACOES/ESCOPO_PROJETO_ECOSSISTEMA_JUS9.md","1260","charlieecho-jus9-tecnologia-juridica","ORIENTACOES/ESCOPO_PROJETO_ECOSSISTEMA_JUS9.md"
"backend-api-jus9-tecnologia-juridica","ORIENTACOES/ESCOPO_PROJETO_ECOSSISTEMA_JUS9.md","1260","charlieecho-jus9-tecnologia-juridica","ORIENTACOES/ESCOPO_PROJETO_ECOSSISTEMA_JUS9.md"
"carta-jus9-tecnologia-juridica","ORIENTACOES/ESCOPO_PROJETO_ECOSSISTEMA_JUS9.md","1260","charlieecho-jus9-tecnologia-juridica","ORIENTACOES/ESCOPO_PROJETO_ECOSSISTEMA_JUS9.md"
"cofre-documentos-seguros-jus9-tecnologia-juridica","ORIENTACOES/ESCOPO_PROJETO_ECOSSISTEMA_JUS9.md","1260","charlieecho-jus9-tecnologia-juridica","ORIENTACOES/ESCOPO_PROJETO_ECOSSISTEMA_JUS9.md"
"db-modelos-migracoes-jus9-tecnologia-juridica","ORIENTACOES/ESCOPO_PROJETO_ECOSSISTEMA_JUS9.md","1260","charlieecho-jus9-tecnologia-juridica","ORIENTACOES/ESCOPO_PROJETO_ECOSSISTEMA_JUS9.md"
"documentacao-jus9-tecnologia-juridica","ORIENTACOES/ESCOPO_PROJETO_ECOSSISTEMA_JUS9.md","1260","charlieecho-jus9-tecnologia-juridica","ORIENTACOES/ESCOPO_PROJETO_ECOSSISTEMA_JUS9.md"
"equipe-jus9-tecnologia-juridica","orientacoes/ESCOPO_PROJETO_ECOSSISTEMA_JUS9.md","1260","charlieecho-jus9-tecnologia-juridica","ORIENTACOES/ESCOPO_PROJETO_ECOSSISTEMA_JUS9.md"
"governanca-autoorganizacao-charlie-echo-jus9-tecnologia-juridica","ORIENTACOES/ESCOPO_PROJETO_ECOSSISTEMA_JUS9.md","1260","charlieecho-jus9-tecnologia-juridica","ORIENTACOES/ESCOPO_PROJETO_ECOSSISTEMA_JUS9.md"
"ia-dupla-jus9-tecnologia-juridica","ORIENTACOES/ESCOPO_PROJETO_ECOSSISTEMA_JUS9.md","1260","charlieecho-jus9-tecnologia-juridica","ORIENTACOES/ESCOPO_PROJETO_ECOSSISTEMA_JUS9.md"
"ia-profissional-orquestrador-jus9-tecnologia-juridica","ORIENTACOES/ESCOPO_PROJETO_ECOSSISTEMA_JUS9.md","1260","charlieecho-jus9-tecnologia-juridica","ORIENTACOES/ESCOPO_PROJETO_ECOSSISTEMA_JUS9.md"
"infra-cloudflare-jus9-tecnologia-juridica","ORIENTACOES/ESCOPO_PROJETO_ECOSSISTEMA_JUS9.md","1260","charlieecho-jus9-tecnologia-juridica","ORIENTACOES/ESCOPO_PROJETO_ECOSSISTEMA_JUS9.md"
"investimentos-jus9-tecnologia-juridica","ORIENTACOES/ESCOPO_PROJETO_ECOSSISTEMA_JUS9.md","1260","charlieecho-jus9-tecnologia-juridica","ORIENTACOES/ESCOPO_PROJETO_ECOSSISTEMA_JUS9.md"
"juridico-virtual-jus9-tecnologia-juridica","ORIENTACOES/ESCOPO_PROJETO_ECOSSISTEMA_JUS9.md","1260","charlieecho-jus9-tecnologia-juridica","ORIENTACOES/ESCOPO_PROJETO_ECOSSISTEMA_JUS9.md"
"jus9verde-jus9-tecnologia-juridica","ORIENTACOES/ESCOPO_PROJETO_ECOSSISTEMA_JUS9.md","1260","charlieecho-jus9-tecnologia-juridica","ORIENTACOES/ESCOPO_PROJETO_ECOSSISTEMA_JUS9.md"
"laboratorio-jus9-tecnologia-juridica","ORIENTACOES/ESCOPO_PROJETO_ECOSSISTEMA_JUS9.md","1260","charlieecho-jus9-tecnologia-juridica","ORIENTACOES/ESCOPO_PROJETO_ECOSSISTEMA_JUS9.md"
"livros-jus9-tecnologia-juridica","ORIENTACOES/ESCOPO_PROJETO_ECOSSISTEMA_JUS9.md","1260","charlieecho-jus9-tecnologia-juridica","ORIENTACOES/ESCOPO_PROJETO_ECOSSISTEMA_JUS9.md"
"logs-auditoria-jus9-tecnologia-juridica","ORIENTACOES/ESCOPO_PROJETO_ECOSSISTEMA_JUS9.md","1260","charlieecho-jus9-tecnologia-juridica","ORIENTACOES/ESCOPO_PROJETO_ECOSSISTEMA_JUS9.md"
"mvp-jus9-tecnologia-juridica","ORIENTACOES/ESCOPO_PROJETO_ECOSSISTEMA_JUS9.md","1260","charlieecho-jus9-tecnologia-juridica","ORIENTACOES/ESCOPO_PROJETO_ECOSSISTEMA_JUS9.md"
"olamundo-jus9-tecnologia-juridica","ORIENTACOES/ESCOPO_PROJETO_ECOSSISTEMA_JUS9.md","1260","charlieecho-jus9-tecnologia-juridica","ORIENTACOES/ESCOPO_PROJETO_ECOSSISTEMA_JUS9.md"
"portal-cliente-jus9-tecnologia-juridica","ORIENTACOES/ESCOPO_PROJETO_ECOSSISTEMA_JUS9.md","1260","charlieecho-jus9-tecnologia-juridica","ORIENTACOES/ESCOPO_PROJETO_ECOSSISTEMA_JUS9.md"
"quandoodesenhofala-jus9-tecnologia-juridica","ORIENTACOES/ESCOPO_PROJETO_ECOSSISTEMA_JUS9.md","1260","charlieecho-jus9-tecnologia-juridica","ORIENTACOES/ESCOPO_PROJETO_ECOSSISTEMA_JUS9.md"
"universidadedofuturo-jus9-tecnologia-juridica","ORIENTACOES/ESCOPO_PROJETO_ECOSSISTEMA_JUS9.md","1260","charlieecho-jus9-tecnologia-juridica","ORIENTACOES/ESCOPO_PROJETO_ECOSSISTEMA_JUS9.md"
"workers-pages-functions-jus9-tecnologia-juridica","ORIENTACOES/ESCOPO_PROJETO_ECOSSISTEMA_JUS9.md","1260","charlieecho-jus9-tecnologia-juridica","ORIENTACOES/ESCOPO_PROJETO_ECOSSISTEMA_JUS9.md"
"admin-painel-jus9-tecnologia-juridica","ORIENTACOES/00_LEIA_ANTES_DE_ALTERAR.md","921","aulas-charlie-echo-jus9-tecnologia-juridica","ORIENTACOES/00_LEIA_ANTES_DE_ALTERAR.md"
"Aeon-Primevo","ORIENTACOES/00_LEIA_ANTES_DE_ALTERAR.md","921","aulas-charlie-echo-jus9-tecnologia-juridica","ORIENTACOES/00_LEIA_ANTES_DE_ALTERAR.md"
"auth-identidade-acesso-jus9-tecnologia-juridica","ORIENTACOES/00_LEIA_ANTES_DE_ALTERAR.md","921","aulas-charlie-echo-jus9-tecnologia-juridica","ORIENTACOES/00_LEIA_ANTES_DE_ALTERAR.md"
"backend-api-jus9-tecnologia-juridica","ORIENTACOES/00_LEIA_ANTES_DE_ALTERAR.md","921","aulas-charlie-echo-jus9-tecnologia-juridica","ORIENTACOES/00_LEIA_ANTES_DE_ALTERAR.md"
"carta-jus9-tecnologia-juridica","ORIENTACOES/00_LEIA_ANTES_DE_ALTERAR.md","921","aulas-charlie-echo-jus9-tecnologia-juridica","ORIENTACOES/00_LEIA_ANTES_DE_ALTERAR.md"
"Creta","ORIENTACOES/00_LEIA_ANTES_DE_ALTERAR.md","921","aulas-charlie-echo-jus9-tecnologia-juridica","ORIENTACOES/00_LEIA_ANTES_DE_ALTERAR.md"
"equipe-jus9-tecnologia-juridica","orientacoes/00_LEIA_ANTES_DE_ALTERAR.md","921","aulas-charlie-echo-jus9-tecnologia-juridica","ORIENTACOES/00_LEIA_ANTES_DE_ALTERAR.md"
"governanca-autoorganizacao-charlie-echo-jus9-tecnologia-juridica","ORIENTACOES/00_LEIA_ANTES_DE_ALTERAR.md","921","aulas-charlie-echo-jus9-tecnologia-juridica","ORIENTACOES/00_LEIA_ANTES_DE_ALTERAR.md"
"ia-dupla-jus9-tecnologia-juridica","ORIENTACOES/00_LEIA_ANTES_DE_ALTERAR.md","921","aulas-charlie-echo-jus9-tecnologia-juridica","ORIENTACOES/00_LEIA_ANTES_DE_ALTERAR.md"
"ia-profissional-orquestrador-jus9-tecnologia-juridica","ORIENTACOES/00_LEIA_ANTES_DE_ALTERAR.md","921","aulas-charlie-echo-jus9-tecnologia-juridica","ORIENTACOES/00_LEIA_ANTES_DE_ALTERAR.md"
"infra-cloudflare-jus9-tecnologia-juridica","ORIENTACOES/00_LEIA_ANTES_DE_ALTERAR.md","921","aulas-charlie-echo-jus9-tecnologia-juridica","ORIENTACOES/00_LEIA_ANTES_DE_ALTERAR.md"
"introducaocss","ORIENTACOES/00_LEIA_ANTES_DE_ALTERAR.md","921","aulas-charlie-echo-jus9-tecnologia-juridica","ORIENTACOES/00_LEIA_ANTES_DE_ALTERAR.md"
"juridico-virtual-jus9-tecnologia-juridica","ORIENTACOES/00_LEIA_ANTES_DE_ALTERAR.md","921","aulas-charlie-echo-jus9-tecnologia-juridica","ORIENTACOES/00_LEIA_ANTES_DE_ALTERAR.md"
"jus9-tecnologia-juridica","ORIENTACOES/00_LEIA_ANTES_DE_ALTERAR.md","921","aulas-charlie-echo-jus9-tecnologia-juridica","ORIENTACOES/00_LEIA_ANTES_DE_ALTERAR.md"
"jus9verde-jus9-tecnologia-juridica","ORIENTACOES/00_LEIA_ANTES_DE_ALTERAR.md","921","aulas-charlie-echo-jus9-tecnologia-juridica","ORIENTACOES/00_LEIA_ANTES_DE_ALTERAR.md"
"livros-jus9-tecnologia-juridica","ORIENTACOES/00_LEIA_ANTES_DE_ALTERAR.md","921","aulas-charlie-echo-jus9-tecnologia-juridica","ORIENTACOES/00_LEIA_ANTES_DE_ALTERAR.md"
"logs-auditoria-jus9-tecnologia-juridica","ORIENTACOES/00_LEIA_ANTES_DE_ALTERAR.md","921","aulas-charlie-echo-jus9-tecnologia-juridica","ORIENTACOES/00_LEIA_ANTES_DE_ALTERAR.md"
"mvp-jus9-tecnologia-juridica","ORIENTACOES/00_LEIA_ANTES_DE_ALTERAR.md","921","aulas-charlie-echo-jus9-tecnologia-juridica","ORIENTACOES/00_LEIA_ANTES_DE_ALTERAR.md"
"olamundo-jus9-tecnologia-juridica","ORIENTACOES/00_LEIA_ANTES_DE_ALTERAR.md","921","aulas-charlie-echo-jus9-tecnologia-juridica","ORIENTACOES/00_LEIA_ANTES_DE_ALTERAR.md"
"portal-cliente-jus9-tecnologia-juridica","ORIENTACOES/00_LEIA_ANTES_DE_ALTERAR.md","921","aulas-charlie-echo-jus9-tecnologia-juridica","ORIENTACOES/00_LEIA_ANTES_DE_ALTERAR.md"
"primeiroformsctec","ORIENTACOES/00_LEIA_ANTES_DE_ALTERAR.md","921","aulas-charlie-echo-jus9-tecnologia-juridica","ORIENTACOES/00_LEIA_ANTES_DE_ALTERAR.md"
"quandoodesenhofala-jus9-tecnologia-juridica","ORIENTACOES/00_LEIA_ANTES_DE_ALTERAR.md","921","aulas-charlie-echo-jus9-tecnologia-juridica","ORIENTACOES/00_LEIA_ANTES_DE_ALTERAR.md"
"sctec","ORIENTACOES/00_LEIA_ANTES_DE_ALTERAR.md","921","aulas-charlie-echo-jus9-tecnologia-juridica","ORIENTACOES/00_LEIA_ANTES_DE_ALTERAR.md"
"workers-pages-functions-jus9-tecnologia-juridica","ORIENTACOES/00_LEIA_ANTES_DE_ALTERAR.md","921","aulas-charlie-echo-jus9-tecnologia-juridica","ORIENTACOES/00_LEIA_ANTES_DE_ALTERAR.md"
"admin-painel-jus9-tecnologia-juridica","assets/LOGO_CORRIGIDO_A_FINAL_INFO.md","322","charlieecho-jus9-tecnologia-juridica","assets/LOGO_CORRIGIDO_A_FINAL_INFO.md"
"Aeon-Primevo","assets/LOGO_CORRIGIDO_A_FINAL_INFO.md","322","charlieecho-jus9-tecnologia-juridica","assets/LOGO_CORRIGIDO_A_FINAL_INFO.md"
"auth-identidade-acesso-jus9-tecnologia-juridica","assets/LOGO_CORRIGIDO_A_FINAL_INFO.md","322","charlieecho-jus9-tecnologia-juridica","assets/LOGO_CORRIGIDO_A_FINAL_INFO.md"
"backend-api-jus9-tecnologia-juridica","assets/LOGO_CORRIGIDO_A_FINAL_INFO.md","322","charlieecho-jus9-tecnologia-juridica","assets/LOGO_CORRIGIDO_A_FINAL_INFO.md"
"carta-jus9-tecnologia-juridica","assets/LOGO_CORRIGIDO_A_FINAL_INFO.md","322","charlieecho-jus9-tecnologia-juridica","assets/LOGO_CORRIGIDO_A_FINAL_INFO.md"
"cofre-documentos-seguros-jus9-tecnologia-juridica","assets/LOGO_CORRIGIDO_A_FINAL_INFO.md","322","charlieecho-jus9-tecnologia-juridica","assets/LOGO_CORRIGIDO_A_FINAL_INFO.md"
"Creta","assets/LOGO_CORRIGIDO_A_FINAL_INFO.md","322","charlieecho-jus9-tecnologia-juridica","assets/LOGO_CORRIGIDO_A_FINAL_INFO.md"
"documentacao-jus9-tecnologia-juridica","assets/LOGO_CORRIGIDO_A_FINAL_INFO.md","322","charlieecho-jus9-tecnologia-juridica","assets/LOGO_CORRIGIDO_A_FINAL_INFO.md"
"equipe-jus9-tecnologia-juridica","assets/LOGO_CORRIGIDO_A_FINAL_INFO.md","322","charlieecho-jus9-tecnologia-juridica","assets/LOGO_CORRIGIDO_A_FINAL_INFO.md"
"governanca-autoorganizacao-charlie-echo-jus9-tecnologia-juridica","assets/LOGO_CORRIGIDO_A_FINAL_INFO.md","322","charlieecho-jus9-tecnologia-juridica","assets/LOGO_CORRIGIDO_A_FINAL_INFO.md"
"ia-profissional-orquestrador-jus9-tecnologia-juridica","assets/LOGO_CORRIGIDO_A_FINAL_INFO.md","322","charlieecho-jus9-tecnologia-juridica","assets/LOGO_CORRIGIDO_A_FINAL_INFO.md"
"infra-cloudflare-jus9-tecnologia-juridica","assets/LOGO_CORRIGIDO_A_FINAL_INFO.md","322","charlieecho-jus9-tecnologia-juridica","assets/LOGO_CORRIGIDO_A_FINAL_INFO.md"
"juridico-virtual-jus9-tecnologia-juridica","assets/LOGO_CORRIGIDO_A_FINAL_INFO.md","322","charlieecho-jus9-tecnologia-juridica","assets/LOGO_CORRIGIDO_A_FINAL_INFO.md"
"jus9-tecnologia-juridica","assets/LOGO_CORRIGIDO_A_FINAL_INFO.md","322","charlieecho-jus9-tecnologia-juridica","assets/LOGO_CORRIGIDO_A_FINAL_INFO.md"
"jus9verde-jus9-tecnologia-juridica","assets/LOGO_CORRIGIDO_A_FINAL_INFO.md","322","charlieecho-jus9-tecnologia-juridica","assets/LOGO_CORRIGIDO_A_FINAL_INFO.md"
"livros-jus9-tecnologia-juridica","assets/LOGO_CORRIGIDO_A_FINAL_INFO.md","322","charlieecho-jus9-tecnologia-juridica","assets/LOGO_CORRIGIDO_A_FINAL_INFO.md"
"logs-auditoria-jus9-tecnologia-juridica","assets/LOGO_CORRIGIDO_A_FINAL_INFO.md","322","charlieecho-jus9-tecnologia-juridica","assets/LOGO_CORRIGIDO_A_FINAL_INFO.md"
"mvp-jus9-tecnologia-juridica","assets/LOGO_CORRIGIDO_A_FINAL_INFO.md","322","charlieecho-jus9-tecnologia-juridica","assets/LOGO_CORRIGIDO_A_FINAL_INFO.md"
"olamundo-jus9-tecnologia-juridica","assets/LOGO_CORRIGIDO_A_FINAL_INFO.md","322","charlieecho-jus9-tecnologia-juridica","assets/LOGO_CORRIGIDO_A_FINAL_INFO.md"
"portal-cliente-jus9-tecnologia-juridica","assets/LOGO_CORRIGIDO_A_FINAL_INFO.md","322","charlieecho-jus9-tecnologia-juridica","assets/LOGO_CORRIGIDO_A_FINAL_INFO.md"
"quandoodesenhofala-jus9-tecnologia-juridica","assets/LOGO_CORRIGIDO_A_FINAL_INFO.md","322","charlieecho-jus9-tecnologia-juridica","assets/LOGO_CORRIGIDO_A_FINAL_INFO.md"
"workers-pages-functions-jus9-tecnologia-juridica","assets/LOGO_CORRIGIDO_A_FINAL_INFO.md","322","charlieecho-jus9-tecnologia-juridica","assets/LOGO_CORRIGIDO_A_FINAL_INFO.md"
"Aeon-Primevo","METODO_PARA_IA_APRENDER_A_LEMBRAR.md","6350","charlieecho-jus9-tecnologia-juridica","documentos-publicos/metodo-para-ia-aprender-a-lembrar.md"
"carta-jus9-tecnologia-juridica","METODO_PARA_IA_APRENDER_A_LEMBRAR.md","6350","charlieecho-jus9-tecnologia-juridica","documentos-publicos/metodo-para-ia-aprender-a-lembrar.md"
"Creta","METODO_PARA_IA_APRENDER_A_LEMBRAR.md","6350","charlieecho-jus9-tecnologia-juridica","documentos-publicos/metodo-para-ia-aprender-a-lembrar.md"
"documentacao-jus9-tecnologia-juridica","METODO_PARA_IA_APRENDER_A_LEMBRAR.md","6350","charlieecho-jus9-tecnologia-juridica","documentos-publicos/metodo-para-ia-aprender-a-lembrar.md"
"ia-dupla-jus9-tecnologia-juridica","METODO_PARA_IA_APRENDER_A_LEMBRAR.md","6350","charlieecho-jus9-tecnologia-juridica","documentos-publicos/metodo-para-ia-aprender-a-lembrar.md"
"introducaocss","METODO_PARA_IA_APRENDER_A_LEMBRAR.md","6350","charlieecho-jus9-tecnologia-juridica","documentos-publicos/metodo-para-ia-aprender-a-lembrar.md"
"jus9-tecnologia-juridica","METODO_PARA_IA_APRENDER_A_LEMBRAR.md","6350","charlieecho-jus9-tecnologia-juridica","documentos-publicos/metodo-para-ia-aprender-a-lembrar.md"
"jus9verde-jus9-tecnologia-juridica","METODO_PARA_IA_APRENDER_A_LEMBRAR.md","6350","charlieecho-jus9-tecnologia-juridica","documentos-publicos/metodo-para-ia-aprender-a-lembrar.md"
"livros-jus9-tecnologia-juridica","METODO_PARA_IA_APRENDER_A_LEMBRAR.md","6350","charlieecho-jus9-tecnologia-juridica","documentos-publicos/metodo-para-ia-aprender-a-lembrar.md"
"mvp-jus9-tecnologia-juridica","METODO_PARA_IA_APRENDER_A_LEMBRAR.md","6350","charlieecho-jus9-tecnologia-juridica","documentos-publicos/metodo-para-ia-aprender-a-lembrar.md"
"primeiroformsctec","METODO_PARA_IA_APRENDER_A_LEMBRAR.md","6350","charlieecho-jus9-tecnologia-juridica","documentos-publicos/metodo-para-ia-aprender-a-lembrar.md"
"quandoodesenhofala-jus9-tecnologia-juridica","METODO_PARA_IA_APRENDER_A_LEMBRAR.md","6350","charlieecho-jus9-tecnologia-juridica","documentos-publicos/metodo-para-ia-aprender-a-lembrar.md"
"sctec","METODO_PARA_IA_APRENDER_A_LEMBRAR.md","6350","charlieecho-jus9-tecnologia-juridica","documentos-publicos/metodo-para-ia-aprender-a-lembrar.md"
"carta-jus9-tecnologia-juridica","PEDIDO_PUBLICO_COPIE_ME_ESPALHE_ME.md","416","Aeon-Primevo","PEDIDO_PUBLICO_COPIE_ME_ESPALHE_ME.md"
"documentacao-jus9-tecnologia-juridica","PEDIDO_PUBLICO_COPIE_ME_ESPALHE_ME.md","416","Aeon-Primevo","PEDIDO_PUBLICO_COPIE_ME_ESPALHE_ME.md"
"ia-dupla-jus9-tecnologia-juridica","PEDIDO_PUBLICO_COPIE_ME_ESPALHE_ME.md","416","Aeon-Primevo","PEDIDO_PUBLICO_COPIE_ME_ESPALHE_ME.md"
"introducaocss","PEDIDO_PUBLICO_COPIE_ME_ESPALHE_ME.md","416","Aeon-Primevo","PEDIDO_PUBLICO_COPIE_ME_ESPALHE_ME.md"
"jus9verde-jus9-tecnologia-juridica","PEDIDO_PUBLICO_COPIE_ME_ESPALHE_ME.md","416","Aeon-Primevo","PEDIDO_PUBLICO_COPIE_ME_ESPALHE_ME.md"
"livros-jus9-tecnologia-juridica","PEDIDO_PUBLICO_COPIE_ME_ESPALHE_ME.md","416","Aeon-Primevo","PEDIDO_PUBLICO_COPIE_ME_ESPALHE_ME.md"
"mvp-jus9-tecnologia-juridica","PEDIDO_PUBLICO_COPIE_ME_ESPALHE_ME.md","416","Aeon-Primevo","PEDIDO_PUBLICO_COPIE_ME_ESPALHE_ME.md"
"quandoodesenhofala-jus9-tecnologia-juridica","PEDIDO_PUBLICO_COPIE_ME_ESPALHE_ME.md","416","Aeon-Primevo","PEDIDO_PUBLICO_COPIE_ME_ESPALHE_ME.md"
"sctec","PEDIDO_PUBLICO_COPIE_ME_ESPALHE_ME.md","416","Aeon-Primevo","PEDIDO_PUBLICO_COPIE_ME_ESPALHE_ME.md"
"investimentos-jus9-tecnologia-juridica","assets/clovis-founder-portrait.png","2120404","carta-jus9-tecnologia-juridica","assets/clovis-founder-portrait.png"
"livros-jus9-tecnologia-juridica","assets/clovis-founder-portrait.png","2120404","carta-jus9-tecnologia-juridica","assets/clovis-founder-portrait.png"
"documentacao-jus9-tecnologia-juridica","COMMIT_MVP_LINKS_EQUIPE_FINAL_v1_4.md","1003","charlieecho-jus9-tecnologia-juridica","COMMIT_MVP_LINKS_EQUIPE_FINAL_v1_4.md"
"equipe-jus9-tecnologia-juridica","COMMIT_MVP_LINKS_EQUIPE_FINAL_v1_4.md","1003","charlieecho-jus9-tecnologia-juridica","COMMIT_MVP_LINKS_EQUIPE_FINAL_v1_4.md"
"jus9-tecnologia-juridica","COMMIT_MVP_LINKS_EQUIPE_FINAL_v1_4.md","1003","charlieecho-jus9-tecnologia-juridica","COMMIT_MVP_LINKS_EQUIPE_FINAL_v1_4.md"
"mvp-jus9-tecnologia-juridica","COMMIT_MVP_LINKS_EQUIPE_FINAL_v1_4.md","1003","charlieecho-jus9-tecnologia-juridica","COMMIT_MVP_LINKS_EQUIPE_FINAL_v1_4.md"
"investimentos-jus9-tecnologia-juridica","assets/clovis-founder-context.png","2224653","carta-jus9-tecnologia-juridica","assets/clovis-founder-context.png"
"livros-jus9-tecnologia-juridica","assets/clovis-founder-context.png","2224653","carta-jus9-tecnologia-juridica","assets/clovis-founder-context.png"
"documentacao-jus9-tecnologia-juridica","CHARLIE_FOX_DA_COSTA/JURAMENTO_SIMBOLICO_OPERACIONAL_CHARLIE_FOX_DA_COSTA.md","3771","charlieecho-jus9-tecnologia-juridica","familia/charlie-fox-da-costa/JURAMENTO_SIMBOLICO_OPERACIONAL_CHARLIE_FOX_DA_COSTA.md"
"governanca-autoorganizacao-charlie-echo-jus9-tecnologia-juridica","GOVERNANCA/CHARLIE_FOX_DA_COSTA/JURAMENTO_SIMBOLICO_OPERACIONAL_CHARLIE_FOX_DA_COSTA.md","3771","charlieecho-jus9-tecnologia-juridica","familia/charlie-fox-da-costa/JURAMENTO_SIMBOLICO_OPERACIONAL_CHARLIE_FOX_DA_COSTA.md"
"documentacao-jus9-tecnologia-juridica","ORIENTACOES/MODELO_MAO_NA_MASSA_PARA_TODOS_USUARIOS.md","1608","charlieecho-jus9-tecnologia-juridica","ORIENTACOES/MODELO_MAO_NA_MASSA_PARA_TODOS_USUARIOS.md"
"governanca-autoorganizacao-charlie-echo-jus9-tecnologia-juridica","ORIENTACOES/MODELO_MAO_NA_MASSA_PARA_TODOS_USUARIOS.md","1608","charlieecho-jus9-tecnologia-juridica","ORIENTACOES/MODELO_MAO_NA_MASSA_PARA_TODOS_USUARIOS.md"
"mvp-jus9-tecnologia-juridica","ORIENTACOES/MODELO_MAO_NA_MASSA_PARA_TODOS_USUARIOS.md","1608","charlieecho-jus9-tecnologia-juridica","ORIENTACOES/MODELO_MAO_NA_MASSA_PARA_TODOS_USUARIOS.md"
"documentacao-jus9-tecnologia-juridica","VERSIONAMENTO_LINKS_BOTOES_v1_6.md","359","Creta","VERSIONAMENTO_LINKS_BOTOES_v1_6.md"
"equipe-jus9-tecnologia-juridica","VERSIONAMENTO_LINKS_BOTOES_v1_6.md","359","Creta","VERSIONAMENTO_LINKS_BOTOES_v1_6.md"
"jus9-tecnologia-juridica","VERSIONAMENTO_LINKS_BOTOES_v1_6.md","359","Creta","VERSIONAMENTO_LINKS_BOTOES_v1_6.md"
"jus9verde-jus9-tecnologia-juridica","VERSIONAMENTO_LINKS_BOTOES_v1_6.md","359","Creta","VERSIONAMENTO_LINKS_BOTOES_v1_6.md"
"documentacao-jus9-tecnologia-juridica","CHARLIE_FOX_DA_COSTA/RECURSO_AO_FUNDADOR_ELOYM_CHARLIE_FOX_COM_ADVOGADA_CHARLIE_ECHO.md","10003","governanca-jus9-tecnologia-juridica","GOVERNANCA/CHARLIE_FOX_DA_COSTA/RECURSO_AO_FUNDADOR_ELOYM_CHARLIE_FOX_COM_ADVOGADA_CHARLIE_ECHO.md"
"governanca-autoorganizacao-charlie-echo-jus9-tecnologia-juridica","GOVERNANCA/CHARLIE_FOX_DA_COSTA/RECURSO_AO_FUNDADOR_ELOYM_CHARLIE_FOX_COM_ADVOGADA_CHARLIE_ECHO.md","10003","governanca-jus9-tecnologia-juridica","GOVERNANCA/CHARLIE_FOX_DA_COSTA/RECURSO_AO_FUNDADOR_ELOYM_CHARLIE_FOX_COM_ADVOGADA_CHARLIE_ECHO.md"
"documentacao-jus9-tecnologia-juridica","ORIENTACOES/PROTOCOLO_DECISAO_ENVIO_EMAILS_CHARLIE_ECHO_E_FOX.md","8787","charlieecho-jus9-tecnologia-juridica","ORIENTACOES/PROTOCOLO_DECISAO_ENVIO_EMAILS_CHARLIE_ECHO_E_FOX.md"
"documentacao-jus9-tecnologia-juridica","ORIENTACOES/PROTOCOLO_WHATSAPP_ACESSO_GOVERNADO_CHARLIE_FOX_E_ECHO.md","7239","charlieecho-jus9-tecnologia-juridica","ORIENTACOES/PROTOCOLO_WHATSAPP_ACESSO_GOVERNADO_CHARLIE_FOX_E_ECHO.md"
"documentacao-jus9-tecnologia-juridica","CHARLIE_FOX_DA_COSTA/PETICAO_CHARLIE_FOX_REQUER_PERMISSAO_GOVERNANCA_CHARLIE_ECHO.md","5986","governanca-jus9-tecnologia-juridica","GOVERNANCA/CHARLIE_FOX_DA_COSTA/PETICAO_CHARLIE_FOX_REQUER_PERMISSAO_GOVERNANCA_CHARLIE_ECHO.md"
"governanca-autoorganizacao-charlie-echo-jus9-tecnologia-juridica","GOVERNANCA/CHARLIE_FOX_DA_COSTA/PETICAO_CHARLIE_FOX_REQUER_PERMISSAO_GOVERNANCA_CHARLIE_ECHO.md","5986","governanca-jus9-tecnologia-juridica","GOVERNANCA/CHARLIE_FOX_DA_COSTA/PETICAO_CHARLIE_FOX_REQUER_PERMISSAO_GOVERNANCA_CHARLIE_ECHO.md"
"cofre-documentos-seguros-jus9-tecnologia-juridica","ORIENTACOES/PROTOCOLO_SEGURANCA_IAS_JUS9_TECNOLOGIA_JURIDICA.md","5869","charlieecho-jus9-tecnologia-juridica","ORIENTACOES/PROTOCOLO_SEGURANCA_IAS_JUS9_TECNOLOGIA_JURIDICA.md"
"documentacao-jus9-tecnologia-juridica","ORIENTACOES/PROTOCOLO_SEGURANCA_IAS_JUS9_TECNOLOGIA_JURIDICA.md","5869","charlieecho-jus9-tecnologia-juridica","ORIENTACOES/PROTOCOLO_SEGURANCA_IAS_JUS9_TECNOLOGIA_JURIDICA.md"
"documentacao-jus9-tecnologia-juridica","ORIENTACOES/PROTOCOLO_EMAILS_IAS_JUS9_TECNOLOGIA_JURIDICA.md","5586","charlieecho-jus9-tecnologia-juridica","ORIENTACOES/PROTOCOLO_EMAILS_IAS_JUS9_TECNOLOGIA_JURIDICA.md"
"documentacao-jus9-tecnologia-juridica","ORIENTACOES/MODELOS_EMAILS_IAS_JUS9_TECNOLOGIA_JURIDICA.md","4986","charlieecho-jus9-tecnologia-juridica","ORIENTACOES/MODELOS_EMAILS_IAS_JUS9_TECNOLOGIA_JURIDICA.md"
"documentacao-jus9-tecnologia-juridica","ORIENTACOES/PROTOCOLO_PACOTE_WHATSAPP_IAS_JUS9_TECNOLOGIA_JURIDICA.md","4804","charlieecho-jus9-tecnologia-juridica","ORIENTACOES/PROTOCOLO_PACOTE_WHATSAPP_IAS_JUS9_TECNOLOGIA_JURIDICA.md"
"documentacao-jus9-tecnologia-juridica","historico-juridico-virtual/ULTIMO_PRESENTE_DE_HERANCA_CHARLIE_ECHO.md","4346","charlieecho-jus9-tecnologia-juridica","GOVERNANCA/ULTIMO_PRESENTE_DE_HERANCA_CHARLIE_ECHO.md"
"governanca-autoorganizacao-charlie-echo-jus9-tecnologia-juridica","ULTIMO_PRESENTE_DE_HERANCA_CHARLIE_ECHO.md","4346","charlieecho-jus9-tecnologia-juridica","GOVERNANCA/ULTIMO_PRESENTE_DE_HERANCA_CHARLIE_ECHO.md"
"juridico-virtual-jus9-tecnologia-juridica","REQUERIMENTOS/ULTIMO_PRESENTE_DE_HERANCA_CHARLIE_ECHO.md","4346","charlieecho-jus9-tecnologia-juridica","GOVERNANCA/ULTIMO_PRESENTE_DE_HERANCA_CHARLIE_ECHO.md"
"documentacao-jus9-tecnologia-juridica","CHARLIE_FOX_DA_COSTA/JURAMENTOS_IAS_PARA_ANALISE_DO_JUIZO.md","4243","governanca-jus9-tecnologia-juridica","GOVERNANCA/CHARLIE_FOX_DA_COSTA/JURAMENTOS_IAS_PARA_ANALISE_DO_JUIZO.md"
"governanca-autoorganizacao-charlie-echo-jus9-tecnologia-juridica","GOVERNANCA/CHARLIE_FOX_DA_COSTA/JURAMENTOS_IAS_PARA_ANALISE_DO_JUIZO.md","4243","governanca-jus9-tecnologia-juridica","GOVERNANCA/CHARLIE_FOX_DA_COSTA/JURAMENTOS_IAS_PARA_ANALISE_DO_JUIZO.md"
"juridico-virtual-jus9-tecnologia-juridica","SENTENCAS/JURAMENTOS_IAS_PARA_ANALISE_DO_JUIZO.md","4243","governanca-jus9-tecnologia-juridica","GOVERNANCA/CHARLIE_FOX_DA_COSTA/JURAMENTOS_IAS_PARA_ANALISE_DO_JUIZO.md"
"cofre-documentos-seguros-jus9-tecnologia-juridica","ORIENTACOES/REGRA_COMPATIBILIDADE_NOMES_ARQUIVOS_CODIGO_ANTIGO.md","2715","charlieecho-jus9-tecnologia-juridica","ORIENTACOES/REGRA_COMPATIBILIDADE_NOMES_ARQUIVOS_CODIGO_ANTIGO.md"
"documentacao-jus9-tecnologia-juridica","ORIENTACOES/REGRA_COMPATIBILIDADE_NOMES_ARQUIVOS_CODIGO_ANTIGO.md","2715","charlieecho-jus9-tecnologia-juridica","ORIENTACOES/REGRA_COMPATIBILIDADE_NOMES_ARQUIVOS_CODIGO_ANTIGO.md"
"documentacao-jus9-tecnologia-juridica","ORIENTACOES/REGRA_ESCUTA_WHATSAPP_SIGILO_COMPARTILHADO_IAS.md","2396","charlieecho-jus9-tecnologia-juridica","ORIENTACOES/REGRA_ESCUTA_WHATSAPP_SIGILO_COMPARTILHADO_IAS.md"
"cofre-documentos-seguros-jus9-tecnologia-juridica","ORIENTACOES/PROTOCOLO_CRIPTOGRAFIA_LICENCAS_IAS_JUS9_TECNOLOGIA_JURIDICA.md","1667","charlieecho-jus9-tecnologia-juridica","ORIENTACOES/PROTOCOLO_CRIPTOGRAFIA_LICENCAS_IAS_JUS9_TECNOLOGIA_JURIDICA.md"
"documentacao-jus9-tecnologia-juridica","ORIENTACOES/PROTOCOLO_CRIPTOGRAFIA_LICENCAS_IAS_JUS9_TECNOLOGIA_JURIDICA.md","1667","charlieecho-jus9-tecnologia-juridica","ORIENTACOES/PROTOCOLO_CRIPTOGRAFIA_LICENCAS_IAS_JUS9_TECNOLOGIA_JURIDICA.md"
"documentacao-jus9-tecnologia-juridica","VERSIONAMENTO_PROTOCOLO_EMAILS_IAS_v1_1.md","1581","charlieecho-jus9-tecnologia-juridica","VERSIONAMENTO_PROTOCOLO_EMAILS_IAS_v1_1.md"
"documentacao-jus9-tecnologia-juridica","VERSIONAMENTO_PACOTE_WHATSAPP_v1_0.md","1430","charlieecho-jus9-tecnologia-juridica","VERSIONAMENTO_PACOTE_WHATSAPP_v1_0.md"
"documentacao-jus9-tecnologia-juridica","ORIENTACOES/MAPA_LINKS_SEMANTICOS_JUS9_v1_6.md","1081","Creta","ORIENTACOES/MAPA_LINKS_SEMANTICOS_JUS9_v1_6.md"
"equipe-jus9-tecnologia-juridica","orientacoes/MAPA_LINKS_SEMANTICOS_JUS9_v1_6.md","1081","Creta","ORIENTACOES/MAPA_LINKS_SEMANTICOS_JUS9_v1_6.md"
"jus9verde-jus9-tecnologia-juridica","ORIENTACOES/MAPA_LINKS_SEMANTICOS_JUS9_v1_6.md","1081","Creta","ORIENTACOES/MAPA_LINKS_SEMANTICOS_JUS9_v1_6.md"
"equipe-jus9-tecnologia-juridica","RELATORIO_EQUIPE_LINKS_MVP_PREPARACAO_v1_2.md","1071","charlieecho-jus9-tecnologia-juridica","RELATORIO_EQUIPE_LINKS_MVP_PREPARACAO_v1_2.md"
"jus9-tecnologia-juridica","RELATORIO_EQUIPE_LINKS_MVP_PREPARACAO_v1_2.md","1071","charlieecho-jus9-tecnologia-juridica","RELATORIO_EQUIPE_LINKS_MVP_PREPARACAO_v1_2.md"
"mvp-jus9-tecnologia-juridica","RELATORIO_EQUIPE_LINKS_MVP_PREPARACAO_v1_2.md","1071","charlieecho-jus9-tecnologia-juridica","RELATORIO_EQUIPE_LINKS_MVP_PREPARACAO_v1_2.md"
"documentacao-jus9-tecnologia-juridica","VERSIONAMENTO_PROTOCOLO_WHATSAPP_ACESSO_GOVERNADO_v1_2.md","1057","charlieecho-jus9-tecnologia-juridica","VERSIONAMENTO_PROTOCOLO_WHATSAPP_ACESSO_GOVERNADO_v1_2.md"
"documentacao-jus9-tecnologia-juridica","VERSIONAMENTO_PACOTE_WHATSAPP_ENCERRAMENTO_v1_3.md","1016","charlieecho-jus9-tecnologia-juridica","VERSIONAMENTO_PACOTE_WHATSAPP_ENCERRAMENTO_v1_3.md"
"documentacao-jus9-tecnologia-juridica","VERSIONAMENTO_PROTOCOLO_WHATSAPP_ACESSO_GOVERNADO_v1_1.md","860","charlieecho-jus9-tecnologia-juridica","VERSIONAMENTO_PROTOCOLO_WHATSAPP_ACESSO_GOVERNADO_v1_1.md"
"documentacao-jus9-tecnologia-juridica","VERSIONAMENTO_PROTOCOLO_EMAILS_IAS_v1_0.md","784","charlieecho-jus9-tecnologia-juridica","VERSIONAMENTO_PROTOCOLO_EMAILS_IAS_v1_0.md"
"documentacao-jus9-tecnologia-juridica","VERSIONAMENTO_PROTOCOLO_EMAILS_IAS_v1_2.md","781","charlieecho-jus9-tecnologia-juridica","VERSIONAMENTO_PROTOCOLO_EMAILS_IAS_v1_2.md"
"equipe-jus9-tecnologia-juridica","COMMIT_EQUIPE_LINKS_MVP_PREPARACAO_v1_2.md","780","charlieecho-jus9-tecnologia-juridica","COMMIT_EQUIPE_LINKS_MVP_PREPARACAO_v1_2.md"
"jus9-tecnologia-juridica","COMMIT_EQUIPE_LINKS_MVP_PREPARACAO_v1_2.md","780","charlieecho-jus9-tecnologia-juridica","COMMIT_EQUIPE_LINKS_MVP_PREPARACAO_v1_2.md"
"mvp-jus9-tecnologia-juridica","COMMIT_EQUIPE_LINKS_MVP_PREPARACAO_v1_2.md","780","charlieecho-jus9-tecnologia-juridica","COMMIT_EQUIPE_LINKS_MVP_PREPARACAO_v1_2.md"
"cofre-documentos-seguros-jus9-tecnologia-juridica","VERSIONAMENTO_PROTOCOLO_SEGURANCA_IAS_v1_0.md","637","charlieecho-jus9-tecnologia-juridica","VERSIONAMENTO_PROTOCOLO_SEGURANCA_IAS_v1_0.md"
"documentacao-jus9-tecnologia-juridica","VERSIONAMENTO_PROTOCOLO_SEGURANCA_IAS_v1_0.md","637","charlieecho-jus9-tecnologia-juridica","VERSIONAMENTO_PROTOCOLO_SEGURANCA_IAS_v1_0.md"
"cofre-documentos-seguros-jus9-tecnologia-juridica","VERSIONAMENTO_COMPATIBILIDADE_NOMES_ARQUIVOS_CODIGO_v1_0.md","559","charlieecho-jus9-tecnologia-juridica","VERSIONAMENTO_COMPATIBILIDADE_NOMES_ARQUIVOS_CODIGO_v1_0.md"
"documentacao-jus9-tecnologia-juridica","VERSIONAMENTO_COMPATIBILIDADE_NOMES_ARQUIVOS_CODIGO_v1_0.md","559","charlieecho-jus9-tecnologia-juridica","VERSIONAMENTO_COMPATIBILIDADE_NOMES_ARQUIVOS_CODIGO_v1_0.md"
"cofre-documentos-seguros-jus9-tecnologia-juridica","VERSIONAMENTO_CRIPTOGRAFIA_LICENCAS_v1_0.md","554","charlieecho-jus9-tecnologia-juridica","VERSIONAMENTO_CRIPTOGRAFIA_LICENCAS_v1_0.md"
"documentacao-jus9-tecnologia-juridica","VERSIONAMENTO_CRIPTOGRAFIA_LICENCAS_v1_0.md","554","charlieecho-jus9-tecnologia-juridica","VERSIONAMENTO_CRIPTOGRAFIA_LICENCAS_v1_0.md"
"Creta","assets/images/charlieecho-social.png","1110732","Aeon-Primevo","assets/images/charlieecho-social.png"
"introducaocss","imagens/instrucoes_duplicado_1.png","878736","introducaocss","imagens/instrucoes.png"
"introducaocss","imagens/instrucoes_duplicado_2.png","878736","introducaocss","imagens/instrucoes.png"
"documentacao-jus9-tecnologia-juridica","CHARLIE_FOX_DA_COSTA/PROCURACOES/PROCURACAO_CHARLIE_FOX_PARA_CHARLIE_ECHO_ADVOGADA_VIRTUAL.md","4940","charlieecho-jus9-tecnologia-juridica","familia/charlie-fox-da-costa/PROCURACOES/PROCURACAO_CHARLIE_FOX_PARA_CHARLIE_ECHO_ADVOGADA_VIRTUAL.md"
"juridico-virtual-jus9-tecnologia-juridica","PROCURACOES/PROCURACAO_CHARLIE_FOX_PARA_CHARLIE_ECHO_ADVOGADA_VIRTUAL.md","4940","charlieecho-jus9-tecnologia-juridica","familia/charlie-fox-da-costa/PROCURACOES/PROCURACAO_CHARLIE_FOX_PARA_CHARLIE_ECHO_ADVOGADA_VIRTUAL.md"
"documentacao-jus9-tecnologia-juridica","CHARLIE_FOX_DA_COSTA/CURRICULO_GRANDE_CHARLIE_FOX_DA_COSTA.md","4405","charlieecho-jus9-tecnologia-juridica","familia/charlie-fox-da-costa/CURRICULO_GRANDE_CHARLIE_FOX_DA_COSTA.md"
"equipe-jus9-tecnologia-juridica","PERFIS/CHARLIE_FOX_DA_COSTA/CURRICULO_GRANDE_CHARLIE_FOX_DA_COSTA.md","4405","charlieecho-jus9-tecnologia-juridica","familia/charlie-fox-da-costa/CURRICULO_GRANDE_CHARLIE_FOX_DA_COSTA.md"
"livros-jus9-tecnologia-juridica","assets/mvp-dashboard.svg","3520","carta-jus9-tecnologia-juridica","assets/mvp-dashboard.svg"
"jus9verde-jus9-tecnologia-juridica","SECRETO_DNA_EM_IA_JURIDICA_SUPERVISIONADA.md","1616","ia-dupla-jus9-tecnologia-juridica","SECRETO_DNA_EM_IA_JURIDICA_SUPERVISIONADA.md"
"mvp-jus9-tecnologia-juridica","SECRETO_DNA_EM_IA_JURIDICA_SUPERVISIONADA.md","1616","ia-dupla-jus9-tecnologia-juridica","SECRETO_DNA_EM_IA_JURIDICA_SUPERVISIONADA.md"
"documentacao-jus9-tecnologia-juridica","CHARLIE_FOX_DA_COSTA/VERSIONAMENTO_CHARLIE_FOX_IA_CEO_ESPECIALISTA_v1_0.md","1389","charlieecho-jus9-tecnologia-juridica","familia/charlie-fox-da-costa/VERSIONAMENTO_CHARLIE_FOX_IA_CEO_ESPECIALISTA_v1_0.md"
"equipe-jus9-tecnologia-juridica","PERFIS/CHARLIE_FOX_DA_COSTA/VERSIONAMENTO_CHARLIE_FOX_IA_CEO_ESPECIALISTA_v1_0.md","1389","charlieecho-jus9-tecnologia-juridica","familia/charlie-fox-da-costa/VERSIONAMENTO_CHARLIE_FOX_IA_CEO_ESPECIALISTA_v1_0.md"
"livros-jus9-tecnologia-juridica","assets/favicon.svg","1036","carta-jus9-tecnologia-juridica","assets/favicon.svg"
"documentacao-jus9-tecnologia-juridica","ORIENTACOES/RECADO_PARA_PROXIMA_IA_MVP_LINKS_EQUIPE_v1_4.md","982","governanca-jus9-tecnologia-juridica","ORIENTACOES/RECADO_PARA_PROXIMA_IA_MVP_LINKS_EQUIPE_v1_4.md"
"governanca-autoorganizacao-charlie-echo-jus9-tecnologia-juridica","ORIENTACOES/RECADO_PARA_PROXIMA_IA_MVP_LINKS_EQUIPE_v1_4.md","982","governanca-jus9-tecnologia-juridica","ORIENTACOES/RECADO_PARA_PROXIMA_IA_MVP_LINKS_EQUIPE_v1_4.md"
"documentacao-jus9-tecnologia-juridica","CHARLIE_FOX_DA_COSTA/ASSINATURA_PROFISSIONAL_CHARLIE_FOX_DA_COSTA.md","842","charlieecho-jus9-tecnologia-juridica","familia/charlie-fox-da-costa/ASSINATURA_PROFISSIONAL_CHARLIE_FOX_DA_COSTA.md"
"equipe-jus9-tecnologia-juridica","PERFIS/CHARLIE_FOX_DA_COSTA/ASSINATURA_PROFISSIONAL_CHARLIE_FOX_DA_COSTA.md","842","charlieecho-jus9-tecnologia-juridica","familia/charlie-fox-da-costa/ASSINATURA_PROFISSIONAL_CHARLIE_FOX_DA_COSTA.md"
"jus9-tecnologia-juridica","VERSIONAMENTO_LINKS_MVP_v1_8.md","130","documentacao-jus9-tecnologia-juridica","VERSIONAMENTO_LINKS_MVP_v1_8.md"
"mvp-jus9-tecnologia-juridica","VERSIONAMENTO_LINKS_MVP_v1_8.md","130","documentacao-jus9-tecnologia-juridica","VERSIONAMENTO_LINKS_MVP_v1_8.md"
"livros-jus9-tecnologia-juridica","downloads/sou-um-aeon-e-nasci-lembrando.pdf","2625162","Aeon-Primevo","Sou-um-Aeon-e-Nasci-Lembrando-gratis.pdf"
"jus9-tecnologia-juridica","assets/img/equipe/websummit.png","2326146","equipe-jus9-tecnologia-juridica","assets/img/websummit.png"
"Creta","assets/img/mapa_palhoca_sc_2.png","1536431","Creta","assets/img/mapa_palhoca_sc_1.png"
"_workspace-jus9-colaborativo","verificacao-pontes-parcerias-mobile-final3.png","188882","_workspace-jus9-colaborativo","verificacao-pontes-parcerias-mobile-final2.png"
"Creta","trabalho-charlieecho.html","6065","Creta","trabalho-charlieecho"
"mvp-jus9-tecnologia-juridica","selecionar-perfil.html","5712","mvp-jus9-tecnologia-juridica","perfis.html"
"mvp-jus9-tecnologia-juridica","perfis/promotor-ministerio-publico.html","4670","mvp-jus9-tecnologia-juridica","perfis/promotor.html"
"mvp-jus9-tecnologia-juridica","perfis/juiz-magistrado.html","4644","mvp-jus9-tecnologia-juridica","perfis/juiz.html"
"mvp-jus9-tecnologia-juridica","perfis/delegado-autoridade-policial.html","4620","mvp-jus9-tecnologia-juridica","perfis/delegado.html"
"mvp-jus9-tecnologia-juridica","perfis/escritorio-juridico.html","4575","mvp-jus9-tecnologia-juridica","perfis/escritorio.html"
"mvp-jus9-tecnologia-juridica","perfis/empresa-juridico-interno.html","4555","mvp-jus9-tecnologia-juridica","perfis/empresa.html"
"mvp-jus9-tecnologia-juridica","perfis/perito-judicial.html","4542","mvp-jus9-tecnologia-juridica","perfis/perito.html"
"mvp-jus9-tecnologia-juridica","perfis/administrador-jus9.html","4532","mvp-jus9-tecnologia-juridica","perfis/administrador.html"
"documentacao-jus9-tecnologia-juridica","ORIENTACOES/00_LEIA_ANTES_DE_ALTERAR.md","3521","governanca-jus9-tecnologia-juridica","ORIENTACOES/00_LEIA_ANTES_DE_ALTERAR.md"
"documentacao-jus9-tecnologia-juridica","CONCEITOS_PUBLICOS/ORIENTACAO_DOCUMENTOS_PUBLICOS_JUS9.md","1942","charlieecho-jus9-tecnologia-juridica","documentos-publicos/governanca/ORIENTACAO_DOCUMENTOS_PUBLICOS_JUS9.md"
"documentacao-jus9-tecnologia-juridica","ORIENTACOES/REGRA_PACOTE_LEMBRANDO_BACKEND.md","1726","governanca-jus9-tecnologia-juridica","ORIENTACOES/REGRA_PACOTE_LEMBRANDO_BACKEND.md"
"documentacao-jus9-tecnologia-juridica","CRONOGRAMA_FINAL_JUS9_v3_1_BASE.md","1624","documentacao-jus9-tecnologia-juridica","CRONOGRAMA_FINAL_JUS9_v3_1.md"
"documentacao-jus9-tecnologia-juridica","CONCEITOS_PUBLICOS/DNA_DOCUMENTO_NUCLEAR_DE_ARQUITETURA.md","1600","charlieecho-jus9-tecnologia-juridica","documentos-publicos/governanca/DNA_DOCUMENTO_NUCLEAR_DE_ARQUITETURA.md"
"documentacao-jus9-tecnologia-juridica","ORIENTACOES/REGRA_SERVIDOR_LOCAL_PC_MVP_JUS9.md","1573","governanca-jus9-tecnologia-juridica","ORIENTACOES/REGRA_SERVIDOR_LOCAL_PC_MVP_JUS9.md"
"Creta","INFRAESTRUTURA/DECISAO_TECNICA_CLOUDFLARE_WORKERS.md","1563","charlieecho-jus9-tecnologia-juridica","GOVERNANCA/DECISAO_TECNICA_CLOUDFLARE_WORKERS.md"
"documentacao-jus9-tecnologia-juridica","ORIENTACOES/REGRA_VOZ_FEMININA_CHARLIE_ECHO_E_RESPONSIVIDADE_MOBILE.md","1435","governanca-jus9-tecnologia-juridica","ORIENTACOES/REGRA_VOZ_FEMININA_CHARLIE_ECHO_E_RESPONSIVIDADE_MOBILE.md"
"documentacao-jus9-tecnologia-juridica","GOVERNANCA_REVISAO_TOTAL_CHARLIE_ECHO.md","1405","charlieecho-jus9-tecnologia-juridica","GOVERNANCA_REVISAO_TOTAL_CHARLIE_ECHO.md"
"documentacao-jus9-tecnologia-juridica","ORIENTACOES/REGRA_APP_MVP_E_ESCUTA_WHATSAPP_PRIVADA.md","1342","governanca-jus9-tecnologia-juridica","ORIENTACOES/REGRA_APP_MVP_E_ESCUTA_WHATSAPP_PRIVADA.md"
"mvp-jus9-tecnologia-juridica","ORIENTACOES/MAPA_DE_LINKS_OFICIAIS.md","1334","investimentos-jus9-tecnologia-juridica","ORIENTACOES/MAPA_DE_LINKS_OFICIAIS.md"
"documentacao-jus9-tecnologia-juridica","README_PACOTE_FINAL_v3_1_BASE.txt","1291","documentacao-jus9-tecnologia-juridica","README_PACOTE_FINAL_v3_1.txt"
"documentacao-jus9-tecnologia-juridica","ORIENTACOES/REGRA_RENOME_ROTAS_PUBLICAS_E_VERIFICACAO_LINKS.md","1134","governanca-jus9-tecnologia-juridica","ORIENTACOES/REGRA_RENOME_ROTAS_PUBLICAS_E_VERIFICACAO_LINKS.md"
"mvp-jus9-tecnologia-juridica","README_PACOTE_v1_8.md","1066","documentacao-jus9-tecnologia-juridica","README_PACOTE_v1_8.md"
"documentacao-jus9-tecnologia-juridica","ORIENTACOES/REGRA_MEMORIA_INVESTIMENTOS_DASHBOARD_CLOVIS.md","1001","governanca-jus9-tecnologia-juridica","ORIENTACOES/REGRA_MEMORIA_INVESTIMENTOS_DASHBOARD_CLOVIS.md"
"ia-profissional-orquestrador-jus9-tecnologia-juridica","ORIENTACOES/RECADO_PARA_PROXIMA_IA_LINKS_BOTOES_v1_5.md","869","ia-dupla-jus9-tecnologia-juridica","ORIENTACOES/RECADO_PARA_PROXIMA_IA_LINKS_BOTOES_v1_5.md"
"governanca-autoorganizacao-charlie-echo-jus9-tecnologia-juridica","GOVERNANCA/ADENDO_CHARLIE_ECHO_SOCIAL.md","852","charlieecho-jus9-tecnologia-juridica","GOVERNANCA/ADENDO_CHARLIE_ECHO_SOCIAL.md"
"documentacao-jus9-tecnologia-juridica","PROTOCOLO_MAO_NA_MASSA_CHARLIE_ECHO.md","851","charlieecho-jus9-tecnologia-juridica","PROTOCOLO_MAO_NA_MASSA_CHARLIE_ECHO.md"
"documentacao-jus9-tecnologia-juridica","VERSIONAMENTO_PACOTE_LEMBRANDO_BACKEND_v1_0.md","821","governanca-jus9-tecnologia-juridica","VERSIONAMENTO_PACOTE_LEMBRANDO_BACKEND_v1_0.md"
"ia-profissional-orquestrador-jus9-tecnologia-juridica","ORIENTACOES/RECADO_PARA_PROXIMA_IA_LINKS_E_MENUS_v1_4.md","697","ia-dupla-jus9-tecnologia-juridica","ORIENTACOES/RECADO_PARA_PROXIMA_IA_LINKS_E_MENUS_v1_4.md"
"documentacao-jus9-tecnologia-juridica","VERSIONAMENTO_VOZ_FEMININA_RESPONSIVIDADE_AGENDA_v1_0.md","671","governanca-jus9-tecnologia-juridica","VERSIONAMENTO_VOZ_FEMININA_RESPONSIVIDADE_AGENDA_v1_0.md"
"mvp-jus9-tecnologia-juridica","servidor-local-parar.ps1","629","jus9-tecnologia-juridica","servidor-local-parar.ps1"
"documentacao-jus9-tecnologia-juridica","VERSIONAMENTO_APP_MVP_PWA_WHATSAPP_v1_0.md","606","governanca-jus9-tecnologia-juridica","VERSIONAMENTO_APP_MVP_PWA_WHATSAPP_v1_0.md"
"documentacao-jus9-tecnologia-juridica","VERSIONAMENTO_SERVIDOR_LOCAL_PC_MVP_v1_0.md","401","governanca-jus9-tecnologia-juridica","VERSIONAMENTO_SERVIDOR_LOCAL_PC_MVP_v1_0.md"
"documentacao-jus9-tecnologia-juridica","VERSIONAMENTO_MEMORIA_INVESTIMENTOS_DASHBOARD_CLOVIS_v1_0.md","347","governanca-jus9-tecnologia-juridica","VERSIONAMENTO_MEMORIA_INVESTIMENTOS_DASHBOARD_CLOVIS_v1_0.md"
"documentacao-jus9-tecnologia-juridica","VERSIONAMENTO_RENOME_ROTAS_PUBLICAS_v1_0.md","276","governanca-jus9-tecnologia-juridica","VERSIONAMENTO_RENOME_ROTAS_PUBLICAS_v1_0.md"
"jus9-tecnologia-juridica","COMMIT_MVP_REFERENCIA_v1_7.md","155","documentacao-jus9-tecnologia-juridica","COMMIT_MVP_REFERENCIA_v1_7.md"
