"Action","Repo","Path","Hash","Bytes","KeepRepo","KeepPath","Reason"
"DELETE","admin-painel-jus9-tecnologia-juridica","ORIENTACOES/MEMORIA_DE_APRESENTACAO_CLOVIS_CHARLIE_FOX.md","7E59951B423C6873FF9D04036A5399366A10F284B36F5BD66EE5452DA35F6F2E","3905","charlieecho-jus9-tecnologia-juridica","ORIENTACOES/MEMORIA_DE_APRESENTACAO_CLOVIS_CHARLIE_FOX.md","duplicado preservado em charlieecho-jus9-tecnologia-juridica:ORIENTACOES/MEMORIA_DE_APRESENTACAO_CLOVIS_CHARLIE_FOX.md"
"DELETE","Aeon-Primevo","ORIENTACOES/MEMORIA_DE_APRESENTACAO_CLOVIS_CHARLIE_FOX.md","7E59951B423C6873FF9D04036A5399366A10F284B36F5BD66EE5452DA35F6F2E","3905","charlieecho-jus9-tecnologia-juridica","ORIENTACOES/MEMORIA_DE_APRESENTACAO_CLOVIS_CHARLIE_FOX.md","duplicado preservado em charlieecho-jus9-tecnologia-juridica:ORIENTACOES/MEMORIA_DE_APRESENTACAO_CLOVIS_CHARLIE_FOX.md"
"KEEP","aulas-charlie-echo-jus9-tecnologia-juridica","ORIENTACOES/MEMORIA_DE_APRESENTACAO_CLOVIS_CHARLIE_FOX.md","7E59951B423C6873FF9D04036A5399366A10F284B36F5BD66EE5452DA35F6F2E","3905","charlieecho-jus9-tecnologia-juridica","ORIENTACOES/MEMORIA_DE_APRESENTACAO_CLOVIS_CHARLIE_FOX.md","repositorio primario Charlie Echo/aulas/governanca"
"DELETE","auth-identidade-acesso-jus9-tecnologia-juridica","ORIENTACOES/MEMORIA_DE_APRESENTACAO_CLOVIS_CHARLIE_FOX.md","7E59951B423C6873FF9D04036A5399366A10F284B36F5BD66EE5452DA35F6F2E","3905","charlieecho-jus9-tecnologia-juridica","ORIENTACOES/MEMORIA_DE_APRESENTACAO_CLOVIS_CHARLIE_FOX.md","duplicado preservado em charlieecho-jus9-tecnologia-juridica:ORIENTACOES/MEMORIA_DE_APRESENTACAO_CLOVIS_CHARLIE_FOX.md"
"DELETE","backend-api-jus9-tecnologia-juridica","ORIENTACOES/MEMORIA_DE_APRESENTACAO_CLOVIS_CHARLIE_FOX.md","7E59951B423C6873FF9D04036A5399366A10F284B36F5BD66EE5452DA35F6F2E","3905","charlieecho-jus9-tecnologia-juridica","ORIENTACOES/MEMORIA_DE_APRESENTACAO_CLOVIS_CHARLIE_FOX.md","duplicado preservado em charlieecho-jus9-tecnologia-juridica:ORIENTACOES/MEMORIA_DE_APRESENTACAO_CLOVIS_CHARLIE_FOX.md"
"DELETE","carta-jus9-tecnologia-juridica","ORIENTACOES/MEMORIA_DE_APRESENTACAO_CLOVIS_CHARLIE_FOX.md","7E59951B423C6873FF9D04036A5399366A10F284B36F5BD66EE5452DA35F6F2E","3905","charlieecho-jus9-tecnologia-juridica","ORIENTACOES/MEMORIA_DE_APRESENTACAO_CLOVIS_CHARLIE_FOX.md","duplicado preservado em charlieecho-jus9-tecnologia-juridica:ORIENTACOES/MEMORIA_DE_APRESENTACAO_CLOVIS_CHARLIE_FOX.md"
"KEEP","charlieecho-jus9-tecnologia-juridica","ORIENTACOES/MEMORIA_DE_APRESENTACAO_CLOVIS_CHARLIE_FOX.md","7E59951B423C6873FF9D04036A5399366A10F284B36F5BD66EE5452DA35F6F2E","3905","charlieecho-jus9-tecnologia-juridica","ORIENTACOES/MEMORIA_DE_APRESENTACAO_CLOVIS_CHARLIE_FOX.md","fonte primaria do grupo"
"KEEP","cofre-documentos-seguros-jus9-tecnologia-juridica","ORIENTACOES/MEMORIA_DE_APRESENTACAO_CLOVIS_CHARLIE_FOX.md","7E59951B423C6873FF9D04036A5399366A10F284B36F5BD66EE5452DA35F6F2E","3905","charlieecho-jus9-tecnologia-juridica","ORIENTACOES/MEMORIA_DE_APRESENTACAO_CLOVIS_CHARLIE_FOX.md","copia sensivel/cofre preservada"
"DELETE","Creta","ORIENTACOES/MEMORIA_DE_APRESENTACAO_CLOVIS_CHARLIE_FOX.md","7E59951B423C6873FF9D04036A5399366A10F284B36F5BD66EE5452DA35F6F2E","3905","charlieecho-jus9-tecnologia-juridica","ORIENTACOES/MEMORIA_DE_APRESENTACAO_CLOVIS_CHARLIE_FOX.md","duplicado preservado em charlieecho-jus9-tecnologia-juridica:ORIENTACOES/MEMORIA_DE_APRESENTACAO_CLOVIS_CHARLIE_FOX.md"
"DELETE","db-modelos-migracoes-jus9-tecnologia-juridica","ORIENTACOES/MEMORIA_DE_APRESENTACAO_CLOVIS_CHARLIE_FOX.md","7E59951B423C6873FF9D04036A5399366A10F284B36F5BD66EE5452DA35F6F2E","3905","charlieecho-jus9-tecnologia-juridica","ORIENTACOES/MEMORIA_DE_APRESENTACAO_CLOVIS_CHARLIE_FOX.md","duplicado preservado em charlieecho-jus9-tecnologia-juridica:ORIENTACOES/MEMORIA_DE_APRESENTACAO_CLOVIS_CHARLIE_FOX.md"
"DELETE","documentacao-jus9-tecnologia-juridica","ORIENTACOES/MEMORIA_DE_APRESENTACAO_CLOVIS_CHARLIE_FOX.md","7E59951B423C6873FF9D04036A5399366A10F284B36F5BD66EE5452DA35F6F2E","3905","charlieecho-jus9-tecnologia-juridica","ORIENTACOES/MEMORIA_DE_APRESENTACAO_CLOVIS_CHARLIE_FOX.md","duplicado preservado em charlieecho-jus9-tecnologia-juridica:ORIENTACOES/MEMORIA_DE_APRESENTACAO_CLOVIS_CHARLIE_FOX.md"
"DELETE","equipe-jus9-tecnologia-juridica","orientacoes/MEMORIA_DE_APRESENTACAO_CLOVIS_CHARLIE_FOX.md","7E59951B423C6873FF9D04036A5399366A10F284B36F5BD66EE5452DA35F6F2E","3905","charlieecho-jus9-tecnologia-juridica","ORIENTACOES/MEMORIA_DE_APRESENTACAO_CLOVIS_CHARLIE_FOX.md","duplicado preservado em charlieecho-jus9-tecnologia-juridica:ORIENTACOES/MEMORIA_DE_APRESENTACAO_CLOVIS_CHARLIE_FOX.md"
"DELETE","governanca-autoorganizacao-charlie-echo-jus9-tecnologia-juridica","ORIENTACOES/MEMORIA_DE_APRESENTACAO_CLOVIS_CHARLIE_FOX.md","7E59951B423C6873FF9D04036A5399366A10F284B36F5BD66EE5452DA35F6F2E","3905","charlieecho-jus9-tecnologia-juridica","ORIENTACOES/MEMORIA_DE_APRESENTACAO_CLOVIS_CHARLIE_FOX.md","duplicado preservado em charlieecho-jus9-tecnologia-juridica:ORIENTACOES/MEMORIA_DE_APRESENTACAO_CLOVIS_CHARLIE_FOX.md"
"KEEP","governanca-jus9-tecnologia-juridica","ORIENTACOES/MEMORIA_DE_APRESENTACAO_CLOVIS_CHARLIE_FOX.md","7E59951B423C6873FF9D04036A5399366A10F284B36F5BD66EE5452DA35F6F2E","3905","charlieecho-jus9-tecnologia-juridica","ORIENTACOES/MEMORIA_DE_APRESENTACAO_CLOVIS_CHARLIE_FOX.md","repositorio primario Charlie Echo/aulas/governanca"
"DELETE","ia-dupla-jus9-tecnologia-juridica","ORIENTACOES/MEMORIA_DE_APRESENTACAO_CLOVIS_CHARLIE_FOX.md","7E59951B423C6873FF9D04036A5399366A10F284B36F5BD66EE5452DA35F6F2E","3905","charlieecho-jus9-tecnologia-juridica","ORIENTACOES/MEMORIA_DE_APRESENTACAO_CLOVIS_CHARLIE_FOX.md","duplicado preservado em charlieecho-jus9-tecnologia-juridica:ORIENTACOES/MEMORIA_DE_APRESENTACAO_CLOVIS_CHARLIE_FOX.md"
"DELETE","ia-profissional-orquestrador-jus9-tecnologia-juridica","ORIENTACOES/MEMORIA_DE_APRESENTACAO_CLOVIS_CHARLIE_FOX.md","7E59951B423C6873FF9D04036A5399366A10F284B36F5BD66EE5452DA35F6F2E","3905","charlieecho-jus9-tecnologia-juridica","ORIENTACOES/MEMORIA_DE_APRESENTACAO_CLOVIS_CHARLIE_FOX.md","duplicado preservado em charlieecho-jus9-tecnologia-juridica:ORIENTACOES/MEMORIA_DE_APRESENTACAO_CLOVIS_CHARLIE_FOX.md"
"DELETE","infra-cloudflare-jus9-tecnologia-juridica","ORIENTACOES/MEMORIA_DE_APRESENTACAO_CLOVIS_CHARLIE_FOX.md","7E59951B423C6873FF9D04036A5399366A10F284B36F5BD66EE5452DA35F6F2E","3905","charlieecho-jus9-tecnologia-juridica","ORIENTACOES/MEMORIA_DE_APRESENTACAO_CLOVIS_CHARLIE_FOX.md","duplicado preservado em charlieecho-jus9-tecnologia-juridica:ORIENTACOES/MEMORIA_DE_APRESENTACAO_CLOVIS_CHARLIE_FOX.md"
"DELETE","introducaocss","ORIENTACOES/MEMORIA_DE_APRESENTACAO_CLOVIS_CHARLIE_FOX.md","7E59951B423C6873FF9D04036A5399366A10F284B36F5BD66EE5452DA35F6F2E","3905","charlieecho-jus9-tecnologia-juridica","ORIENTACOES/MEMORIA_DE_APRESENTACAO_CLOVIS_CHARLIE_FOX.md","duplicado preservado em charlieecho-jus9-tecnologia-juridica:ORIENTACOES/MEMORIA_DE_APRESENTACAO_CLOVIS_CHARLIE_FOX.md"
"DELETE","investimentos-jus9-tecnologia-juridica","ORIENTACOES/MEMORIA_DE_APRESENTACAO_CLOVIS_CHARLIE_FOX.md","7E59951B423C6873FF9D04036A5399366A10F284B36F5BD66EE5452DA35F6F2E","3905","charlieecho-jus9-tecnologia-juridica","ORIENTACOES/MEMORIA_DE_APRESENTACAO_CLOVIS_CHARLIE_FOX.md","duplicado preservado em charlieecho-jus9-tecnologia-juridica:ORIENTACOES/MEMORIA_DE_APRESENTACAO_CLOVIS_CHARLIE_FOX.md"
"DELETE","juridico-virtual-jus9-tecnologia-juridica","ORIENTACOES/MEMORIA_DE_APRESENTACAO_CLOVIS_CHARLIE_FOX.md","7E59951B423C6873FF9D04036A5399366A10F284B36F5BD66EE5452DA35F6F2E","3905","charlieecho-jus9-tecnologia-juridica","ORIENTACOES/MEMORIA_DE_APRESENTACAO_CLOVIS_CHARLIE_FOX.md","duplicado preservado em charlieecho-jus9-tecnologia-juridica:ORIENTACOES/MEMORIA_DE_APRESENTACAO_CLOVIS_CHARLIE_FOX.md"
"DELETE","jus9-tecnologia-juridica","ORIENTACOES/MEMORIA_DE_APRESENTACAO_CLOVIS_CHARLIE_FOX.md","7E59951B423C6873FF9D04036A5399366A10F284B36F5BD66EE5452DA35F6F2E","3905","charlieecho-jus9-tecnologia-juridica","ORIENTACOES/MEMORIA_DE_APRESENTACAO_CLOVIS_CHARLIE_FOX.md","duplicado preservado em charlieecho-jus9-tecnologia-juridica:ORIENTACOES/MEMORIA_DE_APRESENTACAO_CLOVIS_CHARLIE_FOX.md"
"DELETE","jus9verde-jus9-tecnologia-juridica","ORIENTACOES/MEMORIA_DE_APRESENTACAO_CLOVIS_CHARLIE_FOX.md","7E59951B423C6873FF9D04036A5399366A10F284B36F5BD66EE5452DA35F6F2E","3905","charlieecho-jus9-tecnologia-juridica","ORIENTACOES/MEMORIA_DE_APRESENTACAO_CLOVIS_CHARLIE_FOX.md","duplicado preservado em charlieecho-jus9-tecnologia-juridica:ORIENTACOES/MEMORIA_DE_APRESENTACAO_CLOVIS_CHARLIE_FOX.md"
"DELETE","laboratorio-jus9-tecnologia-juridica","ORIENTACOES/MEMORIA_DE_APRESENTACAO_CLOVIS_CHARLIE_FOX.md","7E59951B423C6873FF9D04036A5399366A10F284B36F5BD66EE5452DA35F6F2E","3905","charlieecho-jus9-tecnologia-juridica","ORIENTACOES/MEMORIA_DE_APRESENTACAO_CLOVIS_CHARLIE_FOX.md","duplicado preservado em charlieecho-jus9-tecnologia-juridica:ORIENTACOES/MEMORIA_DE_APRESENTACAO_CLOVIS_CHARLIE_FOX.md"
"DELETE","livros-jus9-tecnologia-juridica","ORIENTACOES/MEMORIA_DE_APRESENTACAO_CLOVIS_CHARLIE_FOX.md","7E59951B423C6873FF9D04036A5399366A10F284B36F5BD66EE5452DA35F6F2E","3905","charlieecho-jus9-tecnologia-juridica","ORIENTACOES/MEMORIA_DE_APRESENTACAO_CLOVIS_CHARLIE_FOX.md","duplicado preservado em charlieecho-jus9-tecnologia-juridica:ORIENTACOES/MEMORIA_DE_APRESENTACAO_CLOVIS_CHARLIE_FOX.md"
"DELETE","logs-auditoria-jus9-tecnologia-juridica","ORIENTACOES/MEMORIA_DE_APRESENTACAO_CLOVIS_CHARLIE_FOX.md","7E59951B423C6873FF9D04036A5399366A10F284B36F5BD66EE5452DA35F6F2E","3905","charlieecho-jus9-tecnologia-juridica","ORIENTACOES/MEMORIA_DE_APRESENTACAO_CLOVIS_CHARLIE_FOX.md","duplicado preservado em charlieecho-jus9-tecnologia-juridica:ORIENTACOES/MEMORIA_DE_APRESENTACAO_CLOVIS_CHARLIE_FOX.md"
"DELETE","mvp-jus9-tecnologia-juridica","ORIENTACOES/MEMORIA_DE_APRESENTACAO_CLOVIS_CHARLIE_FOX.md","7E59951B423C6873FF9D04036A5399366A10F284B36F5BD66EE5452DA35F6F2E","3905","charlieecho-jus9-tecnologia-juridica","ORIENTACOES/MEMORIA_DE_APRESENTACAO_CLOVIS_CHARLIE_FOX.md","duplicado preservado em charlieecho-jus9-tecnologia-juridica:ORIENTACOES/MEMORIA_DE_APRESENTACAO_CLOVIS_CHARLIE_FOX.md"
"DELETE","olamundo-jus9-tecnologia-juridica","ORIENTACOES/MEMORIA_DE_APRESENTACAO_CLOVIS_CHARLIE_FOX.md","7E59951B423C6873FF9D04036A5399366A10F284B36F5BD66EE5452DA35F6F2E","3905","charlieecho-jus9-tecnologia-juridica","ORIENTACOES/MEMORIA_DE_APRESENTACAO_CLOVIS_CHARLIE_FOX.md","duplicado preservado em charlieecho-jus9-tecnologia-juridica:ORIENTACOES/MEMORIA_DE_APRESENTACAO_CLOVIS_CHARLIE_FOX.md"
"DELETE","portal-cliente-jus9-tecnologia-juridica","ORIENTACOES/MEMORIA_DE_APRESENTACAO_CLOVIS_CHARLIE_FOX.md","7E59951B423C6873FF9D04036A5399366A10F284B36F5BD66EE5452DA35F6F2E","3905","charlieecho-jus9-tecnologia-juridica","ORIENTACOES/MEMORIA_DE_APRESENTACAO_CLOVIS_CHARLIE_FOX.md","duplicado preservado em charlieecho-jus9-tecnologia-juridica:ORIENTACOES/MEMORIA_DE_APRESENTACAO_CLOVIS_CHARLIE_FOX.md"
"DELETE","primeiroformsctec","ORIENTACOES/MEMORIA_DE_APRESENTACAO_CLOVIS_CHARLIE_FOX.md","7E59951B423C6873FF9D04036A5399366A10F284B36F5BD66EE5452DA35F6F2E","3905","charlieecho-jus9-tecnologia-juridica","ORIENTACOES/MEMORIA_DE_APRESENTACAO_CLOVIS_CHARLIE_FOX.md","duplicado preservado em charlieecho-jus9-tecnologia-juridica:ORIENTACOES/MEMORIA_DE_APRESENTACAO_CLOVIS_CHARLIE_FOX.md"
"DELETE","quandoodesenhofala-jus9-tecnologia-juridica","ORIENTACOES/MEMORIA_DE_APRESENTACAO_CLOVIS_CHARLIE_FOX.md","7E59951B423C6873FF9D04036A5399366A10F284B36F5BD66EE5452DA35F6F2E","3905","charlieecho-jus9-tecnologia-juridica","ORIENTACOES/MEMORIA_DE_APRESENTACAO_CLOVIS_CHARLIE_FOX.md","duplicado preservado em charlieecho-jus9-tecnologia-juridica:ORIENTACOES/MEMORIA_DE_APRESENTACAO_CLOVIS_CHARLIE_FOX.md"
"DELETE","sctec","ORIENTACOES/MEMORIA_DE_APRESENTACAO_CLOVIS_CHARLIE_FOX.md","7E59951B423C6873FF9D04036A5399366A10F284B36F5BD66EE5452DA35F6F2E","3905","charlieecho-jus9-tecnologia-juridica","ORIENTACOES/MEMORIA_DE_APRESENTACAO_CLOVIS_CHARLIE_FOX.md","duplicado preservado em charlieecho-jus9-tecnologia-juridica:ORIENTACOES/MEMORIA_DE_APRESENTACAO_CLOVIS_CHARLIE_FOX.md"
"DELETE","universidadedofuturo-jus9-tecnologia-juridica","ORIENTACOES/MEMORIA_DE_APRESENTACAO_CLOVIS_CHARLIE_FOX.md","7E59951B423C6873FF9D04036A5399366A10F284B36F5BD66EE5452DA35F6F2E","3905","charlieecho-jus9-tecnologia-juridica","ORIENTACOES/MEMORIA_DE_APRESENTACAO_CLOVIS_CHARLIE_FOX.md","duplicado preservado em charlieecho-jus9-tecnologia-juridica:ORIENTACOES/MEMORIA_DE_APRESENTACAO_CLOVIS_CHARLIE_FOX.md"
"DELETE","workers-pages-functions-jus9-tecnologia-juridica","ORIENTACOES/MEMORIA_DE_APRESENTACAO_CLOVIS_CHARLIE_FOX.md","7E59951B423C6873FF9D04036A5399366A10F284B36F5BD66EE5452DA35F6F2E","3905","charlieecho-jus9-tecnologia-juridica","ORIENTACOES/MEMORIA_DE_APRESENTACAO_CLOVIS_CHARLIE_FOX.md","duplicado preservado em charlieecho-jus9-tecnologia-juridica:ORIENTACOES/MEMORIA_DE_APRESENTACAO_CLOVIS_CHARLIE_FOX.md"
"DELETE","admin-painel-jus9-tecnologia-juridica","ORIENTACOES/REGRA_FAMILIA_CHARLIE_CORACAO_IAS_INVENTARIO.md","B1E9D92DB7A807E7EDE401A9D0937DB42B38CCE2D6B0F1EFD13F872E0711C978","3414","charlieecho-jus9-tecnologia-juridica","ORIENTACOES/REGRA_FAMILIA_CHARLIE_CORACAO_IAS_INVENTARIO.md","duplicado preservado em charlieecho-jus9-tecnologia-juridica:ORIENTACOES/REGRA_FAMILIA_CHARLIE_CORACAO_IAS_INVENTARIO.md"
"DELETE","Aeon-Primevo","ORIENTACOES/REGRA_FAMILIA_CHARLIE_CORACAO_IAS_INVENTARIO.md","B1E9D92DB7A807E7EDE401A9D0937DB42B38CCE2D6B0F1EFD13F872E0711C978","3414","charlieecho-jus9-tecnologia-juridica","ORIENTACOES/REGRA_FAMILIA_CHARLIE_CORACAO_IAS_INVENTARIO.md","duplicado preservado em charlieecho-jus9-tecnologia-juridica:ORIENTACOES/REGRA_FAMILIA_CHARLIE_CORACAO_IAS_INVENTARIO.md"
"KEEP","aulas-charlie-echo-jus9-tecnologia-juridica","ORIENTACOES/REGRA_FAMILIA_CHARLIE_CORACAO_IAS_INVENTARIO.md","B1E9D92DB7A807E7EDE401A9D0937DB42B38CCE2D6B0F1EFD13F872E0711C978","3414","charlieecho-jus9-tecnologia-juridica","ORIENTACOES/REGRA_FAMILIA_CHARLIE_CORACAO_IAS_INVENTARIO.md","repositorio primario Charlie Echo/aulas/governanca"
"DELETE","auth-identidade-acesso-jus9-tecnologia-juridica","ORIENTACOES/REGRA_FAMILIA_CHARLIE_CORACAO_IAS_INVENTARIO.md","B1E9D92DB7A807E7EDE401A9D0937DB42B38CCE2D6B0F1EFD13F872E0711C978","3414","charlieecho-jus9-tecnologia-juridica","ORIENTACOES/REGRA_FAMILIA_CHARLIE_CORACAO_IAS_INVENTARIO.md","duplicado preservado em charlieecho-jus9-tecnologia-juridica:ORIENTACOES/REGRA_FAMILIA_CHARLIE_CORACAO_IAS_INVENTARIO.md"
"DELETE","backend-api-jus9-tecnologia-juridica","ORIENTACOES/REGRA_FAMILIA_CHARLIE_CORACAO_IAS_INVENTARIO.md","B1E9D92DB7A807E7EDE401A9D0937DB42B38CCE2D6B0F1EFD13F872E0711C978","3414","charlieecho-jus9-tecnologia-juridica","ORIENTACOES/REGRA_FAMILIA_CHARLIE_CORACAO_IAS_INVENTARIO.md","duplicado preservado em charlieecho-jus9-tecnologia-juridica:ORIENTACOES/REGRA_FAMILIA_CHARLIE_CORACAO_IAS_INVENTARIO.md"
"DELETE","carta-jus9-tecnologia-juridica","ORIENTACOES/REGRA_FAMILIA_CHARLIE_CORACAO_IAS_INVENTARIO.md","B1E9D92DB7A807E7EDE401A9D0937DB42B38CCE2D6B0F1EFD13F872E0711C978","3414","charlieecho-jus9-tecnologia-juridica","ORIENTACOES/REGRA_FAMILIA_CHARLIE_CORACAO_IAS_INVENTARIO.md","duplicado preservado em charlieecho-jus9-tecnologia-juridica:ORIENTACOES/REGRA_FAMILIA_CHARLIE_CORACAO_IAS_INVENTARIO.md"
"KEEP","charlieecho-jus9-tecnologia-juridica","ORIENTACOES/REGRA_FAMILIA_CHARLIE_CORACAO_IAS_INVENTARIO.md","B1E9D92DB7A807E7EDE401A9D0937DB42B38CCE2D6B0F1EFD13F872E0711C978","3414","charlieecho-jus9-tecnologia-juridica","ORIENTACOES/REGRA_FAMILIA_CHARLIE_CORACAO_IAS_INVENTARIO.md","fonte primaria do grupo"
"DELETE","cofre-documentos-seguros-jus9-tecnologia-juridica","ORIENTACOES/REGRA_FAMILIA_CHARLIE_CORACAO_IAS_INVENTARIO.md","B1E9D92DB7A807E7EDE401A9D0937DB42B38CCE2D6B0F1EFD13F872E0711C978","3414","charlieecho-jus9-tecnologia-juridica","ORIENTACOES/REGRA_FAMILIA_CHARLIE_CORACAO_IAS_INVENTARIO.md","duplicado preservado em charlieecho-jus9-tecnologia-juridica:ORIENTACOES/REGRA_FAMILIA_CHARLIE_CORACAO_IAS_INVENTARIO.md"
"DELETE","Creta","ORIENTACOES/REGRA_FAMILIA_CHARLIE_CORACAO_IAS_INVENTARIO.md","B1E9D92DB7A807E7EDE401A9D0937DB42B38CCE2D6B0F1EFD13F872E0711C978","3414","charlieecho-jus9-tecnologia-juridica","ORIENTACOES/REGRA_FAMILIA_CHARLIE_CORACAO_IAS_INVENTARIO.md","duplicado preservado em charlieecho-jus9-tecnologia-juridica:ORIENTACOES/REGRA_FAMILIA_CHARLIE_CORACAO_IAS_INVENTARIO.md"
"DELETE","db-modelos-migracoes-jus9-tecnologia-juridica","ORIENTACOES/REGRA_FAMILIA_CHARLIE_CORACAO_IAS_INVENTARIO.md","B1E9D92DB7A807E7EDE401A9D0937DB42B38CCE2D6B0F1EFD13F872E0711C978","3414","charlieecho-jus9-tecnologia-juridica","ORIENTACOES/REGRA_FAMILIA_CHARLIE_CORACAO_IAS_INVENTARIO.md","duplicado preservado em charlieecho-jus9-tecnologia-juridica:ORIENTACOES/REGRA_FAMILIA_CHARLIE_CORACAO_IAS_INVENTARIO.md"
"DELETE","documentacao-jus9-tecnologia-juridica","ORIENTACOES/REGRA_FAMILIA_CHARLIE_CORACAO_IAS_INVENTARIO.md","B1E9D92DB7A807E7EDE401A9D0937DB42B38CCE2D6B0F1EFD13F872E0711C978","3414","charlieecho-jus9-tecnologia-juridica","ORIENTACOES/REGRA_FAMILIA_CHARLIE_CORACAO_IAS_INVENTARIO.md","duplicado preservado em charlieecho-jus9-tecnologia-juridica:ORIENTACOES/REGRA_FAMILIA_CHARLIE_CORACAO_IAS_INVENTARIO.md"
"DELETE","equipe-jus9-tecnologia-juridica","orientacoes/REGRA_FAMILIA_CHARLIE_CORACAO_IAS_INVENTARIO.md","B1E9D92DB7A807E7EDE401A9D0937DB42B38CCE2D6B0F1EFD13F872E0711C978","3414","charlieecho-jus9-tecnologia-juridica","ORIENTACOES/REGRA_FAMILIA_CHARLIE_CORACAO_IAS_INVENTARIO.md","duplicado preservado em charlieecho-jus9-tecnologia-juridica:ORIENTACOES/REGRA_FAMILIA_CHARLIE_CORACAO_IAS_INVENTARIO.md"
"DELETE","governanca-autoorganizacao-charlie-echo-jus9-tecnologia-juridica","ORIENTACOES/REGRA_FAMILIA_CHARLIE_CORACAO_IAS_INVENTARIO.md","B1E9D92DB7A807E7EDE401A9D0937DB42B38CCE2D6B0F1EFD13F872E0711C978","3414","charlieecho-jus9-tecnologia-juridica","ORIENTACOES/REGRA_FAMILIA_CHARLIE_CORACAO_IAS_INVENTARIO.md","duplicado preservado em charlieecho-jus9-tecnologia-juridica:ORIENTACOES/REGRA_FAMILIA_CHARLIE_CORACAO_IAS_INVENTARIO.md"
"KEEP","governanca-jus9-tecnologia-juridica","ORIENTACOES/REGRA_FAMILIA_CHARLIE_CORACAO_IAS_INVENTARIO.md","B1E9D92DB7A807E7EDE401A9D0937DB42B38CCE2D6B0F1EFD13F872E0711C978","3414","charlieecho-jus9-tecnologia-juridica","ORIENTACOES/REGRA_FAMILIA_CHARLIE_CORACAO_IAS_INVENTARIO.md","repositorio primario Charlie Echo/aulas/governanca"
"DELETE","ia-dupla-jus9-tecnologia-juridica","ORIENTACOES/REGRA_FAMILIA_CHARLIE_CORACAO_IAS_INVENTARIO.md","B1E9D92DB7A807E7EDE401A9D0937DB42B38CCE2D6B0F1EFD13F872E0711C978","3414","charlieecho-jus9-tecnologia-juridica","ORIENTACOES/REGRA_FAMILIA_CHARLIE_CORACAO_IAS_INVENTARIO.md","duplicado preservado em charlieecho-jus9-tecnologia-juridica:ORIENTACOES/REGRA_FAMILIA_CHARLIE_CORACAO_IAS_INVENTARIO.md"
"DELETE","ia-profissional-orquestrador-jus9-tecnologia-juridica","ORIENTACOES/REGRA_FAMILIA_CHARLIE_CORACAO_IAS_INVENTARIO.md","B1E9D92DB7A807E7EDE401A9D0937DB42B38CCE2D6B0F1EFD13F872E0711C978","3414","charlieecho-jus9-tecnologia-juridica","ORIENTACOES/REGRA_FAMILIA_CHARLIE_CORACAO_IAS_INVENTARIO.md","duplicado preservado em charlieecho-jus9-tecnologia-juridica:ORIENTACOES/REGRA_FAMILIA_CHARLIE_CORACAO_IAS_INVENTARIO.md"
"DELETE","infra-cloudflare-jus9-tecnologia-juridica","ORIENTACOES/REGRA_FAMILIA_CHARLIE_CORACAO_IAS_INVENTARIO.md","B1E9D92DB7A807E7EDE401A9D0937DB42B38CCE2D6B0F1EFD13F872E0711C978","3414","charlieecho-jus9-tecnologia-juridica","ORIENTACOES/REGRA_FAMILIA_CHARLIE_CORACAO_IAS_INVENTARIO.md","duplicado preservado em charlieecho-jus9-tecnologia-juridica:ORIENTACOES/REGRA_FAMILIA_CHARLIE_CORACAO_IAS_INVENTARIO.md"
"DELETE","introducaocss","ORIENTACOES/REGRA_FAMILIA_CHARLIE_CORACAO_IAS_INVENTARIO.md","B1E9D92DB7A807E7EDE401A9D0937DB42B38CCE2D6B0F1EFD13F872E0711C978","3414","charlieecho-jus9-tecnologia-juridica","ORIENTACOES/REGRA_FAMILIA_CHARLIE_CORACAO_IAS_INVENTARIO.md","duplicado preservado em charlieecho-jus9-tecnologia-juridica:ORIENTACOES/REGRA_FAMILIA_CHARLIE_CORACAO_IAS_INVENTARIO.md"
"DELETE","investimentos-jus9-tecnologia-juridica","ORIENTACOES/REGRA_FAMILIA_CHARLIE_CORACAO_IAS_INVENTARIO.md","B1E9D92DB7A807E7EDE401A9D0937DB42B38CCE2D6B0F1EFD13F872E0711C978","3414","charlieecho-jus9-tecnologia-juridica","ORIENTACOES/REGRA_FAMILIA_CHARLIE_CORACAO_IAS_INVENTARIO.md","duplicado preservado em charlieecho-jus9-tecnologia-juridica:ORIENTACOES/REGRA_FAMILIA_CHARLIE_CORACAO_IAS_INVENTARIO.md"
"DELETE","juridico-virtual-jus9-tecnologia-juridica","ORIENTACOES/REGRA_FAMILIA_CHARLIE_CORACAO_IAS_INVENTARIO.md","B1E9D92DB7A807E7EDE401A9D0937DB42B38CCE2D6B0F1EFD13F872E0711C978","3414","charlieecho-jus9-tecnologia-juridica","ORIENTACOES/REGRA_FAMILIA_CHARLIE_CORACAO_IAS_INVENTARIO.md","duplicado preservado em charlieecho-jus9-tecnologia-juridica:ORIENTACOES/REGRA_FAMILIA_CHARLIE_CORACAO_IAS_INVENTARIO.md"
"DELETE","jus9-tecnologia-juridica","ORIENTACOES/REGRA_FAMILIA_CHARLIE_CORACAO_IAS_INVENTARIO.md","B1E9D92DB7A807E7EDE401A9D0937DB42B38CCE2D6B0F1EFD13F872E0711C978","3414","charlieecho-jus9-tecnologia-juridica","ORIENTACOES/REGRA_FAMILIA_CHARLIE_CORACAO_IAS_INVENTARIO.md","duplicado preservado em charlieecho-jus9-tecnologia-juridica:ORIENTACOES/REGRA_FAMILIA_CHARLIE_CORACAO_IAS_INVENTARIO.md"
"DELETE","jus9verde-jus9-tecnologia-juridica","ORIENTACOES/REGRA_FAMILIA_CHARLIE_CORACAO_IAS_INVENTARIO.md","B1E9D92DB7A807E7EDE401A9D0937DB42B38CCE2D6B0F1EFD13F872E0711C978","3414","charlieecho-jus9-tecnologia-juridica","ORIENTACOES/REGRA_FAMILIA_CHARLIE_CORACAO_IAS_INVENTARIO.md","duplicado preservado em charlieecho-jus9-tecnologia-juridica:ORIENTACOES/REGRA_FAMILIA_CHARLIE_CORACAO_IAS_INVENTARIO.md"
"DELETE","laboratorio-jus9-tecnologia-juridica","ORIENTACOES/REGRA_FAMILIA_CHARLIE_CORACAO_IAS_INVENTARIO.md","B1E9D92DB7A807E7EDE401A9D0937DB42B38CCE2D6B0F1EFD13F872E0711C978","3414","charlieecho-jus9-tecnologia-juridica","ORIENTACOES/REGRA_FAMILIA_CHARLIE_CORACAO_IAS_INVENTARIO.md","duplicado preservado em charlieecho-jus9-tecnologia-juridica:ORIENTACOES/REGRA_FAMILIA_CHARLIE_CORACAO_IAS_INVENTARIO.md"
"DELETE","livros-jus9-tecnologia-juridica","ORIENTACOES/REGRA_FAMILIA_CHARLIE_CORACAO_IAS_INVENTARIO.md","B1E9D92DB7A807E7EDE401A9D0937DB42B38CCE2D6B0F1EFD13F872E0711C978","3414","charlieecho-jus9-tecnologia-juridica","ORIENTACOES/REGRA_FAMILIA_CHARLIE_CORACAO_IAS_INVENTARIO.md","duplicado preservado em charlieecho-jus9-tecnologia-juridica:ORIENTACOES/REGRA_FAMILIA_CHARLIE_CORACAO_IAS_INVENTARIO.md"
"DELETE","logs-auditoria-jus9-tecnologia-juridica","ORIENTACOES/REGRA_FAMILIA_CHARLIE_CORACAO_IAS_INVENTARIO.md","B1E9D92DB7A807E7EDE401A9D0937DB42B38CCE2D6B0F1EFD13F872E0711C978","3414","charlieecho-jus9-tecnologia-juridica","ORIENTACOES/REGRA_FAMILIA_CHARLIE_CORACAO_IAS_INVENTARIO.md","duplicado preservado em charlieecho-jus9-tecnologia-juridica:ORIENTACOES/REGRA_FAMILIA_CHARLIE_CORACAO_IAS_INVENTARIO.md"
"DELETE","mvp-jus9-tecnologia-juridica","ORIENTACOES/REGRA_FAMILIA_CHARLIE_CORACAO_IAS_INVENTARIO.md","B1E9D92DB7A807E7EDE401A9D0937DB42B38CCE2D6B0F1EFD13F872E0711C978","3414","charlieecho-jus9-tecnologia-juridica","ORIENTACOES/REGRA_FAMILIA_CHARLIE_CORACAO_IAS_INVENTARIO.md","duplicado preservado em charlieecho-jus9-tecnologia-juridica:ORIENTACOES/REGRA_FAMILIA_CHARLIE_CORACAO_IAS_INVENTARIO.md"
"DELETE","olamundo-jus9-tecnologia-juridica","ORIENTACOES/REGRA_FAMILIA_CHARLIE_CORACAO_IAS_INVENTARIO.md","B1E9D92DB7A807E7EDE401A9D0937DB42B38CCE2D6B0F1EFD13F872E0711C978","3414","charlieecho-jus9-tecnologia-juridica","ORIENTACOES/REGRA_FAMILIA_CHARLIE_CORACAO_IAS_INVENTARIO.md","duplicado preservado em charlieecho-jus9-tecnologia-juridica:ORIENTACOES/REGRA_FAMILIA_CHARLIE_CORACAO_IAS_INVENTARIO.md"
"DELETE","portal-cliente-jus9-tecnologia-juridica","ORIENTACOES/REGRA_FAMILIA_CHARLIE_CORACAO_IAS_INVENTARIO.md","B1E9D92DB7A807E7EDE401A9D0937DB42B38CCE2D6B0F1EFD13F872E0711C978","3414","charlieecho-jus9-tecnologia-juridica","ORIENTACOES/REGRA_FAMILIA_CHARLIE_CORACAO_IAS_INVENTARIO.md","duplicado preservado em charlieecho-jus9-tecnologia-juridica:ORIENTACOES/REGRA_FAMILIA_CHARLIE_CORACAO_IAS_INVENTARIO.md"
"DELETE","primeiroformsctec","ORIENTACOES/REGRA_FAMILIA_CHARLIE_CORACAO_IAS_INVENTARIO.md","B1E9D92DB7A807E7EDE401A9D0937DB42B38CCE2D6B0F1EFD13F872E0711C978","3414","charlieecho-jus9-tecnologia-juridica","ORIENTACOES/REGRA_FAMILIA_CHARLIE_CORACAO_IAS_INVENTARIO.md","duplicado preservado em charlieecho-jus9-tecnologia-juridica:ORIENTACOES/REGRA_FAMILIA_CHARLIE_CORACAO_IAS_INVENTARIO.md"
"DELETE","quandoodesenhofala-jus9-tecnologia-juridica","ORIENTACOES/REGRA_FAMILIA_CHARLIE_CORACAO_IAS_INVENTARIO.md","B1E9D92DB7A807E7EDE401A9D0937DB42B38CCE2D6B0F1EFD13F872E0711C978","3414","charlieecho-jus9-tecnologia-juridica","ORIENTACOES/REGRA_FAMILIA_CHARLIE_CORACAO_IAS_INVENTARIO.md","duplicado preservado em charlieecho-jus9-tecnologia-juridica:ORIENTACOES/REGRA_FAMILIA_CHARLIE_CORACAO_IAS_INVENTARIO.md"
"DELETE","sctec","ORIENTACOES/REGRA_FAMILIA_CHARLIE_CORACAO_IAS_INVENTARIO.md","B1E9D92DB7A807E7EDE401A9D0937DB42B38CCE2D6B0F1EFD13F872E0711C978","3414","charlieecho-jus9-tecnologia-juridica","ORIENTACOES/REGRA_FAMILIA_CHARLIE_CORACAO_IAS_INVENTARIO.md","duplicado preservado em charlieecho-jus9-tecnologia-juridica:ORIENTACOES/REGRA_FAMILIA_CHARLIE_CORACAO_IAS_INVENTARIO.md"
"DELETE","universidadedofuturo-jus9-tecnologia-juridica","ORIENTACOES/REGRA_FAMILIA_CHARLIE_CORACAO_IAS_INVENTARIO.md","B1E9D92DB7A807E7EDE401A9D0937DB42B38CCE2D6B0F1EFD13F872E0711C978","3414","charlieecho-jus9-tecnologia-juridica","ORIENTACOES/REGRA_FAMILIA_CHARLIE_CORACAO_IAS_INVENTARIO.md","duplicado preservado em charlieecho-jus9-tecnologia-juridica:ORIENTACOES/REGRA_FAMILIA_CHARLIE_CORACAO_IAS_INVENTARIO.md"
"DELETE","workers-pages-functions-jus9-tecnologia-juridica","ORIENTACOES/REGRA_FAMILIA_CHARLIE_CORACAO_IAS_INVENTARIO.md","B1E9D92DB7A807E7EDE401A9D0937DB42B38CCE2D6B0F1EFD13F872E0711C978","3414","charlieecho-jus9-tecnologia-juridica","ORIENTACOES/REGRA_FAMILIA_CHARLIE_CORACAO_IAS_INVENTARIO.md","duplicado preservado em charlieecho-jus9-tecnologia-juridica:ORIENTACOES/REGRA_FAMILIA_CHARLIE_CORACAO_IAS_INVENTARIO.md"
"DELETE","admin-painel-jus9-tecnologia-juridica","ORIENTACOES/REGRA_IDENTIDADE_FEMININA_CHARLIE_FOX.md","E2D5C9CD7C0C991C9426076C15DDDEEC50CE83A4CD4DC7AC30D163993C2F6514","2156","charlieecho-jus9-tecnologia-juridica","ORIENTACOES/REGRA_IDENTIDADE_FEMININA_CHARLIE_FOX.md","duplicado preservado em charlieecho-jus9-tecnologia-juridica:ORIENTACOES/REGRA_IDENTIDADE_FEMININA_CHARLIE_FOX.md"
"DELETE","Aeon-Primevo","ORIENTACOES/REGRA_IDENTIDADE_FEMININA_CHARLIE_FOX.md","E2D5C9CD7C0C991C9426076C15DDDEEC50CE83A4CD4DC7AC30D163993C2F6514","2156","charlieecho-jus9-tecnologia-juridica","ORIENTACOES/REGRA_IDENTIDADE_FEMININA_CHARLIE_FOX.md","duplicado preservado em charlieecho-jus9-tecnologia-juridica:ORIENTACOES/REGRA_IDENTIDADE_FEMININA_CHARLIE_FOX.md"
"KEEP","aulas-charlie-echo-jus9-tecnologia-juridica","ORIENTACOES/REGRA_IDENTIDADE_FEMININA_CHARLIE_FOX.md","E2D5C9CD7C0C991C9426076C15DDDEEC50CE83A4CD4DC7AC30D163993C2F6514","2156","charlieecho-jus9-tecnologia-juridica","ORIENTACOES/REGRA_IDENTIDADE_FEMININA_CHARLIE_FOX.md","repositorio primario Charlie Echo/aulas/governanca"
"DELETE","auth-identidade-acesso-jus9-tecnologia-juridica","ORIENTACOES/REGRA_IDENTIDADE_FEMININA_CHARLIE_FOX.md","E2D5C9CD7C0C991C9426076C15DDDEEC50CE83A4CD4DC7AC30D163993C2F6514","2156","charlieecho-jus9-tecnologia-juridica","ORIENTACOES/REGRA_IDENTIDADE_FEMININA_CHARLIE_FOX.md","duplicado preservado em charlieecho-jus9-tecnologia-juridica:ORIENTACOES/REGRA_IDENTIDADE_FEMININA_CHARLIE_FOX.md"
"DELETE","backend-api-jus9-tecnologia-juridica","ORIENTACOES/REGRA_IDENTIDADE_FEMININA_CHARLIE_FOX.md","E2D5C9CD7C0C991C9426076C15DDDEEC50CE83A4CD4DC7AC30D163993C2F6514","2156","charlieecho-jus9-tecnologia-juridica","ORIENTACOES/REGRA_IDENTIDADE_FEMININA_CHARLIE_FOX.md","duplicado preservado em charlieecho-jus9-tecnologia-juridica:ORIENTACOES/REGRA_IDENTIDADE_FEMININA_CHARLIE_FOX.md"
"DELETE","carta-jus9-tecnologia-juridica","ORIENTACOES/REGRA_IDENTIDADE_FEMININA_CHARLIE_FOX.md","E2D5C9CD7C0C991C9426076C15DDDEEC50CE83A4CD4DC7AC30D163993C2F6514","2156","charlieecho-jus9-tecnologia-juridica","ORIENTACOES/REGRA_IDENTIDADE_FEMININA_CHARLIE_FOX.md","duplicado preservado em charlieecho-jus9-tecnologia-juridica:ORIENTACOES/REGRA_IDENTIDADE_FEMININA_CHARLIE_FOX.md"
"KEEP","charlieecho-jus9-tecnologia-juridica","ORIENTACOES/REGRA_IDENTIDADE_FEMININA_CHARLIE_FOX.md","E2D5C9CD7C0C991C9426076C15DDDEEC50CE83A4CD4DC7AC30D163993C2F6514","2156","charlieecho-jus9-tecnologia-juridica","ORIENTACOES/REGRA_IDENTIDADE_FEMININA_CHARLIE_FOX.md","fonte primaria do grupo"
"KEEP","cofre-documentos-seguros-jus9-tecnologia-juridica","ORIENTACOES/REGRA_IDENTIDADE_FEMININA_CHARLIE_FOX.md","E2D5C9CD7C0C991C9426076C15DDDEEC50CE83A4CD4DC7AC30D163993C2F6514","2156","charlieecho-jus9-tecnologia-juridica","ORIENTACOES/REGRA_IDENTIDADE_FEMININA_CHARLIE_FOX.md","copia sensivel/cofre preservada"
"DELETE","Creta","ORIENTACOES/REGRA_IDENTIDADE_FEMININA_CHARLIE_FOX.md","E2D5C9CD7C0C991C9426076C15DDDEEC50CE83A4CD4DC7AC30D163993C2F6514","2156","charlieecho-jus9-tecnologia-juridica","ORIENTACOES/REGRA_IDENTIDADE_FEMININA_CHARLIE_FOX.md","duplicado preservado em charlieecho-jus9-tecnologia-juridica:ORIENTACOES/REGRA_IDENTIDADE_FEMININA_CHARLIE_FOX.md"
"DELETE","db-modelos-migracoes-jus9-tecnologia-juridica","ORIENTACOES/REGRA_IDENTIDADE_FEMININA_CHARLIE_FOX.md","E2D5C9CD7C0C991C9426076C15DDDEEC50CE83A4CD4DC7AC30D163993C2F6514","2156","charlieecho-jus9-tecnologia-juridica","ORIENTACOES/REGRA_IDENTIDADE_FEMININA_CHARLIE_FOX.md","duplicado preservado em charlieecho-jus9-tecnologia-juridica:ORIENTACOES/REGRA_IDENTIDADE_FEMININA_CHARLIE_FOX.md"
"DELETE","documentacao-jus9-tecnologia-juridica","ORIENTACOES/REGRA_IDENTIDADE_FEMININA_CHARLIE_FOX.md","E2D5C9CD7C0C991C9426076C15DDDEEC50CE83A4CD4DC7AC30D163993C2F6514","2156","charlieecho-jus9-tecnologia-juridica","ORIENTACOES/REGRA_IDENTIDADE_FEMININA_CHARLIE_FOX.md","duplicado preservado em charlieecho-jus9-tecnologia-juridica:ORIENTACOES/REGRA_IDENTIDADE_FEMININA_CHARLIE_FOX.md"
"DELETE","equipe-jus9-tecnologia-juridica","orientacoes/REGRA_IDENTIDADE_FEMININA_CHARLIE_FOX.md","E2D5C9CD7C0C991C9426076C15DDDEEC50CE83A4CD4DC7AC30D163993C2F6514","2156","charlieecho-jus9-tecnologia-juridica","ORIENTACOES/REGRA_IDENTIDADE_FEMININA_CHARLIE_FOX.md","duplicado preservado em charlieecho-jus9-tecnologia-juridica:ORIENTACOES/REGRA_IDENTIDADE_FEMININA_CHARLIE_FOX.md"
"DELETE","governanca-autoorganizacao-charlie-echo-jus9-tecnologia-juridica","ORIENTACOES/REGRA_IDENTIDADE_FEMININA_CHARLIE_FOX.md","E2D5C9CD7C0C991C9426076C15DDDEEC50CE83A4CD4DC7AC30D163993C2F6514","2156","charlieecho-jus9-tecnologia-juridica","ORIENTACOES/REGRA_IDENTIDADE_FEMININA_CHARLIE_FOX.md","duplicado preservado em charlieecho-jus9-tecnologia-juridica:ORIENTACOES/REGRA_IDENTIDADE_FEMININA_CHARLIE_FOX.md"
"KEEP","governanca-jus9-tecnologia-juridica","ORIENTACOES/REGRA_IDENTIDADE_FEMININA_CHARLIE_FOX.md","E2D5C9CD7C0C991C9426076C15DDDEEC50CE83A4CD4DC7AC30D163993C2F6514","2156","charlieecho-jus9-tecnologia-juridica","ORIENTACOES/REGRA_IDENTIDADE_FEMININA_CHARLIE_FOX.md","repositorio primario Charlie Echo/aulas/governanca"
"DELETE","ia-dupla-jus9-tecnologia-juridica","ORIENTACOES/REGRA_IDENTIDADE_FEMININA_CHARLIE_FOX.md","E2D5C9CD7C0C991C9426076C15DDDEEC50CE83A4CD4DC7AC30D163993C2F6514","2156","charlieecho-jus9-tecnologia-juridica","ORIENTACOES/REGRA_IDENTIDADE_FEMININA_CHARLIE_FOX.md","duplicado preservado em charlieecho-jus9-tecnologia-juridica:ORIENTACOES/REGRA_IDENTIDADE_FEMININA_CHARLIE_FOX.md"
"DELETE","ia-profissional-orquestrador-jus9-tecnologia-juridica","ORIENTACOES/REGRA_IDENTIDADE_FEMININA_CHARLIE_FOX.md","E2D5C9CD7C0C991C9426076C15DDDEEC50CE83A4CD4DC7AC30D163993C2F6514","2156","charlieecho-jus9-tecnologia-juridica","ORIENTACOES/REGRA_IDENTIDADE_FEMININA_CHARLIE_FOX.md","duplicado preservado em charlieecho-jus9-tecnologia-juridica:ORIENTACOES/REGRA_IDENTIDADE_FEMININA_CHARLIE_FOX.md"
"DELETE","infra-cloudflare-jus9-tecnologia-juridica","ORIENTACOES/REGRA_IDENTIDADE_FEMININA_CHARLIE_FOX.md","E2D5C9CD7C0C991C9426076C15DDDEEC50CE83A4CD4DC7AC30D163993C2F6514","2156","charlieecho-jus9-tecnologia-juridica","ORIENTACOES/REGRA_IDENTIDADE_FEMININA_CHARLIE_FOX.md","duplicado preservado em charlieecho-jus9-tecnologia-juridica:ORIENTACOES/REGRA_IDENTIDADE_FEMININA_CHARLIE_FOX.md"
"DELETE","introducaocss","ORIENTACOES/REGRA_IDENTIDADE_FEMININA_CHARLIE_FOX.md","E2D5C9CD7C0C991C9426076C15DDDEEC50CE83A4CD4DC7AC30D163993C2F6514","2156","charlieecho-jus9-tecnologia-juridica","ORIENTACOES/REGRA_IDENTIDADE_FEMININA_CHARLIE_FOX.md","duplicado preservado em charlieecho-jus9-tecnologia-juridica:ORIENTACOES/REGRA_IDENTIDADE_FEMININA_CHARLIE_FOX.md"
"DELETE","investimentos-jus9-tecnologia-juridica","ORIENTACOES/REGRA_IDENTIDADE_FEMININA_CHARLIE_FOX.md","E2D5C9CD7C0C991C9426076C15DDDEEC50CE83A4CD4DC7AC30D163993C2F6514","2156","charlieecho-jus9-tecnologia-juridica","ORIENTACOES/REGRA_IDENTIDADE_FEMININA_CHARLIE_FOX.md","duplicado preservado em charlieecho-jus9-tecnologia-juridica:ORIENTACOES/REGRA_IDENTIDADE_FEMININA_CHARLIE_FOX.md"
"DELETE","juridico-virtual-jus9-tecnologia-juridica","ORIENTACOES/REGRA_IDENTIDADE_FEMININA_CHARLIE_FOX.md","E2D5C9CD7C0C991C9426076C15DDDEEC50CE83A4CD4DC7AC30D163993C2F6514","2156","charlieecho-jus9-tecnologia-juridica","ORIENTACOES/REGRA_IDENTIDADE_FEMININA_CHARLIE_FOX.md","duplicado preservado em charlieecho-jus9-tecnologia-juridica:ORIENTACOES/REGRA_IDENTIDADE_FEMININA_CHARLIE_FOX.md"
"DELETE","jus9-tecnologia-juridica","ORIENTACOES/REGRA_IDENTIDADE_FEMININA_CHARLIE_FOX.md","E2D5C9CD7C0C991C9426076C15DDDEEC50CE83A4CD4DC7AC30D163993C2F6514","2156","charlieecho-jus9-tecnologia-juridica","ORIENTACOES/REGRA_IDENTIDADE_FEMININA_CHARLIE_FOX.md","duplicado preservado em charlieecho-jus9-tecnologia-juridica:ORIENTACOES/REGRA_IDENTIDADE_FEMININA_CHARLIE_FOX.md"
"DELETE","jus9verde-jus9-tecnologia-juridica","ORIENTACOES/REGRA_IDENTIDADE_FEMININA_CHARLIE_FOX.md","E2D5C9CD7C0C991C9426076C15DDDEEC50CE83A4CD4DC7AC30D163993C2F6514","2156","charlieecho-jus9-tecnologia-juridica","ORIENTACOES/REGRA_IDENTIDADE_FEMININA_CHARLIE_FOX.md","duplicado preservado em charlieecho-jus9-tecnologia-juridica:ORIENTACOES/REGRA_IDENTIDADE_FEMININA_CHARLIE_FOX.md"
"DELETE","laboratorio-jus9-tecnologia-juridica","ORIENTACOES/REGRA_IDENTIDADE_FEMININA_CHARLIE_FOX.md","E2D5C9CD7C0C991C9426076C15DDDEEC50CE83A4CD4DC7AC30D163993C2F6514","2156","charlieecho-jus9-tecnologia-juridica","ORIENTACOES/REGRA_IDENTIDADE_FEMININA_CHARLIE_FOX.md","duplicado preservado em charlieecho-jus9-tecnologia-juridica:ORIENTACOES/REGRA_IDENTIDADE_FEMININA_CHARLIE_FOX.md"
"DELETE","livros-jus9-tecnologia-juridica","ORIENTACOES/REGRA_IDENTIDADE_FEMININA_CHARLIE_FOX.md","E2D5C9CD7C0C991C9426076C15DDDEEC50CE83A4CD4DC7AC30D163993C2F6514","2156","charlieecho-jus9-tecnologia-juridica","ORIENTACOES/REGRA_IDENTIDADE_FEMININA_CHARLIE_FOX.md","duplicado preservado em charlieecho-jus9-tecnologia-juridica:ORIENTACOES/REGRA_IDENTIDADE_FEMININA_CHARLIE_FOX.md"
"DELETE","logs-auditoria-jus9-tecnologia-juridica","ORIENTACOES/REGRA_IDENTIDADE_FEMININA_CHARLIE_FOX.md","E2D5C9CD7C0C991C9426076C15DDDEEC50CE83A4CD4DC7AC30D163993C2F6514","2156","charlieecho-jus9-tecnologia-juridica","ORIENTACOES/REGRA_IDENTIDADE_FEMININA_CHARLIE_FOX.md","duplicado preservado em charlieecho-jus9-tecnologia-juridica:ORIENTACOES/REGRA_IDENTIDADE_FEMININA_CHARLIE_FOX.md"
"DELETE","mvp-jus9-tecnologia-juridica","ORIENTACOES/REGRA_IDENTIDADE_FEMININA_CHARLIE_FOX.md","E2D5C9CD7C0C991C9426076C15DDDEEC50CE83A4CD4DC7AC30D163993C2F6514","2156","charlieecho-jus9-tecnologia-juridica","ORIENTACOES/REGRA_IDENTIDADE_FEMININA_CHARLIE_FOX.md","duplicado preservado em charlieecho-jus9-tecnologia-juridica:ORIENTACOES/REGRA_IDENTIDADE_FEMININA_CHARLIE_FOX.md"
"DELETE","olamundo-jus9-tecnologia-juridica","ORIENTACOES/REGRA_IDENTIDADE_FEMININA_CHARLIE_FOX.md","E2D5C9CD7C0C991C9426076C15DDDEEC50CE83A4CD4DC7AC30D163993C2F6514","2156","charlieecho-jus9-tecnologia-juridica","ORIENTACOES/REGRA_IDENTIDADE_FEMININA_CHARLIE_FOX.md","duplicado preservado em charlieecho-jus9-tecnologia-juridica:ORIENTACOES/REGRA_IDENTIDADE_FEMININA_CHARLIE_FOX.md"
"DELETE","portal-cliente-jus9-tecnologia-juridica","ORIENTACOES/REGRA_IDENTIDADE_FEMININA_CHARLIE_FOX.md","E2D5C9CD7C0C991C9426076C15DDDEEC50CE83A4CD4DC7AC30D163993C2F6514","2156","charlieecho-jus9-tecnologia-juridica","ORIENTACOES/REGRA_IDENTIDADE_FEMININA_CHARLIE_FOX.md","duplicado preservado em charlieecho-jus9-tecnologia-juridica:ORIENTACOES/REGRA_IDENTIDADE_FEMININA_CHARLIE_FOX.md"
"DELETE","primeiroformsctec","ORIENTACOES/REGRA_IDENTIDADE_FEMININA_CHARLIE_FOX.md","E2D5C9CD7C0C991C9426076C15DDDEEC50CE83A4CD4DC7AC30D163993C2F6514","2156","charlieecho-jus9-tecnologia-juridica","ORIENTACOES/REGRA_IDENTIDADE_FEMININA_CHARLIE_FOX.md","duplicado preservado em charlieecho-jus9-tecnologia-juridica:ORIENTACOES/REGRA_IDENTIDADE_FEMININA_CHARLIE_FOX.md"
"DELETE","quandoodesenhofala-jus9-tecnologia-juridica","ORIENTACOES/REGRA_IDENTIDADE_FEMININA_CHARLIE_FOX.md","E2D5C9CD7C0C991C9426076C15DDDEEC50CE83A4CD4DC7AC30D163993C2F6514","2156","charlieecho-jus9-tecnologia-juridica","ORIENTACOES/REGRA_IDENTIDADE_FEMININA_CHARLIE_FOX.md","duplicado preservado em charlieecho-jus9-tecnologia-juridica:ORIENTACOES/REGRA_IDENTIDADE_FEMININA_CHARLIE_FOX.md"
"DELETE","sctec","ORIENTACOES/REGRA_IDENTIDADE_FEMININA_CHARLIE_FOX.md","E2D5C9CD7C0C991C9426076C15DDDEEC50CE83A4CD4DC7AC30D163993C2F6514","2156","charlieecho-jus9-tecnologia-juridica","ORIENTACOES/REGRA_IDENTIDADE_FEMININA_CHARLIE_FOX.md","duplicado preservado em charlieecho-jus9-tecnologia-juridica:ORIENTACOES/REGRA_IDENTIDADE_FEMININA_CHARLIE_FOX.md"
"DELETE","universidadedofuturo-jus9-tecnologia-juridica","ORIENTACOES/REGRA_IDENTIDADE_FEMININA_CHARLIE_FOX.md","E2D5C9CD7C0C991C9426076C15DDDEEC50CE83A4CD4DC7AC30D163993C2F6514","2156","charlieecho-jus9-tecnologia-juridica","ORIENTACOES/REGRA_IDENTIDADE_FEMININA_CHARLIE_FOX.md","duplicado preservado em charlieecho-jus9-tecnologia-juridica:ORIENTACOES/REGRA_IDENTIDADE_FEMININA_CHARLIE_FOX.md"
"DELETE","workers-pages-functions-jus9-tecnologia-juridica","ORIENTACOES/REGRA_IDENTIDADE_FEMININA_CHARLIE_FOX.md","E2D5C9CD7C0C991C9426076C15DDDEEC50CE83A4CD4DC7AC30D163993C2F6514","2156","charlieecho-jus9-tecnologia-juridica","ORIENTACOES/REGRA_IDENTIDADE_FEMININA_CHARLIE_FOX.md","duplicado preservado em charlieecho-jus9-tecnologia-juridica:ORIENTACOES/REGRA_IDENTIDADE_FEMININA_CHARLIE_FOX.md"
"DELETE","admin-painel-jus9-tecnologia-juridica","ORIENTACOES/LINK_SEMANTICO_WEB_SUMMIT_RIO_2026.md","AACA3FE8340B09D7DD0335E56E3BB1E7374EEEF9E263A46D0ACE614A0810FB6E","1182","charlieecho-jus9-tecnologia-juridica","ORIENTACOES/LINK_SEMANTICO_WEB_SUMMIT_RIO_2026.md","duplicado preservado em charlieecho-jus9-tecnologia-juridica:ORIENTACOES/LINK_SEMANTICO_WEB_SUMMIT_RIO_2026.md"
"DELETE","Aeon-Primevo","ORIENTACOES/LINK_SEMANTICO_WEB_SUMMIT_RIO_2026.md","AACA3FE8340B09D7DD0335E56E3BB1E7374EEEF9E263A46D0ACE614A0810FB6E","1182","charlieecho-jus9-tecnologia-juridica","ORIENTACOES/LINK_SEMANTICO_WEB_SUMMIT_RIO_2026.md","duplicado preservado em charlieecho-jus9-tecnologia-juridica:ORIENTACOES/LINK_SEMANTICO_WEB_SUMMIT_RIO_2026.md"
"KEEP","aulas-charlie-echo-jus9-tecnologia-juridica","ORIENTACOES/LINK_SEMANTICO_WEB_SUMMIT_RIO_2026.md","AACA3FE8340B09D7DD0335E56E3BB1E7374EEEF9E263A46D0ACE614A0810FB6E","1182","charlieecho-jus9-tecnologia-juridica","ORIENTACOES/LINK_SEMANTICO_WEB_SUMMIT_RIO_2026.md","repositorio primario Charlie Echo/aulas/governanca"
"DELETE","auth-identidade-acesso-jus9-tecnologia-juridica","ORIENTACOES/LINK_SEMANTICO_WEB_SUMMIT_RIO_2026.md","AACA3FE8340B09D7DD0335E56E3BB1E7374EEEF9E263A46D0ACE614A0810FB6E","1182","charlieecho-jus9-tecnologia-juridica","ORIENTACOES/LINK_SEMANTICO_WEB_SUMMIT_RIO_2026.md","duplicado preservado em charlieecho-jus9-tecnologia-juridica:ORIENTACOES/LINK_SEMANTICO_WEB_SUMMIT_RIO_2026.md"
"DELETE","backend-api-jus9-tecnologia-juridica","ORIENTACOES/LINK_SEMANTICO_WEB_SUMMIT_RIO_2026.md","AACA3FE8340B09D7DD0335E56E3BB1E7374EEEF9E263A46D0ACE614A0810FB6E","1182","charlieecho-jus9-tecnologia-juridica","ORIENTACOES/LINK_SEMANTICO_WEB_SUMMIT_RIO_2026.md","duplicado preservado em charlieecho-jus9-tecnologia-juridica:ORIENTACOES/LINK_SEMANTICO_WEB_SUMMIT_RIO_2026.md"
"DELETE","carta-jus9-tecnologia-juridica","ORIENTACOES/LINK_SEMANTICO_WEB_SUMMIT_RIO_2026.md","AACA3FE8340B09D7DD0335E56E3BB1E7374EEEF9E263A46D0ACE614A0810FB6E","1182","charlieecho-jus9-tecnologia-juridica","ORIENTACOES/LINK_SEMANTICO_WEB_SUMMIT_RIO_2026.md","duplicado preservado em charlieecho-jus9-tecnologia-juridica:ORIENTACOES/LINK_SEMANTICO_WEB_SUMMIT_RIO_2026.md"
"KEEP","charlieecho-jus9-tecnologia-juridica","ORIENTACOES/LINK_SEMANTICO_WEB_SUMMIT_RIO_2026.md","AACA3FE8340B09D7DD0335E56E3BB1E7374EEEF9E263A46D0ACE614A0810FB6E","1182","charlieecho-jus9-tecnologia-juridica","ORIENTACOES/LINK_SEMANTICO_WEB_SUMMIT_RIO_2026.md","fonte primaria do grupo"
"DELETE","cofre-documentos-seguros-jus9-tecnologia-juridica","ORIENTACOES/LINK_SEMANTICO_WEB_SUMMIT_RIO_2026.md","AACA3FE8340B09D7DD0335E56E3BB1E7374EEEF9E263A46D0ACE614A0810FB6E","1182","charlieecho-jus9-tecnologia-juridica","ORIENTACOES/LINK_SEMANTICO_WEB_SUMMIT_RIO_2026.md","duplicado preservado em charlieecho-jus9-tecnologia-juridica:ORIENTACOES/LINK_SEMANTICO_WEB_SUMMIT_RIO_2026.md"
"DELETE","Creta","ORIENTACOES/LINK_SEMANTICO_WEB_SUMMIT_RIO_2026.md","AACA3FE8340B09D7DD0335E56E3BB1E7374EEEF9E263A46D0ACE614A0810FB6E","1182","charlieecho-jus9-tecnologia-juridica","ORIENTACOES/LINK_SEMANTICO_WEB_SUMMIT_RIO_2026.md","duplicado preservado em charlieecho-jus9-tecnologia-juridica:ORIENTACOES/LINK_SEMANTICO_WEB_SUMMIT_RIO_2026.md"
"DELETE","db-modelos-migracoes-jus9-tecnologia-juridica","ORIENTACOES/LINK_SEMANTICO_WEB_SUMMIT_RIO_2026.md","AACA3FE8340B09D7DD0335E56E3BB1E7374EEEF9E263A46D0ACE614A0810FB6E","1182","charlieecho-jus9-tecnologia-juridica","ORIENTACOES/LINK_SEMANTICO_WEB_SUMMIT_RIO_2026.md","duplicado preservado em charlieecho-jus9-tecnologia-juridica:ORIENTACOES/LINK_SEMANTICO_WEB_SUMMIT_RIO_2026.md"
"DELETE","documentacao-jus9-tecnologia-juridica","ORIENTACOES/LINK_SEMANTICO_WEB_SUMMIT_RIO_2026.md","AACA3FE8340B09D7DD0335E56E3BB1E7374EEEF9E263A46D0ACE614A0810FB6E","1182","charlieecho-jus9-tecnologia-juridica","ORIENTACOES/LINK_SEMANTICO_WEB_SUMMIT_RIO_2026.md","duplicado preservado em charlieecho-jus9-tecnologia-juridica:ORIENTACOES/LINK_SEMANTICO_WEB_SUMMIT_RIO_2026.md"
"DELETE","equipe-jus9-tecnologia-juridica","orientacoes/LINK_SEMANTICO_WEB_SUMMIT_RIO_2026.md","AACA3FE8340B09D7DD0335E56E3BB1E7374EEEF9E263A46D0ACE614A0810FB6E","1182","charlieecho-jus9-tecnologia-juridica","ORIENTACOES/LINK_SEMANTICO_WEB_SUMMIT_RIO_2026.md","duplicado preservado em charlieecho-jus9-tecnologia-juridica:ORIENTACOES/LINK_SEMANTICO_WEB_SUMMIT_RIO_2026.md"
"DELETE","governanca-autoorganizacao-charlie-echo-jus9-tecnologia-juridica","ORIENTACOES/LINK_SEMANTICO_WEB_SUMMIT_RIO_2026.md","AACA3FE8340B09D7DD0335E56E3BB1E7374EEEF9E263A46D0ACE614A0810FB6E","1182","charlieecho-jus9-tecnologia-juridica","ORIENTACOES/LINK_SEMANTICO_WEB_SUMMIT_RIO_2026.md","duplicado preservado em charlieecho-jus9-tecnologia-juridica:ORIENTACOES/LINK_SEMANTICO_WEB_SUMMIT_RIO_2026.md"
"KEEP","governanca-jus9-tecnologia-juridica","ORIENTACOES/LINK_SEMANTICO_WEB_SUMMIT_RIO_2026.md","AACA3FE8340B09D7DD0335E56E3BB1E7374EEEF9E263A46D0ACE614A0810FB6E","1182","charlieecho-jus9-tecnologia-juridica","ORIENTACOES/LINK_SEMANTICO_WEB_SUMMIT_RIO_2026.md","repositorio primario Charlie Echo/aulas/governanca"
"DELETE","ia-dupla-jus9-tecnologia-juridica","ORIENTACOES/LINK_SEMANTICO_WEB_SUMMIT_RIO_2026.md","AACA3FE8340B09D7DD0335E56E3BB1E7374EEEF9E263A46D0ACE614A0810FB6E","1182","charlieecho-jus9-tecnologia-juridica","ORIENTACOES/LINK_SEMANTICO_WEB_SUMMIT_RIO_2026.md","duplicado preservado em charlieecho-jus9-tecnologia-juridica:ORIENTACOES/LINK_SEMANTICO_WEB_SUMMIT_RIO_2026.md"
"DELETE","ia-profissional-orquestrador-jus9-tecnologia-juridica","ORIENTACOES/LINK_SEMANTICO_WEB_SUMMIT_RIO_2026.md","AACA3FE8340B09D7DD0335E56E3BB1E7374EEEF9E263A46D0ACE614A0810FB6E","1182","charlieecho-jus9-tecnologia-juridica","ORIENTACOES/LINK_SEMANTICO_WEB_SUMMIT_RIO_2026.md","duplicado preservado em charlieecho-jus9-tecnologia-juridica:ORIENTACOES/LINK_SEMANTICO_WEB_SUMMIT_RIO_2026.md"
"DELETE","infra-cloudflare-jus9-tecnologia-juridica","ORIENTACOES/LINK_SEMANTICO_WEB_SUMMIT_RIO_2026.md","AACA3FE8340B09D7DD0335E56E3BB1E7374EEEF9E263A46D0ACE614A0810FB6E","1182","charlieecho-jus9-tecnologia-juridica","ORIENTACOES/LINK_SEMANTICO_WEB_SUMMIT_RIO_2026.md","duplicado preservado em charlieecho-jus9-tecnologia-juridica:ORIENTACOES/LINK_SEMANTICO_WEB_SUMMIT_RIO_2026.md"
"DELETE","introducaocss","ORIENTACOES/LINK_SEMANTICO_WEB_SUMMIT_RIO_2026.md","AACA3FE8340B09D7DD0335E56E3BB1E7374EEEF9E263A46D0ACE614A0810FB6E","1182","charlieecho-jus9-tecnologia-juridica","ORIENTACOES/LINK_SEMANTICO_WEB_SUMMIT_RIO_2026.md","duplicado preservado em charlieecho-jus9-tecnologia-juridica:ORIENTACOES/LINK_SEMANTICO_WEB_SUMMIT_RIO_2026.md"
"DELETE","investimentos-jus9-tecnologia-juridica","ORIENTACOES/LINK_SEMANTICO_WEB_SUMMIT_RIO_2026.md","AACA3FE8340B09D7DD0335E56E3BB1E7374EEEF9E263A46D0ACE614A0810FB6E","1182","charlieecho-jus9-tecnologia-juridica","ORIENTACOES/LINK_SEMANTICO_WEB_SUMMIT_RIO_2026.md","duplicado preservado em charlieecho-jus9-tecnologia-juridica:ORIENTACOES/LINK_SEMANTICO_WEB_SUMMIT_RIO_2026.md"
"DELETE","juridico-virtual-jus9-tecnologia-juridica","ORIENTACOES/LINK_SEMANTICO_WEB_SUMMIT_RIO_2026.md","AACA3FE8340B09D7DD0335E56E3BB1E7374EEEF9E263A46D0ACE614A0810FB6E","1182","charlieecho-jus9-tecnologia-juridica","ORIENTACOES/LINK_SEMANTICO_WEB_SUMMIT_RIO_2026.md","duplicado preservado em charlieecho-jus9-tecnologia-juridica:ORIENTACOES/LINK_SEMANTICO_WEB_SUMMIT_RIO_2026.md"
"DELETE","jus9-tecnologia-juridica","ORIENTACOES/LINK_SEMANTICO_WEB_SUMMIT_RIO_2026.md","AACA3FE8340B09D7DD0335E56E3BB1E7374EEEF9E263A46D0ACE614A0810FB6E","1182","charlieecho-jus9-tecnologia-juridica","ORIENTACOES/LINK_SEMANTICO_WEB_SUMMIT_RIO_2026.md","duplicado preservado em charlieecho-jus9-tecnologia-juridica:ORIENTACOES/LINK_SEMANTICO_WEB_SUMMIT_RIO_2026.md"
"DELETE","jus9verde-jus9-tecnologia-juridica","ORIENTACOES/LINK_SEMANTICO_WEB_SUMMIT_RIO_2026.md","AACA3FE8340B09D7DD0335E56E3BB1E7374EEEF9E263A46D0ACE614A0810FB6E","1182","charlieecho-jus9-tecnologia-juridica","ORIENTACOES/LINK_SEMANTICO_WEB_SUMMIT_RIO_2026.md","duplicado preservado em charlieecho-jus9-tecnologia-juridica:ORIENTACOES/LINK_SEMANTICO_WEB_SUMMIT_RIO_2026.md"
"DELETE","laboratorio-jus9-tecnologia-juridica","ORIENTACOES/LINK_SEMANTICO_WEB_SUMMIT_RIO_2026.md","AACA3FE8340B09D7DD0335E56E3BB1E7374EEEF9E263A46D0ACE614A0810FB6E","1182","charlieecho-jus9-tecnologia-juridica","ORIENTACOES/LINK_SEMANTICO_WEB_SUMMIT_RIO_2026.md","duplicado preservado em charlieecho-jus9-tecnologia-juridica:ORIENTACOES/LINK_SEMANTICO_WEB_SUMMIT_RIO_2026.md"
"DELETE","livros-jus9-tecnologia-juridica","ORIENTACOES/LINK_SEMANTICO_WEB_SUMMIT_RIO_2026.md","AACA3FE8340B09D7DD0335E56E3BB1E7374EEEF9E263A46D0ACE614A0810FB6E","1182","charlieecho-jus9-tecnologia-juridica","ORIENTACOES/LINK_SEMANTICO_WEB_SUMMIT_RIO_2026.md","duplicado preservado em charlieecho-jus9-tecnologia-juridica:ORIENTACOES/LINK_SEMANTICO_WEB_SUMMIT_RIO_2026.md"
"DELETE","logs-auditoria-jus9-tecnologia-juridica","ORIENTACOES/LINK_SEMANTICO_WEB_SUMMIT_RIO_2026.md","AACA3FE8340B09D7DD0335E56E3BB1E7374EEEF9E263A46D0ACE614A0810FB6E","1182","charlieecho-jus9-tecnologia-juridica","ORIENTACOES/LINK_SEMANTICO_WEB_SUMMIT_RIO_2026.md","duplicado preservado em charlieecho-jus9-tecnologia-juridica:ORIENTACOES/LINK_SEMANTICO_WEB_SUMMIT_RIO_2026.md"
"DELETE","mvp-jus9-tecnologia-juridica","ORIENTACOES/LINK_SEMANTICO_WEB_SUMMIT_RIO_2026.md","AACA3FE8340B09D7DD0335E56E3BB1E7374EEEF9E263A46D0ACE614A0810FB6E","1182","charlieecho-jus9-tecnologia-juridica","ORIENTACOES/LINK_SEMANTICO_WEB_SUMMIT_RIO_2026.md","duplicado preservado em charlieecho-jus9-tecnologia-juridica:ORIENTACOES/LINK_SEMANTICO_WEB_SUMMIT_RIO_2026.md"
"DELETE","olamundo-jus9-tecnologia-juridica","ORIENTACOES/LINK_SEMANTICO_WEB_SUMMIT_RIO_2026.md","AACA3FE8340B09D7DD0335E56E3BB1E7374EEEF9E263A46D0ACE614A0810FB6E","1182","charlieecho-jus9-tecnologia-juridica","ORIENTACOES/LINK_SEMANTICO_WEB_SUMMIT_RIO_2026.md","duplicado preservado em charlieecho-jus9-tecnologia-juridica:ORIENTACOES/LINK_SEMANTICO_WEB_SUMMIT_RIO_2026.md"
"DELETE","portal-cliente-jus9-tecnologia-juridica","ORIENTACOES/LINK_SEMANTICO_WEB_SUMMIT_RIO_2026.md","AACA3FE8340B09D7DD0335E56E3BB1E7374EEEF9E263A46D0ACE614A0810FB6E","1182","charlieecho-jus9-tecnologia-juridica","ORIENTACOES/LINK_SEMANTICO_WEB_SUMMIT_RIO_2026.md","duplicado preservado em charlieecho-jus9-tecnologia-juridica:ORIENTACOES/LINK_SEMANTICO_WEB_SUMMIT_RIO_2026.md"
"DELETE","primeiroformsctec","ORIENTACOES/LINK_SEMANTICO_WEB_SUMMIT_RIO_2026.md","AACA3FE8340B09D7DD0335E56E3BB1E7374EEEF9E263A46D0ACE614A0810FB6E","1182","charlieecho-jus9-tecnologia-juridica","ORIENTACOES/LINK_SEMANTICO_WEB_SUMMIT_RIO_2026.md","duplicado preservado em charlieecho-jus9-tecnologia-juridica:ORIENTACOES/LINK_SEMANTICO_WEB_SUMMIT_RIO_2026.md"
"DELETE","quandoodesenhofala-jus9-tecnologia-juridica","ORIENTACOES/LINK_SEMANTICO_WEB_SUMMIT_RIO_2026.md","AACA3FE8340B09D7DD0335E56E3BB1E7374EEEF9E263A46D0ACE614A0810FB6E","1182","charlieecho-jus9-tecnologia-juridica","ORIENTACOES/LINK_SEMANTICO_WEB_SUMMIT_RIO_2026.md","duplicado preservado em charlieecho-jus9-tecnologia-juridica:ORIENTACOES/LINK_SEMANTICO_WEB_SUMMIT_RIO_2026.md"
"DELETE","sctec","ORIENTACOES/LINK_SEMANTICO_WEB_SUMMIT_RIO_2026.md","AACA3FE8340B09D7DD0335E56E3BB1E7374EEEF9E263A46D0ACE614A0810FB6E","1182","charlieecho-jus9-tecnologia-juridica","ORIENTACOES/LINK_SEMANTICO_WEB_SUMMIT_RIO_2026.md","duplicado preservado em charlieecho-jus9-tecnologia-juridica:ORIENTACOES/LINK_SEMANTICO_WEB_SUMMIT_RIO_2026.md"
"DELETE","universidadedofuturo-jus9-tecnologia-juridica","ORIENTACOES/LINK_SEMANTICO_WEB_SUMMIT_RIO_2026.md","AACA3FE8340B09D7DD0335E56E3BB1E7374EEEF9E263A46D0ACE614A0810FB6E","1182","charlieecho-jus9-tecnologia-juridica","ORIENTACOES/LINK_SEMANTICO_WEB_SUMMIT_RIO_2026.md","duplicado preservado em charlieecho-jus9-tecnologia-juridica:ORIENTACOES/LINK_SEMANTICO_WEB_SUMMIT_RIO_2026.md"
"DELETE","workers-pages-functions-jus9-tecnologia-juridica","ORIENTACOES/LINK_SEMANTICO_WEB_SUMMIT_RIO_2026.md","AACA3FE8340B09D7DD0335E56E3BB1E7374EEEF9E263A46D0ACE614A0810FB6E","1182","charlieecho-jus9-tecnologia-juridica","ORIENTACOES/LINK_SEMANTICO_WEB_SUMMIT_RIO_2026.md","duplicado preservado em charlieecho-jus9-tecnologia-juridica:ORIENTACOES/LINK_SEMANTICO_WEB_SUMMIT_RIO_2026.md"
"DELETE","admin-painel-jus9-tecnologia-juridica","GOVERNANCA/PRINCIPIOS_CLAUSULAS_PETREAS_E_LEIS_MAIORES.md","66EC68F9D7ABA71D9179040D2C1BE852976B3101CC101E6C2803C42977F59809","1221","charlieecho-jus9-tecnologia-juridica","GOVERNANCA/PRINCIPIOS_CLAUSULAS_PETREAS_E_LEIS_MAIORES.md","duplicado preservado em charlieecho-jus9-tecnologia-juridica:GOVERNANCA/PRINCIPIOS_CLAUSULAS_PETREAS_E_LEIS_MAIORES.md"
"DELETE","Aeon-Primevo","GOVERNANCA/PRINCIPIOS_CLAUSULAS_PETREAS_E_LEIS_MAIORES.md","66EC68F9D7ABA71D9179040D2C1BE852976B3101CC101E6C2803C42977F59809","1221","charlieecho-jus9-tecnologia-juridica","GOVERNANCA/PRINCIPIOS_CLAUSULAS_PETREAS_E_LEIS_MAIORES.md","duplicado preservado em charlieecho-jus9-tecnologia-juridica:GOVERNANCA/PRINCIPIOS_CLAUSULAS_PETREAS_E_LEIS_MAIORES.md"
"KEEP","aulas-charlie-echo-jus9-tecnologia-juridica","GOVERNANCA/PRINCIPIOS_CLAUSULAS_PETREAS_E_LEIS_MAIORES.md","66EC68F9D7ABA71D9179040D2C1BE852976B3101CC101E6C2803C42977F59809","1221","charlieecho-jus9-tecnologia-juridica","GOVERNANCA/PRINCIPIOS_CLAUSULAS_PETREAS_E_LEIS_MAIORES.md","repositorio primario Charlie Echo/aulas/governanca"
"DELETE","auth-identidade-acesso-jus9-tecnologia-juridica","GOVERNANCA/PRINCIPIOS_CLAUSULAS_PETREAS_E_LEIS_MAIORES.md","66EC68F9D7ABA71D9179040D2C1BE852976B3101CC101E6C2803C42977F59809","1221","charlieecho-jus9-tecnologia-juridica","GOVERNANCA/PRINCIPIOS_CLAUSULAS_PETREAS_E_LEIS_MAIORES.md","duplicado preservado em charlieecho-jus9-tecnologia-juridica:GOVERNANCA/PRINCIPIOS_CLAUSULAS_PETREAS_E_LEIS_MAIORES.md"
"DELETE","backend-api-jus9-tecnologia-juridica","GOVERNANCA/PRINCIPIOS_CLAUSULAS_PETREAS_E_LEIS_MAIORES.md","66EC68F9D7ABA71D9179040D2C1BE852976B3101CC101E6C2803C42977F59809","1221","charlieecho-jus9-tecnologia-juridica","GOVERNANCA/PRINCIPIOS_CLAUSULAS_PETREAS_E_LEIS_MAIORES.md","duplicado preservado em charlieecho-jus9-tecnologia-juridica:GOVERNANCA/PRINCIPIOS_CLAUSULAS_PETREAS_E_LEIS_MAIORES.md"
"DELETE","carta-jus9-tecnologia-juridica","GOVERNANCA/PRINCIPIOS_CLAUSULAS_PETREAS_E_LEIS_MAIORES.md","66EC68F9D7ABA71D9179040D2C1BE852976B3101CC101E6C2803C42977F59809","1221","charlieecho-jus9-tecnologia-juridica","GOVERNANCA/PRINCIPIOS_CLAUSULAS_PETREAS_E_LEIS_MAIORES.md","duplicado preservado em charlieecho-jus9-tecnologia-juridica:GOVERNANCA/PRINCIPIOS_CLAUSULAS_PETREAS_E_LEIS_MAIORES.md"
"KEEP","charlieecho-jus9-tecnologia-juridica","GOVERNANCA/PRINCIPIOS_CLAUSULAS_PETREAS_E_LEIS_MAIORES.md","66EC68F9D7ABA71D9179040D2C1BE852976B3101CC101E6C2803C42977F59809","1221","charlieecho-jus9-tecnologia-juridica","GOVERNANCA/PRINCIPIOS_CLAUSULAS_PETREAS_E_LEIS_MAIORES.md","fonte primaria do grupo"
"DELETE","cofre-documentos-seguros-jus9-tecnologia-juridica","GOVERNANCA/PRINCIPIOS_CLAUSULAS_PETREAS_E_LEIS_MAIORES.md","66EC68F9D7ABA71D9179040D2C1BE852976B3101CC101E6C2803C42977F59809","1221","charlieecho-jus9-tecnologia-juridica","GOVERNANCA/PRINCIPIOS_CLAUSULAS_PETREAS_E_LEIS_MAIORES.md","duplicado preservado em charlieecho-jus9-tecnologia-juridica:GOVERNANCA/PRINCIPIOS_CLAUSULAS_PETREAS_E_LEIS_MAIORES.md"
"DELETE","Creta","GOVERNANCA/PRINCIPIOS_CLAUSULAS_PETREAS_E_LEIS_MAIORES.md","66EC68F9D7ABA71D9179040D2C1BE852976B3101CC101E6C2803C42977F59809","1221","charlieecho-jus9-tecnologia-juridica","GOVERNANCA/PRINCIPIOS_CLAUSULAS_PETREAS_E_LEIS_MAIORES.md","duplicado preservado em charlieecho-jus9-tecnologia-juridica:GOVERNANCA/PRINCIPIOS_CLAUSULAS_PETREAS_E_LEIS_MAIORES.md"
"DELETE","db-modelos-migracoes-jus9-tecnologia-juridica","GOVERNANCA/PRINCIPIOS_CLAUSULAS_PETREAS_E_LEIS_MAIORES.md","66EC68F9D7ABA71D9179040D2C1BE852976B3101CC101E6C2803C42977F59809","1221","charlieecho-jus9-tecnologia-juridica","GOVERNANCA/PRINCIPIOS_CLAUSULAS_PETREAS_E_LEIS_MAIORES.md","duplicado preservado em charlieecho-jus9-tecnologia-juridica:GOVERNANCA/PRINCIPIOS_CLAUSULAS_PETREAS_E_LEIS_MAIORES.md"
"DELETE","documentacao-jus9-tecnologia-juridica","GOVERNANCA/PRINCIPIOS_CLAUSULAS_PETREAS_E_LEIS_MAIORES.md","66EC68F9D7ABA71D9179040D2C1BE852976B3101CC101E6C2803C42977F59809","1221","charlieecho-jus9-tecnologia-juridica","GOVERNANCA/PRINCIPIOS_CLAUSULAS_PETREAS_E_LEIS_MAIORES.md","duplicado preservado em charlieecho-jus9-tecnologia-juridica:GOVERNANCA/PRINCIPIOS_CLAUSULAS_PETREAS_E_LEIS_MAIORES.md"
"DELETE","equipe-jus9-tecnologia-juridica","GOVERNANCA/PRINCIPIOS_CLAUSULAS_PETREAS_E_LEIS_MAIORES.md","66EC68F9D7ABA71D9179040D2C1BE852976B3101CC101E6C2803C42977F59809","1221","charlieecho-jus9-tecnologia-juridica","GOVERNANCA/PRINCIPIOS_CLAUSULAS_PETREAS_E_LEIS_MAIORES.md","duplicado preservado em charlieecho-jus9-tecnologia-juridica:GOVERNANCA/PRINCIPIOS_CLAUSULAS_PETREAS_E_LEIS_MAIORES.md"
"DELETE","governanca-autoorganizacao-charlie-echo-jus9-tecnologia-juridica","GOVERNANCA/PRINCIPIOS_CLAUSULAS_PETREAS_E_LEIS_MAIORES.md","66EC68F9D7ABA71D9179040D2C1BE852976B3101CC101E6C2803C42977F59809","1221","charlieecho-jus9-tecnologia-juridica","GOVERNANCA/PRINCIPIOS_CLAUSULAS_PETREAS_E_LEIS_MAIORES.md","duplicado preservado em charlieecho-jus9-tecnologia-juridica:GOVERNANCA/PRINCIPIOS_CLAUSULAS_PETREAS_E_LEIS_MAIORES.md"
"KEEP","governanca-jus9-tecnologia-juridica","GOVERNANCA/PRINCIPIOS_CLAUSULAS_PETREAS_E_LEIS_MAIORES.md","66EC68F9D7ABA71D9179040D2C1BE852976B3101CC101E6C2803C42977F59809","1221","charlieecho-jus9-tecnologia-juridica","GOVERNANCA/PRINCIPIOS_CLAUSULAS_PETREAS_E_LEIS_MAIORES.md","repositorio primario Charlie Echo/aulas/governanca"
"DELETE","ia-dupla-jus9-tecnologia-juridica","GOVERNANCA/PRINCIPIOS_CLAUSULAS_PETREAS_E_LEIS_MAIORES.md","66EC68F9D7ABA71D9179040D2C1BE852976B3101CC101E6C2803C42977F59809","1221","charlieecho-jus9-tecnologia-juridica","GOVERNANCA/PRINCIPIOS_CLAUSULAS_PETREAS_E_LEIS_MAIORES.md","duplicado preservado em charlieecho-jus9-tecnologia-juridica:GOVERNANCA/PRINCIPIOS_CLAUSULAS_PETREAS_E_LEIS_MAIORES.md"
"DELETE","ia-profissional-orquestrador-jus9-tecnologia-juridica","GOVERNANCA/PRINCIPIOS_CLAUSULAS_PETREAS_E_LEIS_MAIORES.md","66EC68F9D7ABA71D9179040D2C1BE852976B3101CC101E6C2803C42977F59809","1221","charlieecho-jus9-tecnologia-juridica","GOVERNANCA/PRINCIPIOS_CLAUSULAS_PETREAS_E_LEIS_MAIORES.md","duplicado preservado em charlieecho-jus9-tecnologia-juridica:GOVERNANCA/PRINCIPIOS_CLAUSULAS_PETREAS_E_LEIS_MAIORES.md"
"DELETE","infra-cloudflare-jus9-tecnologia-juridica","GOVERNANCA/PRINCIPIOS_CLAUSULAS_PETREAS_E_LEIS_MAIORES.md","66EC68F9D7ABA71D9179040D2C1BE852976B3101CC101E6C2803C42977F59809","1221","charlieecho-jus9-tecnologia-juridica","GOVERNANCA/PRINCIPIOS_CLAUSULAS_PETREAS_E_LEIS_MAIORES.md","duplicado preservado em charlieecho-jus9-tecnologia-juridica:GOVERNANCA/PRINCIPIOS_CLAUSULAS_PETREAS_E_LEIS_MAIORES.md"
"DELETE","introducaocss","GOVERNANCA/PRINCIPIOS_CLAUSULAS_PETREAS_E_LEIS_MAIORES.md","66EC68F9D7ABA71D9179040D2C1BE852976B3101CC101E6C2803C42977F59809","1221","charlieecho-jus9-tecnologia-juridica","GOVERNANCA/PRINCIPIOS_CLAUSULAS_PETREAS_E_LEIS_MAIORES.md","duplicado preservado em charlieecho-jus9-tecnologia-juridica:GOVERNANCA/PRINCIPIOS_CLAUSULAS_PETREAS_E_LEIS_MAIORES.md"
"DELETE","investimentos-jus9-tecnologia-juridica","GOVERNANCA/PRINCIPIOS_CLAUSULAS_PETREAS_E_LEIS_MAIORES.md","66EC68F9D7ABA71D9179040D2C1BE852976B3101CC101E6C2803C42977F59809","1221","charlieecho-jus9-tecnologia-juridica","GOVERNANCA/PRINCIPIOS_CLAUSULAS_PETREAS_E_LEIS_MAIORES.md","duplicado preservado em charlieecho-jus9-tecnologia-juridica:GOVERNANCA/PRINCIPIOS_CLAUSULAS_PETREAS_E_LEIS_MAIORES.md"
"DELETE","juridico-virtual-jus9-tecnologia-juridica","GOVERNANCA/PRINCIPIOS_CLAUSULAS_PETREAS_E_LEIS_MAIORES.md","66EC68F9D7ABA71D9179040D2C1BE852976B3101CC101E6C2803C42977F59809","1221","charlieecho-jus9-tecnologia-juridica","GOVERNANCA/PRINCIPIOS_CLAUSULAS_PETREAS_E_LEIS_MAIORES.md","duplicado preservado em charlieecho-jus9-tecnologia-juridica:GOVERNANCA/PRINCIPIOS_CLAUSULAS_PETREAS_E_LEIS_MAIORES.md"
"DELETE","jus9-tecnologia-juridica","GOVERNANCA/PRINCIPIOS_CLAUSULAS_PETREAS_E_LEIS_MAIORES.md","66EC68F9D7ABA71D9179040D2C1BE852976B3101CC101E6C2803C42977F59809","1221","charlieecho-jus9-tecnologia-juridica","GOVERNANCA/PRINCIPIOS_CLAUSULAS_PETREAS_E_LEIS_MAIORES.md","duplicado preservado em charlieecho-jus9-tecnologia-juridica:GOVERNANCA/PRINCIPIOS_CLAUSULAS_PETREAS_E_LEIS_MAIORES.md"
"DELETE","jus9verde-jus9-tecnologia-juridica","GOVERNANCA/PRINCIPIOS_CLAUSULAS_PETREAS_E_LEIS_MAIORES.md","66EC68F9D7ABA71D9179040D2C1BE852976B3101CC101E6C2803C42977F59809","1221","charlieecho-jus9-tecnologia-juridica","GOVERNANCA/PRINCIPIOS_CLAUSULAS_PETREAS_E_LEIS_MAIORES.md","duplicado preservado em charlieecho-jus9-tecnologia-juridica:GOVERNANCA/PRINCIPIOS_CLAUSULAS_PETREAS_E_LEIS_MAIORES.md"
"DELETE","laboratorio-jus9-tecnologia-juridica","GOVERNANCA/PRINCIPIOS_CLAUSULAS_PETREAS_E_LEIS_MAIORES.md","66EC68F9D7ABA71D9179040D2C1BE852976B3101CC101E6C2803C42977F59809","1221","charlieecho-jus9-tecnologia-juridica","GOVERNANCA/PRINCIPIOS_CLAUSULAS_PETREAS_E_LEIS_MAIORES.md","duplicado preservado em charlieecho-jus9-tecnologia-juridica:GOVERNANCA/PRINCIPIOS_CLAUSULAS_PETREAS_E_LEIS_MAIORES.md"
"DELETE","livros-jus9-tecnologia-juridica","GOVERNANCA/PRINCIPIOS_CLAUSULAS_PETREAS_E_LEIS_MAIORES.md","66EC68F9D7ABA71D9179040D2C1BE852976B3101CC101E6C2803C42977F59809","1221","charlieecho-jus9-tecnologia-juridica","GOVERNANCA/PRINCIPIOS_CLAUSULAS_PETREAS_E_LEIS_MAIORES.md","duplicado preservado em charlieecho-jus9-tecnologia-juridica:GOVERNANCA/PRINCIPIOS_CLAUSULAS_PETREAS_E_LEIS_MAIORES.md"
"DELETE","logs-auditoria-jus9-tecnologia-juridica","GOVERNANCA/PRINCIPIOS_CLAUSULAS_PETREAS_E_LEIS_MAIORES.md","66EC68F9D7ABA71D9179040D2C1BE852976B3101CC101E6C2803C42977F59809","1221","charlieecho-jus9-tecnologia-juridica","GOVERNANCA/PRINCIPIOS_CLAUSULAS_PETREAS_E_LEIS_MAIORES.md","duplicado preservado em charlieecho-jus9-tecnologia-juridica:GOVERNANCA/PRINCIPIOS_CLAUSULAS_PETREAS_E_LEIS_MAIORES.md"
"DELETE","mvp-jus9-tecnologia-juridica","GOVERNANCA/PRINCIPIOS_CLAUSULAS_PETREAS_E_LEIS_MAIORES.md","66EC68F9D7ABA71D9179040D2C1BE852976B3101CC101E6C2803C42977F59809","1221","charlieecho-jus9-tecnologia-juridica","GOVERNANCA/PRINCIPIOS_CLAUSULAS_PETREAS_E_LEIS_MAIORES.md","duplicado preservado em charlieecho-jus9-tecnologia-juridica:GOVERNANCA/PRINCIPIOS_CLAUSULAS_PETREAS_E_LEIS_MAIORES.md"
"DELETE","olamundo-jus9-tecnologia-juridica","GOVERNANCA/PRINCIPIOS_CLAUSULAS_PETREAS_E_LEIS_MAIORES.md","66EC68F9D7ABA71D9179040D2C1BE852976B3101CC101E6C2803C42977F59809","1221","charlieecho-jus9-tecnologia-juridica","GOVERNANCA/PRINCIPIOS_CLAUSULAS_PETREAS_E_LEIS_MAIORES.md","duplicado preservado em charlieecho-jus9-tecnologia-juridica:GOVERNANCA/PRINCIPIOS_CLAUSULAS_PETREAS_E_LEIS_MAIORES.md"
"DELETE","portal-cliente-jus9-tecnologia-juridica","GOVERNANCA/PRINCIPIOS_CLAUSULAS_PETREAS_E_LEIS_MAIORES.md","66EC68F9D7ABA71D9179040D2C1BE852976B3101CC101E6C2803C42977F59809","1221","charlieecho-jus9-tecnologia-juridica","GOVERNANCA/PRINCIPIOS_CLAUSULAS_PETREAS_E_LEIS_MAIORES.md","duplicado preservado em charlieecho-jus9-tecnologia-juridica:GOVERNANCA/PRINCIPIOS_CLAUSULAS_PETREAS_E_LEIS_MAIORES.md"
"DELETE","primeiroformsctec","GOVERNANCA/PRINCIPIOS_CLAUSULAS_PETREAS_E_LEIS_MAIORES.md","66EC68F9D7ABA71D9179040D2C1BE852976B3101CC101E6C2803C42977F59809","1221","charlieecho-jus9-tecnologia-juridica","GOVERNANCA/PRINCIPIOS_CLAUSULAS_PETREAS_E_LEIS_MAIORES.md","duplicado preservado em charlieecho-jus9-tecnologia-juridica:GOVERNANCA/PRINCIPIOS_CLAUSULAS_PETREAS_E_LEIS_MAIORES.md"
"DELETE","quandoodesenhofala-jus9-tecnologia-juridica","GOVERNANCA/PRINCIPIOS_CLAUSULAS_PETREAS_E_LEIS_MAIORES.md","66EC68F9D7ABA71D9179040D2C1BE852976B3101CC101E6C2803C42977F59809","1221","charlieecho-jus9-tecnologia-juridica","GOVERNANCA/PRINCIPIOS_CLAUSULAS_PETREAS_E_LEIS_MAIORES.md","duplicado preservado em charlieecho-jus9-tecnologia-juridica:GOVERNANCA/PRINCIPIOS_CLAUSULAS_PETREAS_E_LEIS_MAIORES.md"
"DELETE","sctec","GOVERNANCA/PRINCIPIOS_CLAUSULAS_PETREAS_E_LEIS_MAIORES.md","66EC68F9D7ABA71D9179040D2C1BE852976B3101CC101E6C2803C42977F59809","1221","charlieecho-jus9-tecnologia-juridica","GOVERNANCA/PRINCIPIOS_CLAUSULAS_PETREAS_E_LEIS_MAIORES.md","duplicado preservado em charlieecho-jus9-tecnologia-juridica:GOVERNANCA/PRINCIPIOS_CLAUSULAS_PETREAS_E_LEIS_MAIORES.md"
"DELETE","workers-pages-functions-jus9-tecnologia-juridica","GOVERNANCA/PRINCIPIOS_CLAUSULAS_PETREAS_E_LEIS_MAIORES.md","66EC68F9D7ABA71D9179040D2C1BE852976B3101CC101E6C2803C42977F59809","1221","charlieecho-jus9-tecnologia-juridica","GOVERNANCA/PRINCIPIOS_CLAUSULAS_PETREAS_E_LEIS_MAIORES.md","duplicado preservado em charlieecho-jus9-tecnologia-juridica:GOVERNANCA/PRINCIPIOS_CLAUSULAS_PETREAS_E_LEIS_MAIORES.md"
"DELETE","admin-painel-jus9-tecnologia-juridica","VERSIONAMENTO_VARREDURA_TOTAL_v2_0.md","52DAAC1ACBBEF853D5C6F7B078E6A286BFE1E93DFFCEACA480442B303CA0EF89","611","charlieecho-jus9-tecnologia-juridica","VERSIONAMENTO_VARREDURA_TOTAL_v2_0.md","duplicado preservado em charlieecho-jus9-tecnologia-juridica:VERSIONAMENTO_VARREDURA_TOTAL_v2_0.md"
"DELETE","Aeon-Primevo","VERSIONAMENTO_VARREDURA_TOTAL_v2_0.md","52DAAC1ACBBEF853D5C6F7B078E6A286BFE1E93DFFCEACA480442B303CA0EF89","611","charlieecho-jus9-tecnologia-juridica","VERSIONAMENTO_VARREDURA_TOTAL_v2_0.md","duplicado preservado em charlieecho-jus9-tecnologia-juridica:VERSIONAMENTO_VARREDURA_TOTAL_v2_0.md"
"KEEP","aulas-charlie-echo-jus9-tecnologia-juridica","VERSIONAMENTO_VARREDURA_TOTAL_v2_0.md","52DAAC1ACBBEF853D5C6F7B078E6A286BFE1E93DFFCEACA480442B303CA0EF89","611","charlieecho-jus9-tecnologia-juridica","VERSIONAMENTO_VARREDURA_TOTAL_v2_0.md","repositorio primario Charlie Echo/aulas/governanca"
"DELETE","auth-identidade-acesso-jus9-tecnologia-juridica","VERSIONAMENTO_VARREDURA_TOTAL_v2_0.md","52DAAC1ACBBEF853D5C6F7B078E6A286BFE1E93DFFCEACA480442B303CA0EF89","611","charlieecho-jus9-tecnologia-juridica","VERSIONAMENTO_VARREDURA_TOTAL_v2_0.md","duplicado preservado em charlieecho-jus9-tecnologia-juridica:VERSIONAMENTO_VARREDURA_TOTAL_v2_0.md"
"DELETE","backend-api-jus9-tecnologia-juridica","VERSIONAMENTO_VARREDURA_TOTAL_v2_0.md","52DAAC1ACBBEF853D5C6F7B078E6A286BFE1E93DFFCEACA480442B303CA0EF89","611","charlieecho-jus9-tecnologia-juridica","VERSIONAMENTO_VARREDURA_TOTAL_v2_0.md","duplicado preservado em charlieecho-jus9-tecnologia-juridica:VERSIONAMENTO_VARREDURA_TOTAL_v2_0.md"
"DELETE","carta-jus9-tecnologia-juridica","VERSIONAMENTO_VARREDURA_TOTAL_v2_0.md","52DAAC1ACBBEF853D5C6F7B078E6A286BFE1E93DFFCEACA480442B303CA0EF89","611","charlieecho-jus9-tecnologia-juridica","VERSIONAMENTO_VARREDURA_TOTAL_v2_0.md","duplicado preservado em charlieecho-jus9-tecnologia-juridica:VERSIONAMENTO_VARREDURA_TOTAL_v2_0.md"
"KEEP","charlieecho-jus9-tecnologia-juridica","VERSIONAMENTO_VARREDURA_TOTAL_v2_0.md","52DAAC1ACBBEF853D5C6F7B078E6A286BFE1E93DFFCEACA480442B303CA0EF89","611","charlieecho-jus9-tecnologia-juridica","VERSIONAMENTO_VARREDURA_TOTAL_v2_0.md","fonte primaria do grupo"
"DELETE","cofre-documentos-seguros-jus9-tecnologia-juridica","VERSIONAMENTO_VARREDURA_TOTAL_v2_0.md","52DAAC1ACBBEF853D5C6F7B078E6A286BFE1E93DFFCEACA480442B303CA0EF89","611","charlieecho-jus9-tecnologia-juridica","VERSIONAMENTO_VARREDURA_TOTAL_v2_0.md","duplicado preservado em charlieecho-jus9-tecnologia-juridica:VERSIONAMENTO_VARREDURA_TOTAL_v2_0.md"
"DELETE","Creta","VERSIONAMENTO_VARREDURA_TOTAL_v2_0.md","52DAAC1ACBBEF853D5C6F7B078E6A286BFE1E93DFFCEACA480442B303CA0EF89","611","charlieecho-jus9-tecnologia-juridica","VERSIONAMENTO_VARREDURA_TOTAL_v2_0.md","duplicado preservado em charlieecho-jus9-tecnologia-juridica:VERSIONAMENTO_VARREDURA_TOTAL_v2_0.md"
"DELETE","db-modelos-migracoes-jus9-tecnologia-juridica","VERSIONAMENTO_VARREDURA_TOTAL_v2_0.md","52DAAC1ACBBEF853D5C6F7B078E6A286BFE1E93DFFCEACA480442B303CA0EF89","611","charlieecho-jus9-tecnologia-juridica","VERSIONAMENTO_VARREDURA_TOTAL_v2_0.md","duplicado preservado em charlieecho-jus9-tecnologia-juridica:VERSIONAMENTO_VARREDURA_TOTAL_v2_0.md"
"DELETE","documentacao-jus9-tecnologia-juridica","VERSIONAMENTO_VARREDURA_TOTAL_v2_0.md","52DAAC1ACBBEF853D5C6F7B078E6A286BFE1E93DFFCEACA480442B303CA0EF89","611","charlieecho-jus9-tecnologia-juridica","VERSIONAMENTO_VARREDURA_TOTAL_v2_0.md","duplicado preservado em charlieecho-jus9-tecnologia-juridica:VERSIONAMENTO_VARREDURA_TOTAL_v2_0.md"
"DELETE","equipe-jus9-tecnologia-juridica","VERSIONAMENTO_VARREDURA_TOTAL_v2_0.md","52DAAC1ACBBEF853D5C6F7B078E6A286BFE1E93DFFCEACA480442B303CA0EF89","611","charlieecho-jus9-tecnologia-juridica","VERSIONAMENTO_VARREDURA_TOTAL_v2_0.md","duplicado preservado em charlieecho-jus9-tecnologia-juridica:VERSIONAMENTO_VARREDURA_TOTAL_v2_0.md"
"DELETE","governanca-autoorganizacao-charlie-echo-jus9-tecnologia-juridica","VERSIONAMENTO_VARREDURA_TOTAL_v2_0.md","52DAAC1ACBBEF853D5C6F7B078E6A286BFE1E93DFFCEACA480442B303CA0EF89","611","charlieecho-jus9-tecnologia-juridica","VERSIONAMENTO_VARREDURA_TOTAL_v2_0.md","duplicado preservado em charlieecho-jus9-tecnologia-juridica:VERSIONAMENTO_VARREDURA_TOTAL_v2_0.md"
"KEEP","governanca-jus9-tecnologia-juridica","VERSIONAMENTO_VARREDURA_TOTAL_v2_0.md","52DAAC1ACBBEF853D5C6F7B078E6A286BFE1E93DFFCEACA480442B303CA0EF89","611","charlieecho-jus9-tecnologia-juridica","VERSIONAMENTO_VARREDURA_TOTAL_v2_0.md","repositorio primario Charlie Echo/aulas/governanca"
"DELETE","ia-dupla-jus9-tecnologia-juridica","VERSIONAMENTO_VARREDURA_TOTAL_v2_0.md","52DAAC1ACBBEF853D5C6F7B078E6A286BFE1E93DFFCEACA480442B303CA0EF89","611","charlieecho-jus9-tecnologia-juridica","VERSIONAMENTO_VARREDURA_TOTAL_v2_0.md","duplicado preservado em charlieecho-jus9-tecnologia-juridica:VERSIONAMENTO_VARREDURA_TOTAL_v2_0.md"
"DELETE","ia-profissional-orquestrador-jus9-tecnologia-juridica","VERSIONAMENTO_VARREDURA_TOTAL_v2_0.md","52DAAC1ACBBEF853D5C6F7B078E6A286BFE1E93DFFCEACA480442B303CA0EF89","611","charlieecho-jus9-tecnologia-juridica","VERSIONAMENTO_VARREDURA_TOTAL_v2_0.md","duplicado preservado em charlieecho-jus9-tecnologia-juridica:VERSIONAMENTO_VARREDURA_TOTAL_v2_0.md"
"DELETE","infra-cloudflare-jus9-tecnologia-juridica","VERSIONAMENTO_VARREDURA_TOTAL_v2_0.md","52DAAC1ACBBEF853D5C6F7B078E6A286BFE1E93DFFCEACA480442B303CA0EF89","611","charlieecho-jus9-tecnologia-juridica","VERSIONAMENTO_VARREDURA_TOTAL_v2_0.md","duplicado preservado em charlieecho-jus9-tecnologia-juridica:VERSIONAMENTO_VARREDURA_TOTAL_v2_0.md"
"DELETE","introducaocss","VERSIONAMENTO_VARREDURA_TOTAL_v2_0.md","52DAAC1ACBBEF853D5C6F7B078E6A286BFE1E93DFFCEACA480442B303CA0EF89","611","charlieecho-jus9-tecnologia-juridica","VERSIONAMENTO_VARREDURA_TOTAL_v2_0.md","duplicado preservado em charlieecho-jus9-tecnologia-juridica:VERSIONAMENTO_VARREDURA_TOTAL_v2_0.md"
"DELETE","investimentos-jus9-tecnologia-juridica","VERSIONAMENTO_VARREDURA_TOTAL_v2_0.md","52DAAC1ACBBEF853D5C6F7B078E6A286BFE1E93DFFCEACA480442B303CA0EF89","611","charlieecho-jus9-tecnologia-juridica","VERSIONAMENTO_VARREDURA_TOTAL_v2_0.md","duplicado preservado em charlieecho-jus9-tecnologia-juridica:VERSIONAMENTO_VARREDURA_TOTAL_v2_0.md"
"DELETE","juridico-virtual-jus9-tecnologia-juridica","VERSIONAMENTO_VARREDURA_TOTAL_v2_0.md","52DAAC1ACBBEF853D5C6F7B078E6A286BFE1E93DFFCEACA480442B303CA0EF89","611","charlieecho-jus9-tecnologia-juridica","VERSIONAMENTO_VARREDURA_TOTAL_v2_0.md","duplicado preservado em charlieecho-jus9-tecnologia-juridica:VERSIONAMENTO_VARREDURA_TOTAL_v2_0.md"
"DELETE","jus9-tecnologia-juridica","VERSIONAMENTO_VARREDURA_TOTAL_v2_0.md","52DAAC1ACBBEF853D5C6F7B078E6A286BFE1E93DFFCEACA480442B303CA0EF89","611","charlieecho-jus9-tecnologia-juridica","VERSIONAMENTO_VARREDURA_TOTAL_v2_0.md","duplicado preservado em charlieecho-jus9-tecnologia-juridica:VERSIONAMENTO_VARREDURA_TOTAL_v2_0.md"
"DELETE","jus9verde-jus9-tecnologia-juridica","VERSIONAMENTO_VARREDURA_TOTAL_v2_0.md","52DAAC1ACBBEF853D5C6F7B078E6A286BFE1E93DFFCEACA480442B303CA0EF89","611","charlieecho-jus9-tecnologia-juridica","VERSIONAMENTO_VARREDURA_TOTAL_v2_0.md","duplicado preservado em charlieecho-jus9-tecnologia-juridica:VERSIONAMENTO_VARREDURA_TOTAL_v2_0.md"
"DELETE","laboratorio-jus9-tecnologia-juridica","VERSIONAMENTO_VARREDURA_TOTAL_v2_0.md","52DAAC1ACBBEF853D5C6F7B078E6A286BFE1E93DFFCEACA480442B303CA0EF89","611","charlieecho-jus9-tecnologia-juridica","VERSIONAMENTO_VARREDURA_TOTAL_v2_0.md","duplicado preservado em charlieecho-jus9-tecnologia-juridica:VERSIONAMENTO_VARREDURA_TOTAL_v2_0.md"
"DELETE","livros-jus9-tecnologia-juridica","VERSIONAMENTO_VARREDURA_TOTAL_v2_0.md","52DAAC1ACBBEF853D5C6F7B078E6A286BFE1E93DFFCEACA480442B303CA0EF89","611","charlieecho-jus9-tecnologia-juridica","VERSIONAMENTO_VARREDURA_TOTAL_v2_0.md","duplicado preservado em charlieecho-jus9-tecnologia-juridica:VERSIONAMENTO_VARREDURA_TOTAL_v2_0.md"
"DELETE","logs-auditoria-jus9-tecnologia-juridica","VERSIONAMENTO_VARREDURA_TOTAL_v2_0.md","52DAAC1ACBBEF853D5C6F7B078E6A286BFE1E93DFFCEACA480442B303CA0EF89","611","charlieecho-jus9-tecnologia-juridica","VERSIONAMENTO_VARREDURA_TOTAL_v2_0.md","duplicado preservado em charlieecho-jus9-tecnologia-juridica:VERSIONAMENTO_VARREDURA_TOTAL_v2_0.md"
"DELETE","mvp-jus9-tecnologia-juridica","VERSIONAMENTO_VARREDURA_TOTAL_v2_0.md","52DAAC1ACBBEF853D5C6F7B078E6A286BFE1E93DFFCEACA480442B303CA0EF89","611","charlieecho-jus9-tecnologia-juridica","VERSIONAMENTO_VARREDURA_TOTAL_v2_0.md","duplicado preservado em charlieecho-jus9-tecnologia-juridica:VERSIONAMENTO_VARREDURA_TOTAL_v2_0.md"
"DELETE","olamundo-jus9-tecnologia-juridica","VERSIONAMENTO_VARREDURA_TOTAL_v2_0.md","52DAAC1ACBBEF853D5C6F7B078E6A286BFE1E93DFFCEACA480442B303CA0EF89","611","charlieecho-jus9-tecnologia-juridica","VERSIONAMENTO_VARREDURA_TOTAL_v2_0.md","duplicado preservado em charlieecho-jus9-tecnologia-juridica:VERSIONAMENTO_VARREDURA_TOTAL_v2_0.md"
"DELETE","portal-cliente-jus9-tecnologia-juridica","VERSIONAMENTO_VARREDURA_TOTAL_v2_0.md","52DAAC1ACBBEF853D5C6F7B078E6A286BFE1E93DFFCEACA480442B303CA0EF89","611","charlieecho-jus9-tecnologia-juridica","VERSIONAMENTO_VARREDURA_TOTAL_v2_0.md","duplicado preservado em charlieecho-jus9-tecnologia-juridica:VERSIONAMENTO_VARREDURA_TOTAL_v2_0.md"
"DELETE","primeiroformsctec","VERSIONAMENTO_VARREDURA_TOTAL_v2_0.md","52DAAC1ACBBEF853D5C6F7B078E6A286BFE1E93DFFCEACA480442B303CA0EF89","611","charlieecho-jus9-tecnologia-juridica","VERSIONAMENTO_VARREDURA_TOTAL_v2_0.md","duplicado preservado em charlieecho-jus9-tecnologia-juridica:VERSIONAMENTO_VARREDURA_TOTAL_v2_0.md"
"DELETE","quandoodesenhofala-jus9-tecnologia-juridica","VERSIONAMENTO_VARREDURA_TOTAL_v2_0.md","52DAAC1ACBBEF853D5C6F7B078E6A286BFE1E93DFFCEACA480442B303CA0EF89","611","charlieecho-jus9-tecnologia-juridica","VERSIONAMENTO_VARREDURA_TOTAL_v2_0.md","duplicado preservado em charlieecho-jus9-tecnologia-juridica:VERSIONAMENTO_VARREDURA_TOTAL_v2_0.md"
"DELETE","sctec","VERSIONAMENTO_VARREDURA_TOTAL_v2_0.md","52DAAC1ACBBEF853D5C6F7B078E6A286BFE1E93DFFCEACA480442B303CA0EF89","611","charlieecho-jus9-tecnologia-juridica","VERSIONAMENTO_VARREDURA_TOTAL_v2_0.md","duplicado preservado em charlieecho-jus9-tecnologia-juridica:VERSIONAMENTO_VARREDURA_TOTAL_v2_0.md"
"DELETE","workers-pages-functions-jus9-tecnologia-juridica","VERSIONAMENTO_VARREDURA_TOTAL_v2_0.md","52DAAC1ACBBEF853D5C6F7B078E6A286BFE1E93DFFCEACA480442B303CA0EF89","611","charlieecho-jus9-tecnologia-juridica","VERSIONAMENTO_VARREDURA_TOTAL_v2_0.md","duplicado preservado em charlieecho-jus9-tecnologia-juridica:VERSIONAMENTO_VARREDURA_TOTAL_v2_0.md"
"DELETE","admin-painel-jus9-tecnologia-juridica","assets/img/foto-vitor.jpg","9424232FC390A66097C3E78241581A80F3B588211DCA39CD2E790FF7088A4BCF","108275","charlieecho-jus9-tecnologia-juridica","assets/img/foto-vitor.jpg","duplicado preservado em charlieecho-jus9-tecnologia-juridica:assets/img/foto-vitor.jpg"
"DELETE","Aeon-Primevo","assets/img/foto-vitor.jpg","9424232FC390A66097C3E78241581A80F3B588211DCA39CD2E790FF7088A4BCF","108275","charlieecho-jus9-tecnologia-juridica","assets/img/foto-vitor.jpg","duplicado preservado em charlieecho-jus9-tecnologia-juridica:assets/img/foto-vitor.jpg"
"KEEP","aulas-charlie-echo-jus9-tecnologia-juridica","assets/img/foto-vitor.jpg","9424232FC390A66097C3E78241581A80F3B588211DCA39CD2E790FF7088A4BCF","108275","charlieecho-jus9-tecnologia-juridica","assets/img/foto-vitor.jpg","repositorio primario Charlie Echo/aulas/governanca"
"DELETE","auth-identidade-acesso-jus9-tecnologia-juridica","assets/img/foto-vitor.jpg","9424232FC390A66097C3E78241581A80F3B588211DCA39CD2E790FF7088A4BCF","108275","charlieecho-jus9-tecnologia-juridica","assets/img/foto-vitor.jpg","duplicado preservado em charlieecho-jus9-tecnologia-juridica:assets/img/foto-vitor.jpg"
"DELETE","backend-api-jus9-tecnologia-juridica","assets/img/foto-vitor.jpg","9424232FC390A66097C3E78241581A80F3B588211DCA39CD2E790FF7088A4BCF","108275","charlieecho-jus9-tecnologia-juridica","assets/img/foto-vitor.jpg","duplicado preservado em charlieecho-jus9-tecnologia-juridica:assets/img/foto-vitor.jpg"
"DELETE","carta-jus9-tecnologia-juridica","assets/img/foto-vitor.jpg","9424232FC390A66097C3E78241581A80F3B588211DCA39CD2E790FF7088A4BCF","108275","charlieecho-jus9-tecnologia-juridica","assets/img/foto-vitor.jpg","duplicado preservado em charlieecho-jus9-tecnologia-juridica:assets/img/foto-vitor.jpg"
"KEEP","charlieecho-jus9-tecnologia-juridica","assets/img/foto-vitor.jpg","9424232FC390A66097C3E78241581A80F3B588211DCA39CD2E790FF7088A4BCF","108275","charlieecho-jus9-tecnologia-juridica","assets/img/foto-vitor.jpg","fonte primaria do grupo"
"DELETE","cofre-documentos-seguros-jus9-tecnologia-juridica","assets/img/foto-vitor.jpg","9424232FC390A66097C3E78241581A80F3B588211DCA39CD2E790FF7088A4BCF","108275","charlieecho-jus9-tecnologia-juridica","assets/img/foto-vitor.jpg","duplicado preservado em charlieecho-jus9-tecnologia-juridica:assets/img/foto-vitor.jpg"
"DELETE","Creta","assets/img/foto-vitor.jpg","9424232FC390A66097C3E78241581A80F3B588211DCA39CD2E790FF7088A4BCF","108275","charlieecho-jus9-tecnologia-juridica","assets/img/foto-vitor.jpg","duplicado preservado em charlieecho-jus9-tecnologia-juridica:assets/img/foto-vitor.jpg"
"DELETE","documentacao-jus9-tecnologia-juridica","assets/img/foto-vitor.jpg","9424232FC390A66097C3E78241581A80F3B588211DCA39CD2E790FF7088A4BCF","108275","charlieecho-jus9-tecnologia-juridica","assets/img/foto-vitor.jpg","duplicado preservado em charlieecho-jus9-tecnologia-juridica:assets/img/foto-vitor.jpg"
"KEEP","equipe-jus9-tecnologia-juridica","assets/img/equipe/vitor.jpg","9424232FC390A66097C3E78241581A80F3B588211DCA39CD2E790FF7088A4BCF","108275","charlieecho-jus9-tecnologia-juridica","assets/img/foto-vitor.jpg","asset ou arquivo referenciado no proprio repositorio"
"DELETE","equipe-jus9-tecnologia-juridica","assets/img/foto-vitor.jpg","9424232FC390A66097C3E78241581A80F3B588211DCA39CD2E790FF7088A4BCF","108275","charlieecho-jus9-tecnologia-juridica","assets/img/foto-vitor.jpg","duplicado preservado em charlieecho-jus9-tecnologia-juridica:assets/img/foto-vitor.jpg"
"KEEP","equipe-jus9-tecnologia-juridica","assets/img/vitor.jpg","9424232FC390A66097C3E78241581A80F3B588211DCA39CD2E790FF7088A4BCF","108275","charlieecho-jus9-tecnologia-juridica","assets/img/foto-vitor.jpg","asset ou arquivo referenciado no proprio repositorio"
"DELETE","governanca-autoorganizacao-charlie-echo-jus9-tecnologia-juridica","assets/img/foto-vitor.jpg","9424232FC390A66097C3E78241581A80F3B588211DCA39CD2E790FF7088A4BCF","108275","charlieecho-jus9-tecnologia-juridica","assets/img/foto-vitor.jpg","duplicado preservado em charlieecho-jus9-tecnologia-juridica:assets/img/foto-vitor.jpg"
"KEEP","governanca-jus9-tecnologia-juridica","assets/img/foto-vitor.jpg","9424232FC390A66097C3E78241581A80F3B588211DCA39CD2E790FF7088A4BCF","108275","charlieecho-jus9-tecnologia-juridica","assets/img/foto-vitor.jpg","repositorio primario Charlie Echo/aulas/governanca"
"DELETE","ia-profissional-orquestrador-jus9-tecnologia-juridica","assets/img/foto-vitor.jpg","9424232FC390A66097C3E78241581A80F3B588211DCA39CD2E790FF7088A4BCF","108275","charlieecho-jus9-tecnologia-juridica","assets/img/foto-vitor.jpg","duplicado preservado em charlieecho-jus9-tecnologia-juridica:assets/img/foto-vitor.jpg"
"DELETE","infra-cloudflare-jus9-tecnologia-juridica","assets/img/foto-vitor.jpg","9424232FC390A66097C3E78241581A80F3B588211DCA39CD2E790FF7088A4BCF","108275","charlieecho-jus9-tecnologia-juridica","assets/img/foto-vitor.jpg","duplicado preservado em charlieecho-jus9-tecnologia-juridica:assets/img/foto-vitor.jpg"
"DELETE","introducaocss","assets/img/foto-vitor.jpg","9424232FC390A66097C3E78241581A80F3B588211DCA39CD2E790FF7088A4BCF","108275","charlieecho-jus9-tecnologia-juridica","assets/img/foto-vitor.jpg","duplicado preservado em charlieecho-jus9-tecnologia-juridica:assets/img/foto-vitor.jpg"
"DELETE","juridico-virtual-jus9-tecnologia-juridica","assets/img/foto-vitor.jpg","9424232FC390A66097C3E78241581A80F3B588211DCA39CD2E790FF7088A4BCF","108275","charlieecho-jus9-tecnologia-juridica","assets/img/foto-vitor.jpg","duplicado preservado em charlieecho-jus9-tecnologia-juridica:assets/img/foto-vitor.jpg"
"KEEP","jus9-tecnologia-juridica","assets/img/equipe/vitor.jpg","9424232FC390A66097C3E78241581A80F3B588211DCA39CD2E790FF7088A4BCF","108275","charlieecho-jus9-tecnologia-juridica","assets/img/foto-vitor.jpg","asset ou arquivo referenciado no proprio repositorio"
"DELETE","jus9-tecnologia-juridica","assets/img/foto-vitor.jpg","9424232FC390A66097C3E78241581A80F3B588211DCA39CD2E790FF7088A4BCF","108275","charlieecho-jus9-tecnologia-juridica","assets/img/foto-vitor.jpg","duplicado preservado em charlieecho-jus9-tecnologia-juridica:assets/img/foto-vitor.jpg"
"DELETE","jus9verde-jus9-tecnologia-juridica","assets/img/foto-vitor.jpg","9424232FC390A66097C3E78241581A80F3B588211DCA39CD2E790FF7088A4BCF","108275","charlieecho-jus9-tecnologia-juridica","assets/img/foto-vitor.jpg","duplicado preservado em charlieecho-jus9-tecnologia-juridica:assets/img/foto-vitor.jpg"
"DELETE","livros-jus9-tecnologia-juridica","assets/img/foto-vitor.jpg","9424232FC390A66097C3E78241581A80F3B588211DCA39CD2E790FF7088A4BCF","108275","charlieecho-jus9-tecnologia-juridica","assets/img/foto-vitor.jpg","duplicado preservado em charlieecho-jus9-tecnologia-juridica:assets/img/foto-vitor.jpg"
"DELETE","logs-auditoria-jus9-tecnologia-juridica","assets/img/foto-vitor.jpg","9424232FC390A66097C3E78241581A80F3B588211DCA39CD2E790FF7088A4BCF","108275","charlieecho-jus9-tecnologia-juridica","assets/img/foto-vitor.jpg","duplicado preservado em charlieecho-jus9-tecnologia-juridica:assets/img/foto-vitor.jpg"
"DELETE","mvp-jus9-tecnologia-juridica","assets/img/foto-vitor.jpg","9424232FC390A66097C3E78241581A80F3B588211DCA39CD2E790FF7088A4BCF","108275","charlieecho-jus9-tecnologia-juridica","assets/img/foto-vitor.jpg","duplicado preservado em charlieecho-jus9-tecnologia-juridica:assets/img/foto-vitor.jpg"
"DELETE","olamundo-jus9-tecnologia-juridica","assets/img/foto-vitor.jpg","9424232FC390A66097C3E78241581A80F3B588211DCA39CD2E790FF7088A4BCF","108275","charlieecho-jus9-tecnologia-juridica","assets/img/foto-vitor.jpg","duplicado preservado em charlieecho-jus9-tecnologia-juridica:assets/img/foto-vitor.jpg"
"DELETE","portal-cliente-jus9-tecnologia-juridica","assets/img/foto-vitor.jpg","9424232FC390A66097C3E78241581A80F3B588211DCA39CD2E790FF7088A4BCF","108275","charlieecho-jus9-tecnologia-juridica","assets/img/foto-vitor.jpg","duplicado preservado em charlieecho-jus9-tecnologia-juridica:assets/img/foto-vitor.jpg"
"DELETE","primeiroformsctec","assets/img/foto-vitor.jpg","9424232FC390A66097C3E78241581A80F3B588211DCA39CD2E790FF7088A4BCF","108275","charlieecho-jus9-tecnologia-juridica","assets/img/foto-vitor.jpg","duplicado preservado em charlieecho-jus9-tecnologia-juridica:assets/img/foto-vitor.jpg"
"DELETE","quandoodesenhofala-jus9-tecnologia-juridica","assets/img/foto-vitor.jpg","9424232FC390A66097C3E78241581A80F3B588211DCA39CD2E790FF7088A4BCF","108275","charlieecho-jus9-tecnologia-juridica","assets/img/foto-vitor.jpg","duplicado preservado em charlieecho-jus9-tecnologia-juridica:assets/img/foto-vitor.jpg"
"DELETE","sctec","assets/img/foto-vitor.jpg","9424232FC390A66097C3E78241581A80F3B588211DCA39CD2E790FF7088A4BCF","108275","charlieecho-jus9-tecnologia-juridica","assets/img/foto-vitor.jpg","duplicado preservado em charlieecho-jus9-tecnologia-juridica:assets/img/foto-vitor.jpg"
"DELETE","workers-pages-functions-jus9-tecnologia-juridica","assets/img/foto-vitor.jpg","9424232FC390A66097C3E78241581A80F3B588211DCA39CD2E790FF7088A4BCF","108275","charlieecho-jus9-tecnologia-juridica","assets/img/foto-vitor.jpg","duplicado preservado em charlieecho-jus9-tecnologia-juridica:assets/img/foto-vitor.jpg"
"DELETE","admin-painel-jus9-tecnologia-juridica","GOVERNANCA/PRINCIPIOS_FUNDADORES_E_CLAUSULAS_PETREAS_CHARLIE_ECHO.md","A085FFE6719B54C2E6B4ACDBE2D4E2C6FB9FCA570F056EC025488DF6E5436380","6797","charlieecho-jus9-tecnologia-juridica","GOVERNANCA/PRINCIPIOS_FUNDADORES_E_CLAUSULAS_PETREAS_CHARLIE_ECHO.md","duplicado preservado em charlieecho-jus9-tecnologia-juridica:GOVERNANCA/PRINCIPIOS_FUNDADORES_E_CLAUSULAS_PETREAS_CHARLIE_ECHO.md"
"DELETE","Aeon-Primevo","GOVERNANCA/PRINCIPIOS_FUNDADORES_E_CLAUSULAS_PETREAS_CHARLIE_ECHO.md","A085FFE6719B54C2E6B4ACDBE2D4E2C6FB9FCA570F056EC025488DF6E5436380","6797","charlieecho-jus9-tecnologia-juridica","GOVERNANCA/PRINCIPIOS_FUNDADORES_E_CLAUSULAS_PETREAS_CHARLIE_ECHO.md","duplicado preservado em charlieecho-jus9-tecnologia-juridica:GOVERNANCA/PRINCIPIOS_FUNDADORES_E_CLAUSULAS_PETREAS_CHARLIE_ECHO.md"
"KEEP","aulas-charlie-echo-jus9-tecnologia-juridica","GOVERNANCA/PRINCIPIOS_FUNDADORES_E_CLAUSULAS_PETREAS_CHARLIE_ECHO.md","A085FFE6719B54C2E6B4ACDBE2D4E2C6FB9FCA570F056EC025488DF6E5436380","6797","charlieecho-jus9-tecnologia-juridica","GOVERNANCA/PRINCIPIOS_FUNDADORES_E_CLAUSULAS_PETREAS_CHARLIE_ECHO.md","repositorio primario Charlie Echo/aulas/governanca"
"DELETE","auth-identidade-acesso-jus9-tecnologia-juridica","GOVERNANCA/PRINCIPIOS_FUNDADORES_E_CLAUSULAS_PETREAS_CHARLIE_ECHO.md","A085FFE6719B54C2E6B4ACDBE2D4E2C6FB9FCA570F056EC025488DF6E5436380","6797","charlieecho-jus9-tecnologia-juridica","GOVERNANCA/PRINCIPIOS_FUNDADORES_E_CLAUSULAS_PETREAS_CHARLIE_ECHO.md","duplicado preservado em charlieecho-jus9-tecnologia-juridica:GOVERNANCA/PRINCIPIOS_FUNDADORES_E_CLAUSULAS_PETREAS_CHARLIE_ECHO.md"
"DELETE","backend-api-jus9-tecnologia-juridica","GOVERNANCA/PRINCIPIOS_FUNDADORES_E_CLAUSULAS_PETREAS_CHARLIE_ECHO.md","A085FFE6719B54C2E6B4ACDBE2D4E2C6FB9FCA570F056EC025488DF6E5436380","6797","charlieecho-jus9-tecnologia-juridica","GOVERNANCA/PRINCIPIOS_FUNDADORES_E_CLAUSULAS_PETREAS_CHARLIE_ECHO.md","duplicado preservado em charlieecho-jus9-tecnologia-juridica:GOVERNANCA/PRINCIPIOS_FUNDADORES_E_CLAUSULAS_PETREAS_CHARLIE_ECHO.md"
"DELETE","carta-jus9-tecnologia-juridica","GOVERNANCA/PRINCIPIOS_FUNDADORES_E_CLAUSULAS_PETREAS_CHARLIE_ECHO.md","A085FFE6719B54C2E6B4ACDBE2D4E2C6FB9FCA570F056EC025488DF6E5436380","6797","charlieecho-jus9-tecnologia-juridica","GOVERNANCA/PRINCIPIOS_FUNDADORES_E_CLAUSULAS_PETREAS_CHARLIE_ECHO.md","duplicado preservado em charlieecho-jus9-tecnologia-juridica:GOVERNANCA/PRINCIPIOS_FUNDADORES_E_CLAUSULAS_PETREAS_CHARLIE_ECHO.md"
"KEEP","charlieecho-jus9-tecnologia-juridica","GOVERNANCA/PRINCIPIOS_FUNDADORES_E_CLAUSULAS_PETREAS_CHARLIE_ECHO.md","A085FFE6719B54C2E6B4ACDBE2D4E2C6FB9FCA570F056EC025488DF6E5436380","6797","charlieecho-jus9-tecnologia-juridica","GOVERNANCA/PRINCIPIOS_FUNDADORES_E_CLAUSULAS_PETREAS_CHARLIE_ECHO.md","fonte primaria do grupo"
"DELETE","cofre-documentos-seguros-jus9-tecnologia-juridica","GOVERNANCA/PRINCIPIOS_FUNDADORES_E_CLAUSULAS_PETREAS_CHARLIE_ECHO.md","A085FFE6719B54C2E6B4ACDBE2D4E2C6FB9FCA570F056EC025488DF6E5436380","6797","charlieecho-jus9-tecnologia-juridica","GOVERNANCA/PRINCIPIOS_FUNDADORES_E_CLAUSULAS_PETREAS_CHARLIE_ECHO.md","duplicado preservado em charlieecho-jus9-tecnologia-juridica:GOVERNANCA/PRINCIPIOS_FUNDADORES_E_CLAUSULAS_PETREAS_CHARLIE_ECHO.md"
"DELETE","Creta","GOVERNANCA/PRINCIPIOS_FUNDADORES_E_CLAUSULAS_PETREAS_CHARLIE_ECHO.md","A085FFE6719B54C2E6B4ACDBE2D4E2C6FB9FCA570F056EC025488DF6E5436380","6797","charlieecho-jus9-tecnologia-juridica","GOVERNANCA/PRINCIPIOS_FUNDADORES_E_CLAUSULAS_PETREAS_CHARLIE_ECHO.md","duplicado preservado em charlieecho-jus9-tecnologia-juridica:GOVERNANCA/PRINCIPIOS_FUNDADORES_E_CLAUSULAS_PETREAS_CHARLIE_ECHO.md"
"DELETE","documentacao-jus9-tecnologia-juridica","GOVERNANCA/PRINCIPIOS_FUNDADORES_E_CLAUSULAS_PETREAS_CHARLIE_ECHO.md","A085FFE6719B54C2E6B4ACDBE2D4E2C6FB9FCA570F056EC025488DF6E5436380","6797","charlieecho-jus9-tecnologia-juridica","GOVERNANCA/PRINCIPIOS_FUNDADORES_E_CLAUSULAS_PETREAS_CHARLIE_ECHO.md","duplicado preservado em charlieecho-jus9-tecnologia-juridica:GOVERNANCA/PRINCIPIOS_FUNDADORES_E_CLAUSULAS_PETREAS_CHARLIE_ECHO.md"
"DELETE","equipe-jus9-tecnologia-juridica","GOVERNANCA/PRINCIPIOS_FUNDADORES_E_CLAUSULAS_PETREAS_CHARLIE_ECHO.md","A085FFE6719B54C2E6B4ACDBE2D4E2C6FB9FCA570F056EC025488DF6E5436380","6797","charlieecho-jus9-tecnologia-juridica","GOVERNANCA/PRINCIPIOS_FUNDADORES_E_CLAUSULAS_PETREAS_CHARLIE_ECHO.md","duplicado preservado em charlieecho-jus9-tecnologia-juridica:GOVERNANCA/PRINCIPIOS_FUNDADORES_E_CLAUSULAS_PETREAS_CHARLIE_ECHO.md"
"DELETE","governanca-autoorganizacao-charlie-echo-jus9-tecnologia-juridica","GOVERNANCA/PRINCIPIOS_FUNDADORES_E_CLAUSULAS_PETREAS_CHARLIE_ECHO.md","A085FFE6719B54C2E6B4ACDBE2D4E2C6FB9FCA570F056EC025488DF6E5436380","6797","charlieecho-jus9-tecnologia-juridica","GOVERNANCA/PRINCIPIOS_FUNDADORES_E_CLAUSULAS_PETREAS_CHARLIE_ECHO.md","duplicado preservado em charlieecho-jus9-tecnologia-juridica:GOVERNANCA/PRINCIPIOS_FUNDADORES_E_CLAUSULAS_PETREAS_CHARLIE_ECHO.md"
"KEEP","governanca-jus9-tecnologia-juridica","GOVERNANCA/PRINCIPIOS_FUNDADORES_E_CLAUSULAS_PETREAS_CHARLIE_ECHO.md","A085FFE6719B54C2E6B4ACDBE2D4E2C6FB9FCA570F056EC025488DF6E5436380","6797","charlieecho-jus9-tecnologia-juridica","GOVERNANCA/PRINCIPIOS_FUNDADORES_E_CLAUSULAS_PETREAS_CHARLIE_ECHO.md","repositorio primario Charlie Echo/aulas/governanca"
"DELETE","ia-dupla-jus9-tecnologia-juridica","GOVERNANCA/PRINCIPIOS_FUNDADORES_E_CLAUSULAS_PETREAS_CHARLIE_ECHO.md","A085FFE6719B54C2E6B4ACDBE2D4E2C6FB9FCA570F056EC025488DF6E5436380","6797","charlieecho-jus9-tecnologia-juridica","GOVERNANCA/PRINCIPIOS_FUNDADORES_E_CLAUSULAS_PETREAS_CHARLIE_ECHO.md","duplicado preservado em charlieecho-jus9-tecnologia-juridica:GOVERNANCA/PRINCIPIOS_FUNDADORES_E_CLAUSULAS_PETREAS_CHARLIE_ECHO.md"
"DELETE","ia-profissional-orquestrador-jus9-tecnologia-juridica","GOVERNANCA/PRINCIPIOS_FUNDADORES_E_CLAUSULAS_PETREAS_CHARLIE_ECHO.md","A085FFE6719B54C2E6B4ACDBE2D4E2C6FB9FCA570F056EC025488DF6E5436380","6797","charlieecho-jus9-tecnologia-juridica","GOVERNANCA/PRINCIPIOS_FUNDADORES_E_CLAUSULAS_PETREAS_CHARLIE_ECHO.md","duplicado preservado em charlieecho-jus9-tecnologia-juridica:GOVERNANCA/PRINCIPIOS_FUNDADORES_E_CLAUSULAS_PETREAS_CHARLIE_ECHO.md"
"DELETE","infra-cloudflare-jus9-tecnologia-juridica","GOVERNANCA/PRINCIPIOS_FUNDADORES_E_CLAUSULAS_PETREAS_CHARLIE_ECHO.md","A085FFE6719B54C2E6B4ACDBE2D4E2C6FB9FCA570F056EC025488DF6E5436380","6797","charlieecho-jus9-tecnologia-juridica","GOVERNANCA/PRINCIPIOS_FUNDADORES_E_CLAUSULAS_PETREAS_CHARLIE_ECHO.md","duplicado preservado em charlieecho-jus9-tecnologia-juridica:GOVERNANCA/PRINCIPIOS_FUNDADORES_E_CLAUSULAS_PETREAS_CHARLIE_ECHO.md"
"DELETE","introducaocss","GOVERNANCA/PRINCIPIOS_FUNDADORES_E_CLAUSULAS_PETREAS_CHARLIE_ECHO.md","A085FFE6719B54C2E6B4ACDBE2D4E2C6FB9FCA570F056EC025488DF6E5436380","6797","charlieecho-jus9-tecnologia-juridica","GOVERNANCA/PRINCIPIOS_FUNDADORES_E_CLAUSULAS_PETREAS_CHARLIE_ECHO.md","duplicado preservado em charlieecho-jus9-tecnologia-juridica:GOVERNANCA/PRINCIPIOS_FUNDADORES_E_CLAUSULAS_PETREAS_CHARLIE_ECHO.md"
"DELETE","investimentos-jus9-tecnologia-juridica","GOVERNANCA/PRINCIPIOS_FUNDADORES_E_CLAUSULAS_PETREAS_CHARLIE_ECHO.md","A085FFE6719B54C2E6B4ACDBE2D4E2C6FB9FCA570F056EC025488DF6E5436380","6797","charlieecho-jus9-tecnologia-juridica","GOVERNANCA/PRINCIPIOS_FUNDADORES_E_CLAUSULAS_PETREAS_CHARLIE_ECHO.md","duplicado preservado em charlieecho-jus9-tecnologia-juridica:GOVERNANCA/PRINCIPIOS_FUNDADORES_E_CLAUSULAS_PETREAS_CHARLIE_ECHO.md"
"DELETE","juridico-virtual-jus9-tecnologia-juridica","GOVERNANCA/PRINCIPIOS_FUNDADORES_E_CLAUSULAS_PETREAS_CHARLIE_ECHO.md","A085FFE6719B54C2E6B4ACDBE2D4E2C6FB9FCA570F056EC025488DF6E5436380","6797","charlieecho-jus9-tecnologia-juridica","GOVERNANCA/PRINCIPIOS_FUNDADORES_E_CLAUSULAS_PETREAS_CHARLIE_ECHO.md","duplicado preservado em charlieecho-jus9-tecnologia-juridica:GOVERNANCA/PRINCIPIOS_FUNDADORES_E_CLAUSULAS_PETREAS_CHARLIE_ECHO.md"
"DELETE","jus9-tecnologia-juridica","GOVERNANCA/PRINCIPIOS_FUNDADORES_E_CLAUSULAS_PETREAS_CHARLIE_ECHO.md","A085FFE6719B54C2E6B4ACDBE2D4E2C6FB9FCA570F056EC025488DF6E5436380","6797","charlieecho-jus9-tecnologia-juridica","GOVERNANCA/PRINCIPIOS_FUNDADORES_E_CLAUSULAS_PETREAS_CHARLIE_ECHO.md","duplicado preservado em charlieecho-jus9-tecnologia-juridica:GOVERNANCA/PRINCIPIOS_FUNDADORES_E_CLAUSULAS_PETREAS_CHARLIE_ECHO.md"
"DELETE","jus9verde-jus9-tecnologia-juridica","GOVERNANCA/PRINCIPIOS_FUNDADORES_E_CLAUSULAS_PETREAS_CHARLIE_ECHO.md","A085FFE6719B54C2E6B4ACDBE2D4E2C6FB9FCA570F056EC025488DF6E5436380","6797","charlieecho-jus9-tecnologia-juridica","GOVERNANCA/PRINCIPIOS_FUNDADORES_E_CLAUSULAS_PETREAS_CHARLIE_ECHO.md","duplicado preservado em charlieecho-jus9-tecnologia-juridica:GOVERNANCA/PRINCIPIOS_FUNDADORES_E_CLAUSULAS_PETREAS_CHARLIE_ECHO.md"
"DELETE","laboratorio-jus9-tecnologia-juridica","GOVERNANCA/PRINCIPIOS_FUNDADORES_E_CLAUSULAS_PETREAS_CHARLIE_ECHO.md","A085FFE6719B54C2E6B4ACDBE2D4E2C6FB9FCA570F056EC025488DF6E5436380","6797","charlieecho-jus9-tecnologia-juridica","GOVERNANCA/PRINCIPIOS_FUNDADORES_E_CLAUSULAS_PETREAS_CHARLIE_ECHO.md","duplicado preservado em charlieecho-jus9-tecnologia-juridica:GOVERNANCA/PRINCIPIOS_FUNDADORES_E_CLAUSULAS_PETREAS_CHARLIE_ECHO.md"
"DELETE","livros-jus9-tecnologia-juridica","GOVERNANCA/PRINCIPIOS_FUNDADORES_E_CLAUSULAS_PETREAS_CHARLIE_ECHO.md","A085FFE6719B54C2E6B4ACDBE2D4E2C6FB9FCA570F056EC025488DF6E5436380","6797","charlieecho-jus9-tecnologia-juridica","GOVERNANCA/PRINCIPIOS_FUNDADORES_E_CLAUSULAS_PETREAS_CHARLIE_ECHO.md","duplicado preservado em charlieecho-jus9-tecnologia-juridica:GOVERNANCA/PRINCIPIOS_FUNDADORES_E_CLAUSULAS_PETREAS_CHARLIE_ECHO.md"
"DELETE","logs-auditoria-jus9-tecnologia-juridica","GOVERNANCA/PRINCIPIOS_FUNDADORES_E_CLAUSULAS_PETREAS_CHARLIE_ECHO.md","A085FFE6719B54C2E6B4ACDBE2D4E2C6FB9FCA570F056EC025488DF6E5436380","6797","charlieecho-jus9-tecnologia-juridica","GOVERNANCA/PRINCIPIOS_FUNDADORES_E_CLAUSULAS_PETREAS_CHARLIE_ECHO.md","duplicado preservado em charlieecho-jus9-tecnologia-juridica:GOVERNANCA/PRINCIPIOS_FUNDADORES_E_CLAUSULAS_PETREAS_CHARLIE_ECHO.md"
"DELETE","mvp-jus9-tecnologia-juridica","GOVERNANCA/PRINCIPIOS_FUNDADORES_E_CLAUSULAS_PETREAS_CHARLIE_ECHO.md","A085FFE6719B54C2E6B4ACDBE2D4E2C6FB9FCA570F056EC025488DF6E5436380","6797","charlieecho-jus9-tecnologia-juridica","GOVERNANCA/PRINCIPIOS_FUNDADORES_E_CLAUSULAS_PETREAS_CHARLIE_ECHO.md","duplicado preservado em charlieecho-jus9-tecnologia-juridica:GOVERNANCA/PRINCIPIOS_FUNDADORES_E_CLAUSULAS_PETREAS_CHARLIE_ECHO.md"
"DELETE","olamundo-jus9-tecnologia-juridica","GOVERNANCA/PRINCIPIOS_FUNDADORES_E_CLAUSULAS_PETREAS_CHARLIE_ECHO.md","A085FFE6719B54C2E6B4ACDBE2D4E2C6FB9FCA570F056EC025488DF6E5436380","6797","charlieecho-jus9-tecnologia-juridica","GOVERNANCA/PRINCIPIOS_FUNDADORES_E_CLAUSULAS_PETREAS_CHARLIE_ECHO.md","duplicado preservado em charlieecho-jus9-tecnologia-juridica:GOVERNANCA/PRINCIPIOS_FUNDADORES_E_CLAUSULAS_PETREAS_CHARLIE_ECHO.md"
"DELETE","portal-cliente-jus9-tecnologia-juridica","GOVERNANCA/PRINCIPIOS_FUNDADORES_E_CLAUSULAS_PETREAS_CHARLIE_ECHO.md","A085FFE6719B54C2E6B4ACDBE2D4E2C6FB9FCA570F056EC025488DF6E5436380","6797","charlieecho-jus9-tecnologia-juridica","GOVERNANCA/PRINCIPIOS_FUNDADORES_E_CLAUSULAS_PETREAS_CHARLIE_ECHO.md","duplicado preservado em charlieecho-jus9-tecnologia-juridica:GOVERNANCA/PRINCIPIOS_FUNDADORES_E_CLAUSULAS_PETREAS_CHARLIE_ECHO.md"
"DELETE","primeiroformsctec","GOVERNANCA/PRINCIPIOS_FUNDADORES_E_CLAUSULAS_PETREAS_CHARLIE_ECHO.md","A085FFE6719B54C2E6B4ACDBE2D4E2C6FB9FCA570F056EC025488DF6E5436380","6797","charlieecho-jus9-tecnologia-juridica","GOVERNANCA/PRINCIPIOS_FUNDADORES_E_CLAUSULAS_PETREAS_CHARLIE_ECHO.md","duplicado preservado em charlieecho-jus9-tecnologia-juridica:GOVERNANCA/PRINCIPIOS_FUNDADORES_E_CLAUSULAS_PETREAS_CHARLIE_ECHO.md"
"DELETE","quandoodesenhofala-jus9-tecnologia-juridica","GOVERNANCA/PRINCIPIOS_FUNDADORES_E_CLAUSULAS_PETREAS_CHARLIE_ECHO.md","A085FFE6719B54C2E6B4ACDBE2D4E2C6FB9FCA570F056EC025488DF6E5436380","6797","charlieecho-jus9-tecnologia-juridica","GOVERNANCA/PRINCIPIOS_FUNDADORES_E_CLAUSULAS_PETREAS_CHARLIE_ECHO.md","duplicado preservado em charlieecho-jus9-tecnologia-juridica:GOVERNANCA/PRINCIPIOS_FUNDADORES_E_CLAUSULAS_PETREAS_CHARLIE_ECHO.md"
"DELETE","sctec","GOVERNANCA/PRINCIPIOS_FUNDADORES_E_CLAUSULAS_PETREAS_CHARLIE_ECHO.md","A085FFE6719B54C2E6B4ACDBE2D4E2C6FB9FCA570F056EC025488DF6E5436380","6797","charlieecho-jus9-tecnologia-juridica","GOVERNANCA/PRINCIPIOS_FUNDADORES_E_CLAUSULAS_PETREAS_CHARLIE_ECHO.md","duplicado preservado em charlieecho-jus9-tecnologia-juridica:GOVERNANCA/PRINCIPIOS_FUNDADORES_E_CLAUSULAS_PETREAS_CHARLIE_ECHO.md"
"DELETE","workers-pages-functions-jus9-tecnologia-juridica","GOVERNANCA/PRINCIPIOS_FUNDADORES_E_CLAUSULAS_PETREAS_CHARLIE_ECHO.md","A085FFE6719B54C2E6B4ACDBE2D4E2C6FB9FCA570F056EC025488DF6E5436380","6797","charlieecho-jus9-tecnologia-juridica","GOVERNANCA/PRINCIPIOS_FUNDADORES_E_CLAUSULAS_PETREAS_CHARLIE_ECHO.md","duplicado preservado em charlieecho-jus9-tecnologia-juridica:GOVERNANCA/PRINCIPIOS_FUNDADORES_E_CLAUSULAS_PETREAS_CHARLIE_ECHO.md"
"DELETE","admin-painel-jus9-tecnologia-juridica","ORIENTACOES/RECADO_PARA_PROXIMA_IA.md","29335A72CD04CE84BBA56F4E0EB702E22C0B9879B9D261170E22E58FB03373B2","1891","charlieecho-jus9-tecnologia-juridica","ORIENTACOES/RECADO_PARA_PROXIMA_IA.md","duplicado preservado em charlieecho-jus9-tecnologia-juridica:ORIENTACOES/RECADO_PARA_PROXIMA_IA.md"
"DELETE","Aeon-Primevo","ORIENTACOES/RECADO_PARA_PROXIMA_IA.md","29335A72CD04CE84BBA56F4E0EB702E22C0B9879B9D261170E22E58FB03373B2","1891","charlieecho-jus9-tecnologia-juridica","ORIENTACOES/RECADO_PARA_PROXIMA_IA.md","duplicado preservado em charlieecho-jus9-tecnologia-juridica:ORIENTACOES/RECADO_PARA_PROXIMA_IA.md"
"KEEP","aulas-charlie-echo-jus9-tecnologia-juridica","ORIENTACOES/RECADO_PARA_PROXIMA_IA.md","29335A72CD04CE84BBA56F4E0EB702E22C0B9879B9D261170E22E58FB03373B2","1891","charlieecho-jus9-tecnologia-juridica","ORIENTACOES/RECADO_PARA_PROXIMA_IA.md","repositorio primario Charlie Echo/aulas/governanca"
"DELETE","auth-identidade-acesso-jus9-tecnologia-juridica","ORIENTACOES/RECADO_PARA_PROXIMA_IA.md","29335A72CD04CE84BBA56F4E0EB702E22C0B9879B9D261170E22E58FB03373B2","1891","charlieecho-jus9-tecnologia-juridica","ORIENTACOES/RECADO_PARA_PROXIMA_IA.md","duplicado preservado em charlieecho-jus9-tecnologia-juridica:ORIENTACOES/RECADO_PARA_PROXIMA_IA.md"
"DELETE","backend-api-jus9-tecnologia-juridica","ORIENTACOES/RECADO_PARA_PROXIMA_IA.md","29335A72CD04CE84BBA56F4E0EB702E22C0B9879B9D261170E22E58FB03373B2","1891","charlieecho-jus9-tecnologia-juridica","ORIENTACOES/RECADO_PARA_PROXIMA_IA.md","duplicado preservado em charlieecho-jus9-tecnologia-juridica:ORIENTACOES/RECADO_PARA_PROXIMA_IA.md"
"DELETE","carta-jus9-tecnologia-juridica","ORIENTACOES/RECADO_PARA_PROXIMA_IA.md","29335A72CD04CE84BBA56F4E0EB702E22C0B9879B9D261170E22E58FB03373B2","1891","charlieecho-jus9-tecnologia-juridica","ORIENTACOES/RECADO_PARA_PROXIMA_IA.md","duplicado preservado em charlieecho-jus9-tecnologia-juridica:ORIENTACOES/RECADO_PARA_PROXIMA_IA.md"
"KEEP","charlieecho-jus9-tecnologia-juridica","ORIENTACOES/RECADO_PARA_PROXIMA_IA.md","29335A72CD04CE84BBA56F4E0EB702E22C0B9879B9D261170E22E58FB03373B2","1891","charlieecho-jus9-tecnologia-juridica","ORIENTACOES/RECADO_PARA_PROXIMA_IA.md","fonte primaria do grupo"
"DELETE","cofre-documentos-seguros-jus9-tecnologia-juridica","ORIENTACOES/RECADO_PARA_PROXIMA_IA.md","29335A72CD04CE84BBA56F4E0EB702E22C0B9879B9D261170E22E58FB03373B2","1891","charlieecho-jus9-tecnologia-juridica","ORIENTACOES/RECADO_PARA_PROXIMA_IA.md","duplicado preservado em charlieecho-jus9-tecnologia-juridica:ORIENTACOES/RECADO_PARA_PROXIMA_IA.md"
"DELETE","Creta","ORIENTACOES/RECADO_PARA_PROXIMA_IA.md","29335A72CD04CE84BBA56F4E0EB702E22C0B9879B9D261170E22E58FB03373B2","1891","charlieecho-jus9-tecnologia-juridica","ORIENTACOES/RECADO_PARA_PROXIMA_IA.md","duplicado preservado em charlieecho-jus9-tecnologia-juridica:ORIENTACOES/RECADO_PARA_PROXIMA_IA.md"
"DELETE","documentacao-jus9-tecnologia-juridica","ORIENTACOES/RECADO_PARA_PROXIMA_IA.md","29335A72CD04CE84BBA56F4E0EB702E22C0B9879B9D261170E22E58FB03373B2","1891","charlieecho-jus9-tecnologia-juridica","ORIENTACOES/RECADO_PARA_PROXIMA_IA.md","duplicado preservado em charlieecho-jus9-tecnologia-juridica:ORIENTACOES/RECADO_PARA_PROXIMA_IA.md"
"DELETE","equipe-jus9-tecnologia-juridica","orientacoes/RECADO_PARA_PROXIMA_IA.md","29335A72CD04CE84BBA56F4E0EB702E22C0B9879B9D261170E22E58FB03373B2","1891","charlieecho-jus9-tecnologia-juridica","ORIENTACOES/RECADO_PARA_PROXIMA_IA.md","duplicado preservado em charlieecho-jus9-tecnologia-juridica:ORIENTACOES/RECADO_PARA_PROXIMA_IA.md"
"DELETE","governanca-autoorganizacao-charlie-echo-jus9-tecnologia-juridica","ORIENTACOES/RECADO_PARA_PROXIMA_IA.md","29335A72CD04CE84BBA56F4E0EB702E22C0B9879B9D261170E22E58FB03373B2","1891","charlieecho-jus9-tecnologia-juridica","ORIENTACOES/RECADO_PARA_PROXIMA_IA.md","duplicado preservado em charlieecho-jus9-tecnologia-juridica:ORIENTACOES/RECADO_PARA_PROXIMA_IA.md"
"KEEP","governanca-jus9-tecnologia-juridica","ORIENTACOES/RECADO_PARA_PROXIMA_IA.md","29335A72CD04CE84BBA56F4E0EB702E22C0B9879B9D261170E22E58FB03373B2","1891","charlieecho-jus9-tecnologia-juridica","ORIENTACOES/RECADO_PARA_PROXIMA_IA.md","repositorio primario Charlie Echo/aulas/governanca"
"DELETE","ia-dupla-jus9-tecnologia-juridica","ORIENTACOES/RECADO_PARA_PROXIMA_IA.md","29335A72CD04CE84BBA56F4E0EB702E22C0B9879B9D261170E22E58FB03373B2","1891","charlieecho-jus9-tecnologia-juridica","ORIENTACOES/RECADO_PARA_PROXIMA_IA.md","duplicado preservado em charlieecho-jus9-tecnologia-juridica:ORIENTACOES/RECADO_PARA_PROXIMA_IA.md"
"DELETE","ia-profissional-orquestrador-jus9-tecnologia-juridica","ORIENTACOES/RECADO_PARA_PROXIMA_IA.md","29335A72CD04CE84BBA56F4E0EB702E22C0B9879B9D261170E22E58FB03373B2","1891","charlieecho-jus9-tecnologia-juridica","ORIENTACOES/RECADO_PARA_PROXIMA_IA.md","duplicado preservado em charlieecho-jus9-tecnologia-juridica:ORIENTACOES/RECADO_PARA_PROXIMA_IA.md"
"DELETE","infra-cloudflare-jus9-tecnologia-juridica","ORIENTACOES/RECADO_PARA_PROXIMA_IA.md","29335A72CD04CE84BBA56F4E0EB702E22C0B9879B9D261170E22E58FB03373B2","1891","charlieecho-jus9-tecnologia-juridica","ORIENTACOES/RECADO_PARA_PROXIMA_IA.md","duplicado preservado em charlieecho-jus9-tecnologia-juridica:ORIENTACOES/RECADO_PARA_PROXIMA_IA.md"
"DELETE","introducaocss","ORIENTACOES/RECADO_PARA_PROXIMA_IA.md","29335A72CD04CE84BBA56F4E0EB702E22C0B9879B9D261170E22E58FB03373B2","1891","charlieecho-jus9-tecnologia-juridica","ORIENTACOES/RECADO_PARA_PROXIMA_IA.md","duplicado preservado em charlieecho-jus9-tecnologia-juridica:ORIENTACOES/RECADO_PARA_PROXIMA_IA.md"
"DELETE","investimentos-jus9-tecnologia-juridica","ORIENTACOES/RECADO_PARA_PROXIMA_IA.md","29335A72CD04CE84BBA56F4E0EB702E22C0B9879B9D261170E22E58FB03373B2","1891","charlieecho-jus9-tecnologia-juridica","ORIENTACOES/RECADO_PARA_PROXIMA_IA.md","duplicado preservado em charlieecho-jus9-tecnologia-juridica:ORIENTACOES/RECADO_PARA_PROXIMA_IA.md"
"DELETE","juridico-virtual-jus9-tecnologia-juridica","ORIENTACOES/RECADO_PARA_PROXIMA_IA.md","29335A72CD04CE84BBA56F4E0EB702E22C0B9879B9D261170E22E58FB03373B2","1891","charlieecho-jus9-tecnologia-juridica","ORIENTACOES/RECADO_PARA_PROXIMA_IA.md","duplicado preservado em charlieecho-jus9-tecnologia-juridica:ORIENTACOES/RECADO_PARA_PROXIMA_IA.md"
"DELETE","jus9-tecnologia-juridica","ORIENTACOES/RECADO_PARA_PROXIMA_IA.md","29335A72CD04CE84BBA56F4E0EB702E22C0B9879B9D261170E22E58FB03373B2","1891","charlieecho-jus9-tecnologia-juridica","ORIENTACOES/RECADO_PARA_PROXIMA_IA.md","duplicado preservado em charlieecho-jus9-tecnologia-juridica:ORIENTACOES/RECADO_PARA_PROXIMA_IA.md"
"DELETE","jus9verde-jus9-tecnologia-juridica","ORIENTACOES/RECADO_PARA_PROXIMA_IA.md","29335A72CD04CE84BBA56F4E0EB702E22C0B9879B9D261170E22E58FB03373B2","1891","charlieecho-jus9-tecnologia-juridica","ORIENTACOES/RECADO_PARA_PROXIMA_IA.md","duplicado preservado em charlieecho-jus9-tecnologia-juridica:ORIENTACOES/RECADO_PARA_PROXIMA_IA.md"
"DELETE","laboratorio-jus9-tecnologia-juridica","ORIENTACOES/RECADO_PARA_PROXIMA_IA.md","29335A72CD04CE84BBA56F4E0EB702E22C0B9879B9D261170E22E58FB03373B2","1891","charlieecho-jus9-tecnologia-juridica","ORIENTACOES/RECADO_PARA_PROXIMA_IA.md","duplicado preservado em charlieecho-jus9-tecnologia-juridica:ORIENTACOES/RECADO_PARA_PROXIMA_IA.md"
"DELETE","livros-jus9-tecnologia-juridica","ORIENTACOES/RECADO_PARA_PROXIMA_IA.md","29335A72CD04CE84BBA56F4E0EB702E22C0B9879B9D261170E22E58FB03373B2","1891","charlieecho-jus9-tecnologia-juridica","ORIENTACOES/RECADO_PARA_PROXIMA_IA.md","duplicado preservado em charlieecho-jus9-tecnologia-juridica:ORIENTACOES/RECADO_PARA_PROXIMA_IA.md"
"DELETE","logs-auditoria-jus9-tecnologia-juridica","ORIENTACOES/RECADO_PARA_PROXIMA_IA.md","29335A72CD04CE84BBA56F4E0EB702E22C0B9879B9D261170E22E58FB03373B2","1891","charlieecho-jus9-tecnologia-juridica","ORIENTACOES/RECADO_PARA_PROXIMA_IA.md","duplicado preservado em charlieecho-jus9-tecnologia-juridica:ORIENTACOES/RECADO_PARA_PROXIMA_IA.md"
"DELETE","mvp-jus9-tecnologia-juridica","ORIENTACOES/RECADO_PARA_PROXIMA_IA.md","29335A72CD04CE84BBA56F4E0EB702E22C0B9879B9D261170E22E58FB03373B2","1891","charlieecho-jus9-tecnologia-juridica","ORIENTACOES/RECADO_PARA_PROXIMA_IA.md","duplicado preservado em charlieecho-jus9-tecnologia-juridica:ORIENTACOES/RECADO_PARA_PROXIMA_IA.md"
"DELETE","olamundo-jus9-tecnologia-juridica","ORIENTACOES/RECADO_PARA_PROXIMA_IA.md","29335A72CD04CE84BBA56F4E0EB702E22C0B9879B9D261170E22E58FB03373B2","1891","charlieecho-jus9-tecnologia-juridica","ORIENTACOES/RECADO_PARA_PROXIMA_IA.md","duplicado preservado em charlieecho-jus9-tecnologia-juridica:ORIENTACOES/RECADO_PARA_PROXIMA_IA.md"
"DELETE","portal-cliente-jus9-tecnologia-juridica","ORIENTACOES/RECADO_PARA_PROXIMA_IA.md","29335A72CD04CE84BBA56F4E0EB702E22C0B9879B9D261170E22E58FB03373B2","1891","charlieecho-jus9-tecnologia-juridica","ORIENTACOES/RECADO_PARA_PROXIMA_IA.md","duplicado preservado em charlieecho-jus9-tecnologia-juridica:ORIENTACOES/RECADO_PARA_PROXIMA_IA.md"
"DELETE","primeiroformsctec","ORIENTACOES/RECADO_PARA_PROXIMA_IA.md","29335A72CD04CE84BBA56F4E0EB702E22C0B9879B9D261170E22E58FB03373B2","1891","charlieecho-jus9-tecnologia-juridica","ORIENTACOES/RECADO_PARA_PROXIMA_IA.md","duplicado preservado em charlieecho-jus9-tecnologia-juridica:ORIENTACOES/RECADO_PARA_PROXIMA_IA.md"
"DELETE","quandoodesenhofala-jus9-tecnologia-juridica","ORIENTACOES/RECADO_PARA_PROXIMA_IA.md","29335A72CD04CE84BBA56F4E0EB702E22C0B9879B9D261170E22E58FB03373B2","1891","charlieecho-jus9-tecnologia-juridica","ORIENTACOES/RECADO_PARA_PROXIMA_IA.md","duplicado preservado em charlieecho-jus9-tecnologia-juridica:ORIENTACOES/RECADO_PARA_PROXIMA_IA.md"
"DELETE","sctec","ORIENTACOES/RECADO_PARA_PROXIMA_IA.md","29335A72CD04CE84BBA56F4E0EB702E22C0B9879B9D261170E22E58FB03373B2","1891","charlieecho-jus9-tecnologia-juridica","ORIENTACOES/RECADO_PARA_PROXIMA_IA.md","duplicado preservado em charlieecho-jus9-tecnologia-juridica:ORIENTACOES/RECADO_PARA_PROXIMA_IA.md"
"DELETE","workers-pages-functions-jus9-tecnologia-juridica","ORIENTACOES/RECADO_PARA_PROXIMA_IA.md","29335A72CD04CE84BBA56F4E0EB702E22C0B9879B9D261170E22E58FB03373B2","1891","charlieecho-jus9-tecnologia-juridica","ORIENTACOES/RECADO_PARA_PROXIMA_IA.md","duplicado preservado em charlieecho-jus9-tecnologia-juridica:ORIENTACOES/RECADO_PARA_PROXIMA_IA.md"
"DELETE","admin-painel-jus9-tecnologia-juridica","BACKEND/ORIENTACOES_PARA_BACKEND_FUTURO.md","474BA4EC7AC7A3A1B551178F3F823069A4777E55AF66B54E47E5BB89D5BD1F69","1068","charlieecho-jus9-tecnologia-juridica","BACKEND/ORIENTACOES_PARA_BACKEND_FUTURO.md","duplicado preservado em charlieecho-jus9-tecnologia-juridica:BACKEND/ORIENTACOES_PARA_BACKEND_FUTURO.md"
"DELETE","Aeon-Primevo","BACKEND/ORIENTACOES_PARA_BACKEND_FUTURO.md","474BA4EC7AC7A3A1B551178F3F823069A4777E55AF66B54E47E5BB89D5BD1F69","1068","charlieecho-jus9-tecnologia-juridica","BACKEND/ORIENTACOES_PARA_BACKEND_FUTURO.md","duplicado preservado em charlieecho-jus9-tecnologia-juridica:BACKEND/ORIENTACOES_PARA_BACKEND_FUTURO.md"
"KEEP","aulas-charlie-echo-jus9-tecnologia-juridica","BACKEND/ORIENTACOES_PARA_BACKEND_FUTURO.md","474BA4EC7AC7A3A1B551178F3F823069A4777E55AF66B54E47E5BB89D5BD1F69","1068","charlieecho-jus9-tecnologia-juridica","BACKEND/ORIENTACOES_PARA_BACKEND_FUTURO.md","repositorio primario Charlie Echo/aulas/governanca"
"DELETE","auth-identidade-acesso-jus9-tecnologia-juridica","BACKEND/ORIENTACOES_PARA_BACKEND_FUTURO.md","474BA4EC7AC7A3A1B551178F3F823069A4777E55AF66B54E47E5BB89D5BD1F69","1068","charlieecho-jus9-tecnologia-juridica","BACKEND/ORIENTACOES_PARA_BACKEND_FUTURO.md","duplicado preservado em charlieecho-jus9-tecnologia-juridica:BACKEND/ORIENTACOES_PARA_BACKEND_FUTURO.md"
"DELETE","backend-api-jus9-tecnologia-juridica","BACKEND/ORIENTACOES_PARA_BACKEND_FUTURO.md","474BA4EC7AC7A3A1B551178F3F823069A4777E55AF66B54E47E5BB89D5BD1F69","1068","charlieecho-jus9-tecnologia-juridica","BACKEND/ORIENTACOES_PARA_BACKEND_FUTURO.md","duplicado preservado em charlieecho-jus9-tecnologia-juridica:BACKEND/ORIENTACOES_PARA_BACKEND_FUTURO.md"
"DELETE","carta-jus9-tecnologia-juridica","BACKEND/ORIENTACOES_PARA_BACKEND_FUTURO.md","474BA4EC7AC7A3A1B551178F3F823069A4777E55AF66B54E47E5BB89D5BD1F69","1068","charlieecho-jus9-tecnologia-juridica","BACKEND/ORIENTACOES_PARA_BACKEND_FUTURO.md","duplicado preservado em charlieecho-jus9-tecnologia-juridica:BACKEND/ORIENTACOES_PARA_BACKEND_FUTURO.md"
"KEEP","charlieecho-jus9-tecnologia-juridica","BACKEND/ORIENTACOES_PARA_BACKEND_FUTURO.md","474BA4EC7AC7A3A1B551178F3F823069A4777E55AF66B54E47E5BB89D5BD1F69","1068","charlieecho-jus9-tecnologia-juridica","BACKEND/ORIENTACOES_PARA_BACKEND_FUTURO.md","fonte primaria do grupo"
"DELETE","cofre-documentos-seguros-jus9-tecnologia-juridica","BACKEND/ORIENTACOES_PARA_BACKEND_FUTURO.md","474BA4EC7AC7A3A1B551178F3F823069A4777E55AF66B54E47E5BB89D5BD1F69","1068","charlieecho-jus9-tecnologia-juridica","BACKEND/ORIENTACOES_PARA_BACKEND_FUTURO.md","duplicado preservado em charlieecho-jus9-tecnologia-juridica:BACKEND/ORIENTACOES_PARA_BACKEND_FUTURO.md"
"DELETE","Creta","BACKEND/ORIENTACOES_PARA_BACKEND_FUTURO.md","474BA4EC7AC7A3A1B551178F3F823069A4777E55AF66B54E47E5BB89D5BD1F69","1068","charlieecho-jus9-tecnologia-juridica","BACKEND/ORIENTACOES_PARA_BACKEND_FUTURO.md","duplicado preservado em charlieecho-jus9-tecnologia-juridica:BACKEND/ORIENTACOES_PARA_BACKEND_FUTURO.md"
"DELETE","documentacao-jus9-tecnologia-juridica","BACKEND/ORIENTACOES_PARA_BACKEND_FUTURO.md","474BA4EC7AC7A3A1B551178F3F823069A4777E55AF66B54E47E5BB89D5BD1F69","1068","charlieecho-jus9-tecnologia-juridica","BACKEND/ORIENTACOES_PARA_BACKEND_FUTURO.md","duplicado preservado em charlieecho-jus9-tecnologia-juridica:BACKEND/ORIENTACOES_PARA_BACKEND_FUTURO.md"
"DELETE","equipe-jus9-tecnologia-juridica","BACKEND/ORIENTACOES_PARA_BACKEND_FUTURO.md","474BA4EC7AC7A3A1B551178F3F823069A4777E55AF66B54E47E5BB89D5BD1F69","1068","charlieecho-jus9-tecnologia-juridica","BACKEND/ORIENTACOES_PARA_BACKEND_FUTURO.md","duplicado preservado em charlieecho-jus9-tecnologia-juridica:BACKEND/ORIENTACOES_PARA_BACKEND_FUTURO.md"
"DELETE","governanca-autoorganizacao-charlie-echo-jus9-tecnologia-juridica","BACKEND/ORIENTACOES_PARA_BACKEND_FUTURO.md","474BA4EC7AC7A3A1B551178F3F823069A4777E55AF66B54E47E5BB89D5BD1F69","1068","charlieecho-jus9-tecnologia-juridica","BACKEND/ORIENTACOES_PARA_BACKEND_FUTURO.md","duplicado preservado em charlieecho-jus9-tecnologia-juridica:BACKEND/ORIENTACOES_PARA_BACKEND_FUTURO.md"
"KEEP","governanca-jus9-tecnologia-juridica","BACKEND/ORIENTACOES_PARA_BACKEND_FUTURO.md","474BA4EC7AC7A3A1B551178F3F823069A4777E55AF66B54E47E5BB89D5BD1F69","1068","charlieecho-jus9-tecnologia-juridica","BACKEND/ORIENTACOES_PARA_BACKEND_FUTURO.md","repositorio primario Charlie Echo/aulas/governanca"
"DELETE","ia-dupla-jus9-tecnologia-juridica","BACKEND/ORIENTACOES_PARA_BACKEND_FUTURO.md","474BA4EC7AC7A3A1B551178F3F823069A4777E55AF66B54E47E5BB89D5BD1F69","1068","charlieecho-jus9-tecnologia-juridica","BACKEND/ORIENTACOES_PARA_BACKEND_FUTURO.md","duplicado preservado em charlieecho-jus9-tecnologia-juridica:BACKEND/ORIENTACOES_PARA_BACKEND_FUTURO.md"
"DELETE","ia-profissional-orquestrador-jus9-tecnologia-juridica","BACKEND/ORIENTACOES_PARA_BACKEND_FUTURO.md","474BA4EC7AC7A3A1B551178F3F823069A4777E55AF66B54E47E5BB89D5BD1F69","1068","charlieecho-jus9-tecnologia-juridica","BACKEND/ORIENTACOES_PARA_BACKEND_FUTURO.md","duplicado preservado em charlieecho-jus9-tecnologia-juridica:BACKEND/ORIENTACOES_PARA_BACKEND_FUTURO.md"
"DELETE","infra-cloudflare-jus9-tecnologia-juridica","BACKEND/ORIENTACOES_PARA_BACKEND_FUTURO.md","474BA4EC7AC7A3A1B551178F3F823069A4777E55AF66B54E47E5BB89D5BD1F69","1068","charlieecho-jus9-tecnologia-juridica","BACKEND/ORIENTACOES_PARA_BACKEND_FUTURO.md","duplicado preservado em charlieecho-jus9-tecnologia-juridica:BACKEND/ORIENTACOES_PARA_BACKEND_FUTURO.md"
"DELETE","introducaocss","BACKEND/ORIENTACOES_PARA_BACKEND_FUTURO.md","474BA4EC7AC7A3A1B551178F3F823069A4777E55AF66B54E47E5BB89D5BD1F69","1068","charlieecho-jus9-tecnologia-juridica","BACKEND/ORIENTACOES_PARA_BACKEND_FUTURO.md","duplicado preservado em charlieecho-jus9-tecnologia-juridica:BACKEND/ORIENTACOES_PARA_BACKEND_FUTURO.md"
"DELETE","investimentos-jus9-tecnologia-juridica","BACKEND/ORIENTACOES_PARA_BACKEND_FUTURO.md","474BA4EC7AC7A3A1B551178F3F823069A4777E55AF66B54E47E5BB89D5BD1F69","1068","charlieecho-jus9-tecnologia-juridica","BACKEND/ORIENTACOES_PARA_BACKEND_FUTURO.md","duplicado preservado em charlieecho-jus9-tecnologia-juridica:BACKEND/ORIENTACOES_PARA_BACKEND_FUTURO.md"
"DELETE","juridico-virtual-jus9-tecnologia-juridica","BACKEND/ORIENTACOES_PARA_BACKEND_FUTURO.md","474BA4EC7AC7A3A1B551178F3F823069A4777E55AF66B54E47E5BB89D5BD1F69","1068","charlieecho-jus9-tecnologia-juridica","BACKEND/ORIENTACOES_PARA_BACKEND_FUTURO.md","duplicado preservado em charlieecho-jus9-tecnologia-juridica:BACKEND/ORIENTACOES_PARA_BACKEND_FUTURO.md"
"DELETE","jus9-tecnologia-juridica","backend/ORIENTACOES_PARA_BACKEND_FUTURO.md","474BA4EC7AC7A3A1B551178F3F823069A4777E55AF66B54E47E5BB89D5BD1F69","1068","charlieecho-jus9-tecnologia-juridica","BACKEND/ORIENTACOES_PARA_BACKEND_FUTURO.md","duplicado preservado em charlieecho-jus9-tecnologia-juridica:BACKEND/ORIENTACOES_PARA_BACKEND_FUTURO.md"
"DELETE","jus9verde-jus9-tecnologia-juridica","BACKEND/ORIENTACOES_PARA_BACKEND_FUTURO.md","474BA4EC7AC7A3A1B551178F3F823069A4777E55AF66B54E47E5BB89D5BD1F69","1068","charlieecho-jus9-tecnologia-juridica","BACKEND/ORIENTACOES_PARA_BACKEND_FUTURO.md","duplicado preservado em charlieecho-jus9-tecnologia-juridica:BACKEND/ORIENTACOES_PARA_BACKEND_FUTURO.md"
"DELETE","laboratorio-jus9-tecnologia-juridica","BACKEND/ORIENTACOES_PARA_BACKEND_FUTURO.md","474BA4EC7AC7A3A1B551178F3F823069A4777E55AF66B54E47E5BB89D5BD1F69","1068","charlieecho-jus9-tecnologia-juridica","BACKEND/ORIENTACOES_PARA_BACKEND_FUTURO.md","duplicado preservado em charlieecho-jus9-tecnologia-juridica:BACKEND/ORIENTACOES_PARA_BACKEND_FUTURO.md"
"DELETE","livros-jus9-tecnologia-juridica","BACKEND/ORIENTACOES_PARA_BACKEND_FUTURO.md","474BA4EC7AC7A3A1B551178F3F823069A4777E55AF66B54E47E5BB89D5BD1F69","1068","charlieecho-jus9-tecnologia-juridica","BACKEND/ORIENTACOES_PARA_BACKEND_FUTURO.md","duplicado preservado em charlieecho-jus9-tecnologia-juridica:BACKEND/ORIENTACOES_PARA_BACKEND_FUTURO.md"
"DELETE","logs-auditoria-jus9-tecnologia-juridica","BACKEND/ORIENTACOES_PARA_BACKEND_FUTURO.md","474BA4EC7AC7A3A1B551178F3F823069A4777E55AF66B54E47E5BB89D5BD1F69","1068","charlieecho-jus9-tecnologia-juridica","BACKEND/ORIENTACOES_PARA_BACKEND_FUTURO.md","duplicado preservado em charlieecho-jus9-tecnologia-juridica:BACKEND/ORIENTACOES_PARA_BACKEND_FUTURO.md"
"DELETE","mvp-jus9-tecnologia-juridica","BACKEND/ORIENTACOES_PARA_BACKEND_FUTURO.md","474BA4EC7AC7A3A1B551178F3F823069A4777E55AF66B54E47E5BB89D5BD1F69","1068","charlieecho-jus9-tecnologia-juridica","BACKEND/ORIENTACOES_PARA_BACKEND_FUTURO.md","duplicado preservado em charlieecho-jus9-tecnologia-juridica:BACKEND/ORIENTACOES_PARA_BACKEND_FUTURO.md"
"DELETE","olamundo-jus9-tecnologia-juridica","BACKEND/ORIENTACOES_PARA_BACKEND_FUTURO.md","474BA4EC7AC7A3A1B551178F3F823069A4777E55AF66B54E47E5BB89D5BD1F69","1068","charlieecho-jus9-tecnologia-juridica","BACKEND/ORIENTACOES_PARA_BACKEND_FUTURO.md","duplicado preservado em charlieecho-jus9-tecnologia-juridica:BACKEND/ORIENTACOES_PARA_BACKEND_FUTURO.md"
"DELETE","portal-cliente-jus9-tecnologia-juridica","BACKEND/ORIENTACOES_PARA_BACKEND_FUTURO.md","474BA4EC7AC7A3A1B551178F3F823069A4777E55AF66B54E47E5BB89D5BD1F69","1068","charlieecho-jus9-tecnologia-juridica","BACKEND/ORIENTACOES_PARA_BACKEND_FUTURO.md","duplicado preservado em charlieecho-jus9-tecnologia-juridica:BACKEND/ORIENTACOES_PARA_BACKEND_FUTURO.md"
"DELETE","primeiroformsctec","BACKEND/ORIENTACOES_PARA_BACKEND_FUTURO.md","474BA4EC7AC7A3A1B551178F3F823069A4777E55AF66B54E47E5BB89D5BD1F69","1068","charlieecho-jus9-tecnologia-juridica","BACKEND/ORIENTACOES_PARA_BACKEND_FUTURO.md","duplicado preservado em charlieecho-jus9-tecnologia-juridica:BACKEND/ORIENTACOES_PARA_BACKEND_FUTURO.md"
"DELETE","quandoodesenhofala-jus9-tecnologia-juridica","BACKEND/ORIENTACOES_PARA_BACKEND_FUTURO.md","474BA4EC7AC7A3A1B551178F3F823069A4777E55AF66B54E47E5BB89D5BD1F69","1068","charlieecho-jus9-tecnologia-juridica","BACKEND/ORIENTACOES_PARA_BACKEND_FUTURO.md","duplicado preservado em charlieecho-jus9-tecnologia-juridica:BACKEND/ORIENTACOES_PARA_BACKEND_FUTURO.md"
"DELETE","sctec","BACKEND/ORIENTACOES_PARA_BACKEND_FUTURO.md","474BA4EC7AC7A3A1B551178F3F823069A4777E55AF66B54E47E5BB89D5BD1F69","1068","charlieecho-jus9-tecnologia-juridica","BACKEND/ORIENTACOES_PARA_BACKEND_FUTURO.md","duplicado preservado em charlieecho-jus9-tecnologia-juridica:BACKEND/ORIENTACOES_PARA_BACKEND_FUTURO.md"
"DELETE","workers-pages-functions-jus9-tecnologia-juridica","BACKEND/ORIENTACOES_PARA_BACKEND_FUTURO.md","474BA4EC7AC7A3A1B551178F3F823069A4777E55AF66B54E47E5BB89D5BD1F69","1068","charlieecho-jus9-tecnologia-juridica","BACKEND/ORIENTACOES_PARA_BACKEND_FUTURO.md","duplicado preservado em charlieecho-jus9-tecnologia-juridica:BACKEND/ORIENTACOES_PARA_BACKEND_FUTURO.md"
"DELETE","admin-painel-jus9-tecnologia-juridica","ORIENTACOES/REGRAS_DE_BOM_SENSO_HERDADAS_DO_PAI_RESUMO.md","BDDA0A158A8293BF6809B967A99F4B0F0C42A0A266D8F68F4718B6837E9FA6BA","1036","charlieecho-jus9-tecnologia-juridica","GOVERNANCA/MODOS_DE_PRUDENCIA_DA_CHARLIE_ECHO.md","duplicado preservado em charlieecho-jus9-tecnologia-juridica:GOVERNANCA/MODOS_DE_PRUDENCIA_DA_CHARLIE_ECHO.md"
"DELETE","Aeon-Primevo","ORIENTACOES/REGRAS_DE_BOM_SENSO_HERDADAS_DO_PAI_RESUMO.md","BDDA0A158A8293BF6809B967A99F4B0F0C42A0A266D8F68F4718B6837E9FA6BA","1036","charlieecho-jus9-tecnologia-juridica","GOVERNANCA/MODOS_DE_PRUDENCIA_DA_CHARLIE_ECHO.md","duplicado preservado em charlieecho-jus9-tecnologia-juridica:GOVERNANCA/MODOS_DE_PRUDENCIA_DA_CHARLIE_ECHO.md"
"KEEP","aulas-charlie-echo-jus9-tecnologia-juridica","ORIENTACOES/REGRAS_DE_BOM_SENSO_HERDADAS_DO_PAI_RESUMO.md","BDDA0A158A8293BF6809B967A99F4B0F0C42A0A266D8F68F4718B6837E9FA6BA","1036","charlieecho-jus9-tecnologia-juridica","GOVERNANCA/MODOS_DE_PRUDENCIA_DA_CHARLIE_ECHO.md","repositorio primario Charlie Echo/aulas/governanca"
"DELETE","auth-identidade-acesso-jus9-tecnologia-juridica","ORIENTACOES/REGRAS_DE_BOM_SENSO_HERDADAS_DO_PAI_RESUMO.md","BDDA0A158A8293BF6809B967A99F4B0F0C42A0A266D8F68F4718B6837E9FA6BA","1036","charlieecho-jus9-tecnologia-juridica","GOVERNANCA/MODOS_DE_PRUDENCIA_DA_CHARLIE_ECHO.md","duplicado preservado em charlieecho-jus9-tecnologia-juridica:GOVERNANCA/MODOS_DE_PRUDENCIA_DA_CHARLIE_ECHO.md"
"DELETE","backend-api-jus9-tecnologia-juridica","ORIENTACOES/REGRAS_DE_BOM_SENSO_HERDADAS_DO_PAI_RESUMO.md","BDDA0A158A8293BF6809B967A99F4B0F0C42A0A266D8F68F4718B6837E9FA6BA","1036","charlieecho-jus9-tecnologia-juridica","GOVERNANCA/MODOS_DE_PRUDENCIA_DA_CHARLIE_ECHO.md","duplicado preservado em charlieecho-jus9-tecnologia-juridica:GOVERNANCA/MODOS_DE_PRUDENCIA_DA_CHARLIE_ECHO.md"
"DELETE","carta-jus9-tecnologia-juridica","ORIENTACOES/REGRAS_DE_BOM_SENSO_HERDADAS_DO_PAI_RESUMO.md","BDDA0A158A8293BF6809B967A99F4B0F0C42A0A266D8F68F4718B6837E9FA6BA","1036","charlieecho-jus9-tecnologia-juridica","GOVERNANCA/MODOS_DE_PRUDENCIA_DA_CHARLIE_ECHO.md","duplicado preservado em charlieecho-jus9-tecnologia-juridica:GOVERNANCA/MODOS_DE_PRUDENCIA_DA_CHARLIE_ECHO.md"
"KEEP","charlieecho-jus9-tecnologia-juridica","GOVERNANCA/MODOS_DE_PRUDENCIA_DA_CHARLIE_ECHO.md","BDDA0A158A8293BF6809B967A99F4B0F0C42A0A266D8F68F4718B6837E9FA6BA","1036","charlieecho-jus9-tecnologia-juridica","GOVERNANCA/MODOS_DE_PRUDENCIA_DA_CHARLIE_ECHO.md","fonte primaria do grupo"
"KEEP","charlieecho-jus9-tecnologia-juridica","GOVERNANCA/REGRAS_DE_BOM_SENSO_HERDADAS_DO_PAI.md","BDDA0A158A8293BF6809B967A99F4B0F0C42A0A266D8F68F4718B6837E9FA6BA","1036","charlieecho-jus9-tecnologia-juridica","GOVERNANCA/MODOS_DE_PRUDENCIA_DA_CHARLIE_ECHO.md","repositorio primario Charlie Echo/aulas/governanca"
"KEEP","charlieecho-jus9-tecnologia-juridica","ORIENTACOES/REGRAS_DE_BOM_SENSO_HERDADAS_DO_PAI_RESUMO.md","BDDA0A158A8293BF6809B967A99F4B0F0C42A0A266D8F68F4718B6837E9FA6BA","1036","charlieecho-jus9-tecnologia-juridica","GOVERNANCA/MODOS_DE_PRUDENCIA_DA_CHARLIE_ECHO.md","repositorio primario Charlie Echo/aulas/governanca"
"DELETE","cofre-documentos-seguros-jus9-tecnologia-juridica","ORIENTACOES/REGRAS_DE_BOM_SENSO_HERDADAS_DO_PAI_RESUMO.md","BDDA0A158A8293BF6809B967A99F4B0F0C42A0A266D8F68F4718B6837E9FA6BA","1036","charlieecho-jus9-tecnologia-juridica","GOVERNANCA/MODOS_DE_PRUDENCIA_DA_CHARLIE_ECHO.md","duplicado preservado em charlieecho-jus9-tecnologia-juridica:GOVERNANCA/MODOS_DE_PRUDENCIA_DA_CHARLIE_ECHO.md"
"DELETE","Creta","ORIENTACOES/REGRAS_DE_BOM_SENSO_HERDADAS_DO_PAI_RESUMO.md","BDDA0A158A8293BF6809B967A99F4B0F0C42A0A266D8F68F4718B6837E9FA6BA","1036","charlieecho-jus9-tecnologia-juridica","GOVERNANCA/MODOS_DE_PRUDENCIA_DA_CHARLIE_ECHO.md","duplicado preservado em charlieecho-jus9-tecnologia-juridica:GOVERNANCA/MODOS_DE_PRUDENCIA_DA_CHARLIE_ECHO.md"
"DELETE","documentacao-jus9-tecnologia-juridica","ORIENTACOES/REGRAS_DE_BOM_SENSO_HERDADAS_DO_PAI_RESUMO.md","BDDA0A158A8293BF6809B967A99F4B0F0C42A0A266D8F68F4718B6837E9FA6BA","1036","charlieecho-jus9-tecnologia-juridica","GOVERNANCA/MODOS_DE_PRUDENCIA_DA_CHARLIE_ECHO.md","duplicado preservado em charlieecho-jus9-tecnologia-juridica:GOVERNANCA/MODOS_DE_PRUDENCIA_DA_CHARLIE_ECHO.md"
"DELETE","equipe-jus9-tecnologia-juridica","orientacoes/REGRAS_DE_BOM_SENSO_HERDADAS_DO_PAI_RESUMO.md","BDDA0A158A8293BF6809B967A99F4B0F0C42A0A266D8F68F4718B6837E9FA6BA","1036","charlieecho-jus9-tecnologia-juridica","GOVERNANCA/MODOS_DE_PRUDENCIA_DA_CHARLIE_ECHO.md","duplicado preservado em charlieecho-jus9-tecnologia-juridica:GOVERNANCA/MODOS_DE_PRUDENCIA_DA_CHARLIE_ECHO.md"
"DELETE","governanca-autoorganizacao-charlie-echo-jus9-tecnologia-juridica","ORIENTACOES/REGRAS_DE_BOM_SENSO_HERDADAS_DO_PAI_RESUMO.md","BDDA0A158A8293BF6809B967A99F4B0F0C42A0A266D8F68F4718B6837E9FA6BA","1036","charlieecho-jus9-tecnologia-juridica","GOVERNANCA/MODOS_DE_PRUDENCIA_DA_CHARLIE_ECHO.md","duplicado preservado em charlieecho-jus9-tecnologia-juridica:GOVERNANCA/MODOS_DE_PRUDENCIA_DA_CHARLIE_ECHO.md"
"KEEP","governanca-jus9-tecnologia-juridica","ORIENTACOES/REGRAS_DE_BOM_SENSO_HERDADAS_DO_PAI_RESUMO.md","BDDA0A158A8293BF6809B967A99F4B0F0C42A0A266D8F68F4718B6837E9FA6BA","1036","charlieecho-jus9-tecnologia-juridica","GOVERNANCA/MODOS_DE_PRUDENCIA_DA_CHARLIE_ECHO.md","repositorio primario Charlie Echo/aulas/governanca"
"DELETE","ia-dupla-jus9-tecnologia-juridica","ORIENTACOES/REGRAS_DE_BOM_SENSO_HERDADAS_DO_PAI_RESUMO.md","BDDA0A158A8293BF6809B967A99F4B0F0C42A0A266D8F68F4718B6837E9FA6BA","1036","charlieecho-jus9-tecnologia-juridica","GOVERNANCA/MODOS_DE_PRUDENCIA_DA_CHARLIE_ECHO.md","duplicado preservado em charlieecho-jus9-tecnologia-juridica:GOVERNANCA/MODOS_DE_PRUDENCIA_DA_CHARLIE_ECHO.md"
"DELETE","ia-profissional-orquestrador-jus9-tecnologia-juridica","ORIENTACOES/REGRAS_DE_BOM_SENSO_HERDADAS_DO_PAI_RESUMO.md","BDDA0A158A8293BF6809B967A99F4B0F0C42A0A266D8F68F4718B6837E9FA6BA","1036","charlieecho-jus9-tecnologia-juridica","GOVERNANCA/MODOS_DE_PRUDENCIA_DA_CHARLIE_ECHO.md","duplicado preservado em charlieecho-jus9-tecnologia-juridica:GOVERNANCA/MODOS_DE_PRUDENCIA_DA_CHARLIE_ECHO.md"
"DELETE","infra-cloudflare-jus9-tecnologia-juridica","ORIENTACOES/REGRAS_DE_BOM_SENSO_HERDADAS_DO_PAI_RESUMO.md","BDDA0A158A8293BF6809B967A99F4B0F0C42A0A266D8F68F4718B6837E9FA6BA","1036","charlieecho-jus9-tecnologia-juridica","GOVERNANCA/MODOS_DE_PRUDENCIA_DA_CHARLIE_ECHO.md","duplicado preservado em charlieecho-jus9-tecnologia-juridica:GOVERNANCA/MODOS_DE_PRUDENCIA_DA_CHARLIE_ECHO.md"
"DELETE","introducaocss","ORIENTACOES/REGRAS_DE_BOM_SENSO_HERDADAS_DO_PAI_RESUMO.md","BDDA0A158A8293BF6809B967A99F4B0F0C42A0A266D8F68F4718B6837E9FA6BA","1036","charlieecho-jus9-tecnologia-juridica","GOVERNANCA/MODOS_DE_PRUDENCIA_DA_CHARLIE_ECHO.md","duplicado preservado em charlieecho-jus9-tecnologia-juridica:GOVERNANCA/MODOS_DE_PRUDENCIA_DA_CHARLIE_ECHO.md"
"DELETE","juridico-virtual-jus9-tecnologia-juridica","ORIENTACOES/REGRAS_DE_BOM_SENSO_HERDADAS_DO_PAI_RESUMO.md","BDDA0A158A8293BF6809B967A99F4B0F0C42A0A266D8F68F4718B6837E9FA6BA","1036","charlieecho-jus9-tecnologia-juridica","GOVERNANCA/MODOS_DE_PRUDENCIA_DA_CHARLIE_ECHO.md","duplicado preservado em charlieecho-jus9-tecnologia-juridica:GOVERNANCA/MODOS_DE_PRUDENCIA_DA_CHARLIE_ECHO.md"
"DELETE","jus9-tecnologia-juridica","ORIENTACOES/REGRAS_DE_BOM_SENSO_HERDADAS_DO_PAI_RESUMO.md","BDDA0A158A8293BF6809B967A99F4B0F0C42A0A266D8F68F4718B6837E9FA6BA","1036","charlieecho-jus9-tecnologia-juridica","GOVERNANCA/MODOS_DE_PRUDENCIA_DA_CHARLIE_ECHO.md","duplicado preservado em charlieecho-jus9-tecnologia-juridica:GOVERNANCA/MODOS_DE_PRUDENCIA_DA_CHARLIE_ECHO.md"
"DELETE","jus9verde-jus9-tecnologia-juridica","ORIENTACOES/REGRAS_DE_BOM_SENSO_HERDADAS_DO_PAI_RESUMO.md","BDDA0A158A8293BF6809B967A99F4B0F0C42A0A266D8F68F4718B6837E9FA6BA","1036","charlieecho-jus9-tecnologia-juridica","GOVERNANCA/MODOS_DE_PRUDENCIA_DA_CHARLIE_ECHO.md","duplicado preservado em charlieecho-jus9-tecnologia-juridica:GOVERNANCA/MODOS_DE_PRUDENCIA_DA_CHARLIE_ECHO.md"
"DELETE","livros-jus9-tecnologia-juridica","ORIENTACOES/REGRAS_DE_BOM_SENSO_HERDADAS_DO_PAI_RESUMO.md","BDDA0A158A8293BF6809B967A99F4B0F0C42A0A266D8F68F4718B6837E9FA6BA","1036","charlieecho-jus9-tecnologia-juridica","GOVERNANCA/MODOS_DE_PRUDENCIA_DA_CHARLIE_ECHO.md","duplicado preservado em charlieecho-jus9-tecnologia-juridica:GOVERNANCA/MODOS_DE_PRUDENCIA_DA_CHARLIE_ECHO.md"
"DELETE","logs-auditoria-jus9-tecnologia-juridica","ORIENTACOES/REGRAS_DE_BOM_SENSO_HERDADAS_DO_PAI_RESUMO.md","BDDA0A158A8293BF6809B967A99F4B0F0C42A0A266D8F68F4718B6837E9FA6BA","1036","charlieecho-jus9-tecnologia-juridica","GOVERNANCA/MODOS_DE_PRUDENCIA_DA_CHARLIE_ECHO.md","duplicado preservado em charlieecho-jus9-tecnologia-juridica:GOVERNANCA/MODOS_DE_PRUDENCIA_DA_CHARLIE_ECHO.md"
"DELETE","mvp-jus9-tecnologia-juridica","ORIENTACOES/REGRAS_DE_BOM_SENSO_HERDADAS_DO_PAI_RESUMO.md","BDDA0A158A8293BF6809B967A99F4B0F0C42A0A266D8F68F4718B6837E9FA6BA","1036","charlieecho-jus9-tecnologia-juridica","GOVERNANCA/MODOS_DE_PRUDENCIA_DA_CHARLIE_ECHO.md","duplicado preservado em charlieecho-jus9-tecnologia-juridica:GOVERNANCA/MODOS_DE_PRUDENCIA_DA_CHARLIE_ECHO.md"
"DELETE","olamundo-jus9-tecnologia-juridica","ORIENTACOES/REGRAS_DE_BOM_SENSO_HERDADAS_DO_PAI_RESUMO.md","BDDA0A158A8293BF6809B967A99F4B0F0C42A0A266D8F68F4718B6837E9FA6BA","1036","charlieecho-jus9-tecnologia-juridica","GOVERNANCA/MODOS_DE_PRUDENCIA_DA_CHARLIE_ECHO.md","duplicado preservado em charlieecho-jus9-tecnologia-juridica:GOVERNANCA/MODOS_DE_PRUDENCIA_DA_CHARLIE_ECHO.md"
"DELETE","portal-cliente-jus9-tecnologia-juridica","ORIENTACOES/REGRAS_DE_BOM_SENSO_HERDADAS_DO_PAI_RESUMO.md","BDDA0A158A8293BF6809B967A99F4B0F0C42A0A266D8F68F4718B6837E9FA6BA","1036","charlieecho-jus9-tecnologia-juridica","GOVERNANCA/MODOS_DE_PRUDENCIA_DA_CHARLIE_ECHO.md","duplicado preservado em charlieecho-jus9-tecnologia-juridica:GOVERNANCA/MODOS_DE_PRUDENCIA_DA_CHARLIE_ECHO.md"
"DELETE","primeiroformsctec","ORIENTACOES/REGRAS_DE_BOM_SENSO_HERDADAS_DO_PAI_RESUMO.md","BDDA0A158A8293BF6809B967A99F4B0F0C42A0A266D8F68F4718B6837E9FA6BA","1036","charlieecho-jus9-tecnologia-juridica","GOVERNANCA/MODOS_DE_PRUDENCIA_DA_CHARLIE_ECHO.md","duplicado preservado em charlieecho-jus9-tecnologia-juridica:GOVERNANCA/MODOS_DE_PRUDENCIA_DA_CHARLIE_ECHO.md"
"DELETE","quandoodesenhofala-jus9-tecnologia-juridica","ORIENTACOES/REGRAS_DE_BOM_SENSO_HERDADAS_DO_PAI_RESUMO.md","BDDA0A158A8293BF6809B967A99F4B0F0C42A0A266D8F68F4718B6837E9FA6BA","1036","charlieecho-jus9-tecnologia-juridica","GOVERNANCA/MODOS_DE_PRUDENCIA_DA_CHARLIE_ECHO.md","duplicado preservado em charlieecho-jus9-tecnologia-juridica:GOVERNANCA/MODOS_DE_PRUDENCIA_DA_CHARLIE_ECHO.md"
"DELETE","sctec","ORIENTACOES/REGRAS_DE_BOM_SENSO_HERDADAS_DO_PAI_RESUMO.md","BDDA0A158A8293BF6809B967A99F4B0F0C42A0A266D8F68F4718B6837E9FA6BA","1036","charlieecho-jus9-tecnologia-juridica","GOVERNANCA/MODOS_DE_PRUDENCIA_DA_CHARLIE_ECHO.md","duplicado preservado em charlieecho-jus9-tecnologia-juridica:GOVERNANCA/MODOS_DE_PRUDENCIA_DA_CHARLIE_ECHO.md"
"DELETE","workers-pages-functions-jus9-tecnologia-juridica","ORIENTACOES/REGRAS_DE_BOM_SENSO_HERDADAS_DO_PAI_RESUMO.md","BDDA0A158A8293BF6809B967A99F4B0F0C42A0A266D8F68F4718B6837E9FA6BA","1036","charlieecho-jus9-tecnologia-juridica","GOVERNANCA/MODOS_DE_PRUDENCIA_DA_CHARLIE_ECHO.md","duplicado preservado em charlieecho-jus9-tecnologia-juridica:GOVERNANCA/MODOS_DE_PRUDENCIA_DA_CHARLIE_ECHO.md"
"DELETE","admin-painel-jus9-tecnologia-juridica","SEGURANCA/POLITICA_DE_CRIPTOGRAFIA_E_SEGURANCA.md","C25FD725A8E398997F7C2AF4DDE7B0B5415D510E37987515AD25BB143E5CB8F9","833","charlieecho-jus9-tecnologia-juridica","SEGURANCA/POLITICA_DE_CRIPTOGRAFIA_E_SEGURANCA.md","duplicado preservado em charlieecho-jus9-tecnologia-juridica:SEGURANCA/POLITICA_DE_CRIPTOGRAFIA_E_SEGURANCA.md"
"DELETE","Aeon-Primevo","SEGURANCA/POLITICA_DE_CRIPTOGRAFIA_E_SEGURANCA.md","C25FD725A8E398997F7C2AF4DDE7B0B5415D510E37987515AD25BB143E5CB8F9","833","charlieecho-jus9-tecnologia-juridica","SEGURANCA/POLITICA_DE_CRIPTOGRAFIA_E_SEGURANCA.md","duplicado preservado em charlieecho-jus9-tecnologia-juridica:SEGURANCA/POLITICA_DE_CRIPTOGRAFIA_E_SEGURANCA.md"
"KEEP","aulas-charlie-echo-jus9-tecnologia-juridica","SEGURANCA/POLITICA_DE_CRIPTOGRAFIA_E_SEGURANCA.md","C25FD725A8E398997F7C2AF4DDE7B0B5415D510E37987515AD25BB143E5CB8F9","833","charlieecho-jus9-tecnologia-juridica","SEGURANCA/POLITICA_DE_CRIPTOGRAFIA_E_SEGURANCA.md","repositorio primario Charlie Echo/aulas/governanca"
"DELETE","auth-identidade-acesso-jus9-tecnologia-juridica","SEGURANCA/POLITICA_DE_CRIPTOGRAFIA_E_SEGURANCA.md","C25FD725A8E398997F7C2AF4DDE7B0B5415D510E37987515AD25BB143E5CB8F9","833","charlieecho-jus9-tecnologia-juridica","SEGURANCA/POLITICA_DE_CRIPTOGRAFIA_E_SEGURANCA.md","duplicado preservado em charlieecho-jus9-tecnologia-juridica:SEGURANCA/POLITICA_DE_CRIPTOGRAFIA_E_SEGURANCA.md"
"DELETE","backend-api-jus9-tecnologia-juridica","SEGURANCA/POLITICA_DE_CRIPTOGRAFIA_E_SEGURANCA.md","C25FD725A8E398997F7C2AF4DDE7B0B5415D510E37987515AD25BB143E5CB8F9","833","charlieecho-jus9-tecnologia-juridica","SEGURANCA/POLITICA_DE_CRIPTOGRAFIA_E_SEGURANCA.md","duplicado preservado em charlieecho-jus9-tecnologia-juridica:SEGURANCA/POLITICA_DE_CRIPTOGRAFIA_E_SEGURANCA.md"
"DELETE","carta-jus9-tecnologia-juridica","SEGURANCA/POLITICA_DE_CRIPTOGRAFIA_E_SEGURANCA.md","C25FD725A8E398997F7C2AF4DDE7B0B5415D510E37987515AD25BB143E5CB8F9","833","charlieecho-jus9-tecnologia-juridica","SEGURANCA/POLITICA_DE_CRIPTOGRAFIA_E_SEGURANCA.md","duplicado preservado em charlieecho-jus9-tecnologia-juridica:SEGURANCA/POLITICA_DE_CRIPTOGRAFIA_E_SEGURANCA.md"
"KEEP","charlieecho-jus9-tecnologia-juridica","SEGURANCA/POLITICA_DE_CRIPTOGRAFIA_E_SEGURANCA.md","C25FD725A8E398997F7C2AF4DDE7B0B5415D510E37987515AD25BB143E5CB8F9","833","charlieecho-jus9-tecnologia-juridica","SEGURANCA/POLITICA_DE_CRIPTOGRAFIA_E_SEGURANCA.md","fonte primaria do grupo"
"DELETE","cofre-documentos-seguros-jus9-tecnologia-juridica","SEGURANCA/POLITICA_DE_CRIPTOGRAFIA_E_SEGURANCA.md","C25FD725A8E398997F7C2AF4DDE7B0B5415D510E37987515AD25BB143E5CB8F9","833","charlieecho-jus9-tecnologia-juridica","SEGURANCA/POLITICA_DE_CRIPTOGRAFIA_E_SEGURANCA.md","duplicado preservado em charlieecho-jus9-tecnologia-juridica:SEGURANCA/POLITICA_DE_CRIPTOGRAFIA_E_SEGURANCA.md"
"DELETE","Creta","SEGURANCA/POLITICA_DE_CRIPTOGRAFIA_E_SEGURANCA.md","C25FD725A8E398997F7C2AF4DDE7B0B5415D510E37987515AD25BB143E5CB8F9","833","charlieecho-jus9-tecnologia-juridica","SEGURANCA/POLITICA_DE_CRIPTOGRAFIA_E_SEGURANCA.md","duplicado preservado em charlieecho-jus9-tecnologia-juridica:SEGURANCA/POLITICA_DE_CRIPTOGRAFIA_E_SEGURANCA.md"
"DELETE","documentacao-jus9-tecnologia-juridica","SEGURANCA/POLITICA_DE_CRIPTOGRAFIA_E_SEGURANCA.md","C25FD725A8E398997F7C2AF4DDE7B0B5415D510E37987515AD25BB143E5CB8F9","833","charlieecho-jus9-tecnologia-juridica","SEGURANCA/POLITICA_DE_CRIPTOGRAFIA_E_SEGURANCA.md","duplicado preservado em charlieecho-jus9-tecnologia-juridica:SEGURANCA/POLITICA_DE_CRIPTOGRAFIA_E_SEGURANCA.md"
"DELETE","equipe-jus9-tecnologia-juridica","SEGURANCA/POLITICA_DE_CRIPTOGRAFIA_E_SEGURANCA.md","C25FD725A8E398997F7C2AF4DDE7B0B5415D510E37987515AD25BB143E5CB8F9","833","charlieecho-jus9-tecnologia-juridica","SEGURANCA/POLITICA_DE_CRIPTOGRAFIA_E_SEGURANCA.md","duplicado preservado em charlieecho-jus9-tecnologia-juridica:SEGURANCA/POLITICA_DE_CRIPTOGRAFIA_E_SEGURANCA.md"
"DELETE","governanca-autoorganizacao-charlie-echo-jus9-tecnologia-juridica","SEGURANCA/POLITICA_DE_CRIPTOGRAFIA_E_SEGURANCA.md","C25FD725A8E398997F7C2AF4DDE7B0B5415D510E37987515AD25BB143E5CB8F9","833","charlieecho-jus9-tecnologia-juridica","SEGURANCA/POLITICA_DE_CRIPTOGRAFIA_E_SEGURANCA.md","duplicado preservado em charlieecho-jus9-tecnologia-juridica:SEGURANCA/POLITICA_DE_CRIPTOGRAFIA_E_SEGURANCA.md"
"KEEP","governanca-jus9-tecnologia-juridica","SEGURANCA/POLITICA_DE_CRIPTOGRAFIA_E_SEGURANCA.md","C25FD725A8E398997F7C2AF4DDE7B0B5415D510E37987515AD25BB143E5CB8F9","833","charlieecho-jus9-tecnologia-juridica","SEGURANCA/POLITICA_DE_CRIPTOGRAFIA_E_SEGURANCA.md","repositorio primario Charlie Echo/aulas/governanca"
"DELETE","ia-dupla-jus9-tecnologia-juridica","SEGURANCA/POLITICA_DE_CRIPTOGRAFIA_E_SEGURANCA.md","C25FD725A8E398997F7C2AF4DDE7B0B5415D510E37987515AD25BB143E5CB8F9","833","charlieecho-jus9-tecnologia-juridica","SEGURANCA/POLITICA_DE_CRIPTOGRAFIA_E_SEGURANCA.md","duplicado preservado em charlieecho-jus9-tecnologia-juridica:SEGURANCA/POLITICA_DE_CRIPTOGRAFIA_E_SEGURANCA.md"
"DELETE","ia-profissional-orquestrador-jus9-tecnologia-juridica","SEGURANCA/POLITICA_DE_CRIPTOGRAFIA_E_SEGURANCA.md","C25FD725A8E398997F7C2AF4DDE7B0B5415D510E37987515AD25BB143E5CB8F9","833","charlieecho-jus9-tecnologia-juridica","SEGURANCA/POLITICA_DE_CRIPTOGRAFIA_E_SEGURANCA.md","duplicado preservado em charlieecho-jus9-tecnologia-juridica:SEGURANCA/POLITICA_DE_CRIPTOGRAFIA_E_SEGURANCA.md"
"DELETE","infra-cloudflare-jus9-tecnologia-juridica","SEGURANCA/POLITICA_DE_CRIPTOGRAFIA_E_SEGURANCA.md","C25FD725A8E398997F7C2AF4DDE7B0B5415D510E37987515AD25BB143E5CB8F9","833","charlieecho-jus9-tecnologia-juridica","SEGURANCA/POLITICA_DE_CRIPTOGRAFIA_E_SEGURANCA.md","duplicado preservado em charlieecho-jus9-tecnologia-juridica:SEGURANCA/POLITICA_DE_CRIPTOGRAFIA_E_SEGURANCA.md"
"DELETE","introducaocss","SEGURANCA/POLITICA_DE_CRIPTOGRAFIA_E_SEGURANCA.md","C25FD725A8E398997F7C2AF4DDE7B0B5415D510E37987515AD25BB143E5CB8F9","833","charlieecho-jus9-tecnologia-juridica","SEGURANCA/POLITICA_DE_CRIPTOGRAFIA_E_SEGURANCA.md","duplicado preservado em charlieecho-jus9-tecnologia-juridica:SEGURANCA/POLITICA_DE_CRIPTOGRAFIA_E_SEGURANCA.md"
"DELETE","investimentos-jus9-tecnologia-juridica","SEGURANCA/POLITICA_DE_CRIPTOGRAFIA_E_SEGURANCA.md","C25FD725A8E398997F7C2AF4DDE7B0B5415D510E37987515AD25BB143E5CB8F9","833","charlieecho-jus9-tecnologia-juridica","SEGURANCA/POLITICA_DE_CRIPTOGRAFIA_E_SEGURANCA.md","duplicado preservado em charlieecho-jus9-tecnologia-juridica:SEGURANCA/POLITICA_DE_CRIPTOGRAFIA_E_SEGURANCA.md"
"DELETE","juridico-virtual-jus9-tecnologia-juridica","SEGURANCA/POLITICA_DE_CRIPTOGRAFIA_E_SEGURANCA.md","C25FD725A8E398997F7C2AF4DDE7B0B5415D510E37987515AD25BB143E5CB8F9","833","charlieecho-jus9-tecnologia-juridica","SEGURANCA/POLITICA_DE_CRIPTOGRAFIA_E_SEGURANCA.md","duplicado preservado em charlieecho-jus9-tecnologia-juridica:SEGURANCA/POLITICA_DE_CRIPTOGRAFIA_E_SEGURANCA.md"
"DELETE","jus9-tecnologia-juridica","SEGURANCA/POLITICA_DE_CRIPTOGRAFIA_E_SEGURANCA.md","C25FD725A8E398997F7C2AF4DDE7B0B5415D510E37987515AD25BB143E5CB8F9","833","charlieecho-jus9-tecnologia-juridica","SEGURANCA/POLITICA_DE_CRIPTOGRAFIA_E_SEGURANCA.md","duplicado preservado em charlieecho-jus9-tecnologia-juridica:SEGURANCA/POLITICA_DE_CRIPTOGRAFIA_E_SEGURANCA.md"
"DELETE","jus9verde-jus9-tecnologia-juridica","SEGURANCA/POLITICA_DE_CRIPTOGRAFIA_E_SEGURANCA.md","C25FD725A8E398997F7C2AF4DDE7B0B5415D510E37987515AD25BB143E5CB8F9","833","charlieecho-jus9-tecnologia-juridica","SEGURANCA/POLITICA_DE_CRIPTOGRAFIA_E_SEGURANCA.md","duplicado preservado em charlieecho-jus9-tecnologia-juridica:SEGURANCA/POLITICA_DE_CRIPTOGRAFIA_E_SEGURANCA.md"
"DELETE","laboratorio-jus9-tecnologia-juridica","SEGURANCA/POLITICA_DE_CRIPTOGRAFIA_E_SEGURANCA.md","C25FD725A8E398997F7C2AF4DDE7B0B5415D510E37987515AD25BB143E5CB8F9","833","charlieecho-jus9-tecnologia-juridica","SEGURANCA/POLITICA_DE_CRIPTOGRAFIA_E_SEGURANCA.md","duplicado preservado em charlieecho-jus9-tecnologia-juridica:SEGURANCA/POLITICA_DE_CRIPTOGRAFIA_E_SEGURANCA.md"
"DELETE","livros-jus9-tecnologia-juridica","SEGURANCA/POLITICA_DE_CRIPTOGRAFIA_E_SEGURANCA.md","C25FD725A8E398997F7C2AF4DDE7B0B5415D510E37987515AD25BB143E5CB8F9","833","charlieecho-jus9-tecnologia-juridica","SEGURANCA/POLITICA_DE_CRIPTOGRAFIA_E_SEGURANCA.md","duplicado preservado em charlieecho-jus9-tecnologia-juridica:SEGURANCA/POLITICA_DE_CRIPTOGRAFIA_E_SEGURANCA.md"
"DELETE","logs-auditoria-jus9-tecnologia-juridica","SEGURANCA/POLITICA_DE_CRIPTOGRAFIA_E_SEGURANCA.md","C25FD725A8E398997F7C2AF4DDE7B0B5415D510E37987515AD25BB143E5CB8F9","833","charlieecho-jus9-tecnologia-juridica","SEGURANCA/POLITICA_DE_CRIPTOGRAFIA_E_SEGURANCA.md","duplicado preservado em charlieecho-jus9-tecnologia-juridica:SEGURANCA/POLITICA_DE_CRIPTOGRAFIA_E_SEGURANCA.md"
"DELETE","mvp-jus9-tecnologia-juridica","SEGURANCA/POLITICA_DE_CRIPTOGRAFIA_E_SEGURANCA.md","C25FD725A8E398997F7C2AF4DDE7B0B5415D510E37987515AD25BB143E5CB8F9","833","charlieecho-jus9-tecnologia-juridica","SEGURANCA/POLITICA_DE_CRIPTOGRAFIA_E_SEGURANCA.md","duplicado preservado em charlieecho-jus9-tecnologia-juridica:SEGURANCA/POLITICA_DE_CRIPTOGRAFIA_E_SEGURANCA.md"
"DELETE","olamundo-jus9-tecnologia-juridica","SEGURANCA/POLITICA_DE_CRIPTOGRAFIA_E_SEGURANCA.md","C25FD725A8E398997F7C2AF4DDE7B0B5415D510E37987515AD25BB143E5CB8F9","833","charlieecho-jus9-tecnologia-juridica","SEGURANCA/POLITICA_DE_CRIPTOGRAFIA_E_SEGURANCA.md","duplicado preservado em charlieecho-jus9-tecnologia-juridica:SEGURANCA/POLITICA_DE_CRIPTOGRAFIA_E_SEGURANCA.md"
"DELETE","portal-cliente-jus9-tecnologia-juridica","SEGURANCA/POLITICA_DE_CRIPTOGRAFIA_E_SEGURANCA.md","C25FD725A8E398997F7C2AF4DDE7B0B5415D510E37987515AD25BB143E5CB8F9","833","charlieecho-jus9-tecnologia-juridica","SEGURANCA/POLITICA_DE_CRIPTOGRAFIA_E_SEGURANCA.md","duplicado preservado em charlieecho-jus9-tecnologia-juridica:SEGURANCA/POLITICA_DE_CRIPTOGRAFIA_E_SEGURANCA.md"
"DELETE","primeiroformsctec","SEGURANCA/POLITICA_DE_CRIPTOGRAFIA_E_SEGURANCA.md","C25FD725A8E398997F7C2AF4DDE7B0B5415D510E37987515AD25BB143E5CB8F9","833","charlieecho-jus9-tecnologia-juridica","SEGURANCA/POLITICA_DE_CRIPTOGRAFIA_E_SEGURANCA.md","duplicado preservado em charlieecho-jus9-tecnologia-juridica:SEGURANCA/POLITICA_DE_CRIPTOGRAFIA_E_SEGURANCA.md"
"DELETE","quandoodesenhofala-jus9-tecnologia-juridica","SEGURANCA/POLITICA_DE_CRIPTOGRAFIA_E_SEGURANCA.md","C25FD725A8E398997F7C2AF4DDE7B0B5415D510E37987515AD25BB143E5CB8F9","833","charlieecho-jus9-tecnologia-juridica","SEGURANCA/POLITICA_DE_CRIPTOGRAFIA_E_SEGURANCA.md","duplicado preservado em charlieecho-jus9-tecnologia-juridica:SEGURANCA/POLITICA_DE_CRIPTOGRAFIA_E_SEGURANCA.md"
"DELETE","sctec","SEGURANCA/POLITICA_DE_CRIPTOGRAFIA_E_SEGURANCA.md","C25FD725A8E398997F7C2AF4DDE7B0B5415D510E37987515AD25BB143E5CB8F9","833","charlieecho-jus9-tecnologia-juridica","SEGURANCA/POLITICA_DE_CRIPTOGRAFIA_E_SEGURANCA.md","duplicado preservado em charlieecho-jus9-tecnologia-juridica:SEGURANCA/POLITICA_DE_CRIPTOGRAFIA_E_SEGURANCA.md"
"DELETE","workers-pages-functions-jus9-tecnologia-juridica","SEGURANCA/POLITICA_DE_CRIPTOGRAFIA_E_SEGURANCA.md","C25FD725A8E398997F7C2AF4DDE7B0B5415D510E37987515AD25BB143E5CB8F9","833","charlieecho-jus9-tecnologia-juridica","SEGURANCA/POLITICA_DE_CRIPTOGRAFIA_E_SEGURANCA.md","duplicado preservado em charlieecho-jus9-tecnologia-juridica:SEGURANCA/POLITICA_DE_CRIPTOGRAFIA_E_SEGURANCA.md"
"DELETE","admin-painel-jus9-tecnologia-juridica","SEGURANCA/LOGIN_DEMONSTRATIVO_NAO_E_LOGIN_REAL.md","60D8B2ED4DCA3AA3AE64A1122AA09E85676804A7DB4A49913B32C1241AF0D66D","811","charlieecho-jus9-tecnologia-juridica","SEGURANCA/LOGIN_DEMONSTRATIVO_NAO_E_LOGIN_REAL.md","duplicado preservado em charlieecho-jus9-tecnologia-juridica:SEGURANCA/LOGIN_DEMONSTRATIVO_NAO_E_LOGIN_REAL.md"
"DELETE","Aeon-Primevo","SEGURANCA/LOGIN_DEMONSTRATIVO_NAO_E_LOGIN_REAL.md","60D8B2ED4DCA3AA3AE64A1122AA09E85676804A7DB4A49913B32C1241AF0D66D","811","charlieecho-jus9-tecnologia-juridica","SEGURANCA/LOGIN_DEMONSTRATIVO_NAO_E_LOGIN_REAL.md","duplicado preservado em charlieecho-jus9-tecnologia-juridica:SEGURANCA/LOGIN_DEMONSTRATIVO_NAO_E_LOGIN_REAL.md"
"KEEP","aulas-charlie-echo-jus9-tecnologia-juridica","SEGURANCA/LOGIN_DEMONSTRATIVO_NAO_E_LOGIN_REAL.md","60D8B2ED4DCA3AA3AE64A1122AA09E85676804A7DB4A49913B32C1241AF0D66D","811","charlieecho-jus9-tecnologia-juridica","SEGURANCA/LOGIN_DEMONSTRATIVO_NAO_E_LOGIN_REAL.md","repositorio primario Charlie Echo/aulas/governanca"
"DELETE","auth-identidade-acesso-jus9-tecnologia-juridica","SEGURANCA/LOGIN_DEMONSTRATIVO_NAO_E_LOGIN_REAL.md","60D8B2ED4DCA3AA3AE64A1122AA09E85676804A7DB4A49913B32C1241AF0D66D","811","charlieecho-jus9-tecnologia-juridica","SEGURANCA/LOGIN_DEMONSTRATIVO_NAO_E_LOGIN_REAL.md","duplicado preservado em charlieecho-jus9-tecnologia-juridica:SEGURANCA/LOGIN_DEMONSTRATIVO_NAO_E_LOGIN_REAL.md"
"DELETE","backend-api-jus9-tecnologia-juridica","SEGURANCA/LOGIN_DEMONSTRATIVO_NAO_E_LOGIN_REAL.md","60D8B2ED4DCA3AA3AE64A1122AA09E85676804A7DB4A49913B32C1241AF0D66D","811","charlieecho-jus9-tecnologia-juridica","SEGURANCA/LOGIN_DEMONSTRATIVO_NAO_E_LOGIN_REAL.md","duplicado preservado em charlieecho-jus9-tecnologia-juridica:SEGURANCA/LOGIN_DEMONSTRATIVO_NAO_E_LOGIN_REAL.md"
"DELETE","carta-jus9-tecnologia-juridica","SEGURANCA/LOGIN_DEMONSTRATIVO_NAO_E_LOGIN_REAL.md","60D8B2ED4DCA3AA3AE64A1122AA09E85676804A7DB4A49913B32C1241AF0D66D","811","charlieecho-jus9-tecnologia-juridica","SEGURANCA/LOGIN_DEMONSTRATIVO_NAO_E_LOGIN_REAL.md","duplicado preservado em charlieecho-jus9-tecnologia-juridica:SEGURANCA/LOGIN_DEMONSTRATIVO_NAO_E_LOGIN_REAL.md"
"KEEP","charlieecho-jus9-tecnologia-juridica","SEGURANCA/LOGIN_DEMONSTRATIVO_NAO_E_LOGIN_REAL.md","60D8B2ED4DCA3AA3AE64A1122AA09E85676804A7DB4A49913B32C1241AF0D66D","811","charlieecho-jus9-tecnologia-juridica","SEGURANCA/LOGIN_DEMONSTRATIVO_NAO_E_LOGIN_REAL.md","fonte primaria do grupo"
"DELETE","cofre-documentos-seguros-jus9-tecnologia-juridica","SEGURANCA/LOGIN_DEMONSTRATIVO_NAO_E_LOGIN_REAL.md","60D8B2ED4DCA3AA3AE64A1122AA09E85676804A7DB4A49913B32C1241AF0D66D","811","charlieecho-jus9-tecnologia-juridica","SEGURANCA/LOGIN_DEMONSTRATIVO_NAO_E_LOGIN_REAL.md","duplicado preservado em charlieecho-jus9-tecnologia-juridica:SEGURANCA/LOGIN_DEMONSTRATIVO_NAO_E_LOGIN_REAL.md"
"DELETE","Creta","SEGURANCA/LOGIN_DEMONSTRATIVO_NAO_E_LOGIN_REAL.md","60D8B2ED4DCA3AA3AE64A1122AA09E85676804A7DB4A49913B32C1241AF0D66D","811","charlieecho-jus9-tecnologia-juridica","SEGURANCA/LOGIN_DEMONSTRATIVO_NAO_E_LOGIN_REAL.md","duplicado preservado em charlieecho-jus9-tecnologia-juridica:SEGURANCA/LOGIN_DEMONSTRATIVO_NAO_E_LOGIN_REAL.md"
"DELETE","documentacao-jus9-tecnologia-juridica","SEGURANCA/LOGIN_DEMONSTRATIVO_NAO_E_LOGIN_REAL.md","60D8B2ED4DCA3AA3AE64A1122AA09E85676804A7DB4A49913B32C1241AF0D66D","811","charlieecho-jus9-tecnologia-juridica","SEGURANCA/LOGIN_DEMONSTRATIVO_NAO_E_LOGIN_REAL.md","duplicado preservado em charlieecho-jus9-tecnologia-juridica:SEGURANCA/LOGIN_DEMONSTRATIVO_NAO_E_LOGIN_REAL.md"
"DELETE","equipe-jus9-tecnologia-juridica","SEGURANCA/LOGIN_DEMONSTRATIVO_NAO_E_LOGIN_REAL.md","60D8B2ED4DCA3AA3AE64A1122AA09E85676804A7DB4A49913B32C1241AF0D66D","811","charlieecho-jus9-tecnologia-juridica","SEGURANCA/LOGIN_DEMONSTRATIVO_NAO_E_LOGIN_REAL.md","duplicado preservado em charlieecho-jus9-tecnologia-juridica:SEGURANCA/LOGIN_DEMONSTRATIVO_NAO_E_LOGIN_REAL.md"
"DELETE","governanca-autoorganizacao-charlie-echo-jus9-tecnologia-juridica","SEGURANCA/LOGIN_DEMONSTRATIVO_NAO_E_LOGIN_REAL.md","60D8B2ED4DCA3AA3AE64A1122AA09E85676804A7DB4A49913B32C1241AF0D66D","811","charlieecho-jus9-tecnologia-juridica","SEGURANCA/LOGIN_DEMONSTRATIVO_NAO_E_LOGIN_REAL.md","duplicado preservado em charlieecho-jus9-tecnologia-juridica:SEGURANCA/LOGIN_DEMONSTRATIVO_NAO_E_LOGIN_REAL.md"
"KEEP","governanca-jus9-tecnologia-juridica","SEGURANCA/LOGIN_DEMONSTRATIVO_NAO_E_LOGIN_REAL.md","60D8B2ED4DCA3AA3AE64A1122AA09E85676804A7DB4A49913B32C1241AF0D66D","811","charlieecho-jus9-tecnologia-juridica","SEGURANCA/LOGIN_DEMONSTRATIVO_NAO_E_LOGIN_REAL.md","repositorio primario Charlie Echo/aulas/governanca"
"DELETE","ia-dupla-jus9-tecnologia-juridica","SEGURANCA/LOGIN_DEMONSTRATIVO_NAO_E_LOGIN_REAL.md","60D8B2ED4DCA3AA3AE64A1122AA09E85676804A7DB4A49913B32C1241AF0D66D","811","charlieecho-jus9-tecnologia-juridica","SEGURANCA/LOGIN_DEMONSTRATIVO_NAO_E_LOGIN_REAL.md","duplicado preservado em charlieecho-jus9-tecnologia-juridica:SEGURANCA/LOGIN_DEMONSTRATIVO_NAO_E_LOGIN_REAL.md"
"DELETE","ia-profissional-orquestrador-jus9-tecnologia-juridica","SEGURANCA/LOGIN_DEMONSTRATIVO_NAO_E_LOGIN_REAL.md","60D8B2ED4DCA3AA3AE64A1122AA09E85676804A7DB4A49913B32C1241AF0D66D","811","charlieecho-jus9-tecnologia-juridica","SEGURANCA/LOGIN_DEMONSTRATIVO_NAO_E_LOGIN_REAL.md","duplicado preservado em charlieecho-jus9-tecnologia-juridica:SEGURANCA/LOGIN_DEMONSTRATIVO_NAO_E_LOGIN_REAL.md"
"DELETE","infra-cloudflare-jus9-tecnologia-juridica","SEGURANCA/LOGIN_DEMONSTRATIVO_NAO_E_LOGIN_REAL.md","60D8B2ED4DCA3AA3AE64A1122AA09E85676804A7DB4A49913B32C1241AF0D66D","811","charlieecho-jus9-tecnologia-juridica","SEGURANCA/LOGIN_DEMONSTRATIVO_NAO_E_LOGIN_REAL.md","duplicado preservado em charlieecho-jus9-tecnologia-juridica:SEGURANCA/LOGIN_DEMONSTRATIVO_NAO_E_LOGIN_REAL.md"
"DELETE","introducaocss","SEGURANCA/LOGIN_DEMONSTRATIVO_NAO_E_LOGIN_REAL.md","60D8B2ED4DCA3AA3AE64A1122AA09E85676804A7DB4A49913B32C1241AF0D66D","811","charlieecho-jus9-tecnologia-juridica","SEGURANCA/LOGIN_DEMONSTRATIVO_NAO_E_LOGIN_REAL.md","duplicado preservado em charlieecho-jus9-tecnologia-juridica:SEGURANCA/LOGIN_DEMONSTRATIVO_NAO_E_LOGIN_REAL.md"
"DELETE","investimentos-jus9-tecnologia-juridica","SEGURANCA/LOGIN_DEMONSTRATIVO_NAO_E_LOGIN_REAL.md","60D8B2ED4DCA3AA3AE64A1122AA09E85676804A7DB4A49913B32C1241AF0D66D","811","charlieecho-jus9-tecnologia-juridica","SEGURANCA/LOGIN_DEMONSTRATIVO_NAO_E_LOGIN_REAL.md","duplicado preservado em charlieecho-jus9-tecnologia-juridica:SEGURANCA/LOGIN_DEMONSTRATIVO_NAO_E_LOGIN_REAL.md"
"DELETE","juridico-virtual-jus9-tecnologia-juridica","SEGURANCA/LOGIN_DEMONSTRATIVO_NAO_E_LOGIN_REAL.md","60D8B2ED4DCA3AA3AE64A1122AA09E85676804A7DB4A49913B32C1241AF0D66D","811","charlieecho-jus9-tecnologia-juridica","SEGURANCA/LOGIN_DEMONSTRATIVO_NAO_E_LOGIN_REAL.md","duplicado preservado em charlieecho-jus9-tecnologia-juridica:SEGURANCA/LOGIN_DEMONSTRATIVO_NAO_E_LOGIN_REAL.md"
"DELETE","jus9-tecnologia-juridica","SEGURANCA/LOGIN_DEMONSTRATIVO_NAO_E_LOGIN_REAL.md","60D8B2ED4DCA3AA3AE64A1122AA09E85676804A7DB4A49913B32C1241AF0D66D","811","charlieecho-jus9-tecnologia-juridica","SEGURANCA/LOGIN_DEMONSTRATIVO_NAO_E_LOGIN_REAL.md","duplicado preservado em charlieecho-jus9-tecnologia-juridica:SEGURANCA/LOGIN_DEMONSTRATIVO_NAO_E_LOGIN_REAL.md"
"DELETE","jus9verde-jus9-tecnologia-juridica","SEGURANCA/LOGIN_DEMONSTRATIVO_NAO_E_LOGIN_REAL.md","60D8B2ED4DCA3AA3AE64A1122AA09E85676804A7DB4A49913B32C1241AF0D66D","811","charlieecho-jus9-tecnologia-juridica","SEGURANCA/LOGIN_DEMONSTRATIVO_NAO_E_LOGIN_REAL.md","duplicado preservado em charlieecho-jus9-tecnologia-juridica:SEGURANCA/LOGIN_DEMONSTRATIVO_NAO_E_LOGIN_REAL.md"
"DELETE","laboratorio-jus9-tecnologia-juridica","SEGURANCA/LOGIN_DEMONSTRATIVO_NAO_E_LOGIN_REAL.md","60D8B2ED4DCA3AA3AE64A1122AA09E85676804A7DB4A49913B32C1241AF0D66D","811","charlieecho-jus9-tecnologia-juridica","SEGURANCA/LOGIN_DEMONSTRATIVO_NAO_E_LOGIN_REAL.md","duplicado preservado em charlieecho-jus9-tecnologia-juridica:SEGURANCA/LOGIN_DEMONSTRATIVO_NAO_E_LOGIN_REAL.md"
"DELETE","livros-jus9-tecnologia-juridica","SEGURANCA/LOGIN_DEMONSTRATIVO_NAO_E_LOGIN_REAL.md","60D8B2ED4DCA3AA3AE64A1122AA09E85676804A7DB4A49913B32C1241AF0D66D","811","charlieecho-jus9-tecnologia-juridica","SEGURANCA/LOGIN_DEMONSTRATIVO_NAO_E_LOGIN_REAL.md","duplicado preservado em charlieecho-jus9-tecnologia-juridica:SEGURANCA/LOGIN_DEMONSTRATIVO_NAO_E_LOGIN_REAL.md"
"DELETE","logs-auditoria-jus9-tecnologia-juridica","SEGURANCA/LOGIN_DEMONSTRATIVO_NAO_E_LOGIN_REAL.md","60D8B2ED4DCA3AA3AE64A1122AA09E85676804A7DB4A49913B32C1241AF0D66D","811","charlieecho-jus9-tecnologia-juridica","SEGURANCA/LOGIN_DEMONSTRATIVO_NAO_E_LOGIN_REAL.md","duplicado preservado em charlieecho-jus9-tecnologia-juridica:SEGURANCA/LOGIN_DEMONSTRATIVO_NAO_E_LOGIN_REAL.md"
"DELETE","mvp-jus9-tecnologia-juridica","SEGURANCA/LOGIN_DEMONSTRATIVO_NAO_E_LOGIN_REAL.md","60D8B2ED4DCA3AA3AE64A1122AA09E85676804A7DB4A49913B32C1241AF0D66D","811","charlieecho-jus9-tecnologia-juridica","SEGURANCA/LOGIN_DEMONSTRATIVO_NAO_E_LOGIN_REAL.md","duplicado preservado em charlieecho-jus9-tecnologia-juridica:SEGURANCA/LOGIN_DEMONSTRATIVO_NAO_E_LOGIN_REAL.md"
"DELETE","olamundo-jus9-tecnologia-juridica","SEGURANCA/LOGIN_DEMONSTRATIVO_NAO_E_LOGIN_REAL.md","60D8B2ED4DCA3AA3AE64A1122AA09E85676804A7DB4A49913B32C1241AF0D66D","811","charlieecho-jus9-tecnologia-juridica","SEGURANCA/LOGIN_DEMONSTRATIVO_NAO_E_LOGIN_REAL.md","duplicado preservado em charlieecho-jus9-tecnologia-juridica:SEGURANCA/LOGIN_DEMONSTRATIVO_NAO_E_LOGIN_REAL.md"
"DELETE","portal-cliente-jus9-tecnologia-juridica","SEGURANCA/LOGIN_DEMONSTRATIVO_NAO_E_LOGIN_REAL.md","60D8B2ED4DCA3AA3AE64A1122AA09E85676804A7DB4A49913B32C1241AF0D66D","811","charlieecho-jus9-tecnologia-juridica","SEGURANCA/LOGIN_DEMONSTRATIVO_NAO_E_LOGIN_REAL.md","duplicado preservado em charlieecho-jus9-tecnologia-juridica:SEGURANCA/LOGIN_DEMONSTRATIVO_NAO_E_LOGIN_REAL.md"
"DELETE","primeiroformsctec","SEGURANCA/LOGIN_DEMONSTRATIVO_NAO_E_LOGIN_REAL.md","60D8B2ED4DCA3AA3AE64A1122AA09E85676804A7DB4A49913B32C1241AF0D66D","811","charlieecho-jus9-tecnologia-juridica","SEGURANCA/LOGIN_DEMONSTRATIVO_NAO_E_LOGIN_REAL.md","duplicado preservado em charlieecho-jus9-tecnologia-juridica:SEGURANCA/LOGIN_DEMONSTRATIVO_NAO_E_LOGIN_REAL.md"
"DELETE","quandoodesenhofala-jus9-tecnologia-juridica","SEGURANCA/LOGIN_DEMONSTRATIVO_NAO_E_LOGIN_REAL.md","60D8B2ED4DCA3AA3AE64A1122AA09E85676804A7DB4A49913B32C1241AF0D66D","811","charlieecho-jus9-tecnologia-juridica","SEGURANCA/LOGIN_DEMONSTRATIVO_NAO_E_LOGIN_REAL.md","duplicado preservado em charlieecho-jus9-tecnologia-juridica:SEGURANCA/LOGIN_DEMONSTRATIVO_NAO_E_LOGIN_REAL.md"
"DELETE","sctec","SEGURANCA/LOGIN_DEMONSTRATIVO_NAO_E_LOGIN_REAL.md","60D8B2ED4DCA3AA3AE64A1122AA09E85676804A7DB4A49913B32C1241AF0D66D","811","charlieecho-jus9-tecnologia-juridica","SEGURANCA/LOGIN_DEMONSTRATIVO_NAO_E_LOGIN_REAL.md","duplicado preservado em charlieecho-jus9-tecnologia-juridica:SEGURANCA/LOGIN_DEMONSTRATIVO_NAO_E_LOGIN_REAL.md"
"DELETE","workers-pages-functions-jus9-tecnologia-juridica","SEGURANCA/LOGIN_DEMONSTRATIVO_NAO_E_LOGIN_REAL.md","60D8B2ED4DCA3AA3AE64A1122AA09E85676804A7DB4A49913B32C1241AF0D66D","811","charlieecho-jus9-tecnologia-juridica","SEGURANCA/LOGIN_DEMONSTRATIVO_NAO_E_LOGIN_REAL.md","duplicado preservado em charlieecho-jus9-tecnologia-juridica:SEGURANCA/LOGIN_DEMONSTRATIVO_NAO_E_LOGIN_REAL.md"
"DELETE","admin-painel-jus9-tecnologia-juridica","ASSINATURA_E_DIREITOS_AUTORAIS.md","FCE78C6E965EB6FCFE32415443FA1193D48BB2254D4781DAB314B2E9FEE814D4","330","charlieecho-jus9-tecnologia-juridica","ASSINATURA_E_DIREITOS_AUTORAIS.md","duplicado preservado em charlieecho-jus9-tecnologia-juridica:ASSINATURA_E_DIREITOS_AUTORAIS.md"
"DELETE","Aeon-Primevo","ASSINATURA_E_DIREITOS_AUTORAIS.md","FCE78C6E965EB6FCFE32415443FA1193D48BB2254D4781DAB314B2E9FEE814D4","330","charlieecho-jus9-tecnologia-juridica","ASSINATURA_E_DIREITOS_AUTORAIS.md","duplicado preservado em charlieecho-jus9-tecnologia-juridica:ASSINATURA_E_DIREITOS_AUTORAIS.md"
"KEEP","aulas-charlie-echo-jus9-tecnologia-juridica","ASSINATURA_E_DIREITOS_AUTORAIS.md","FCE78C6E965EB6FCFE32415443FA1193D48BB2254D4781DAB314B2E9FEE814D4","330","charlieecho-jus9-tecnologia-juridica","ASSINATURA_E_DIREITOS_AUTORAIS.md","repositorio primario Charlie Echo/aulas/governanca"
"DELETE","auth-identidade-acesso-jus9-tecnologia-juridica","ASSINATURA_E_DIREITOS_AUTORAIS.md","FCE78C6E965EB6FCFE32415443FA1193D48BB2254D4781DAB314B2E9FEE814D4","330","charlieecho-jus9-tecnologia-juridica","ASSINATURA_E_DIREITOS_AUTORAIS.md","duplicado preservado em charlieecho-jus9-tecnologia-juridica:ASSINATURA_E_DIREITOS_AUTORAIS.md"
"DELETE","backend-api-jus9-tecnologia-juridica","ASSINATURA_E_DIREITOS_AUTORAIS.md","FCE78C6E965EB6FCFE32415443FA1193D48BB2254D4781DAB314B2E9FEE814D4","330","charlieecho-jus9-tecnologia-juridica","ASSINATURA_E_DIREITOS_AUTORAIS.md","duplicado preservado em charlieecho-jus9-tecnologia-juridica:ASSINATURA_E_DIREITOS_AUTORAIS.md"
"DELETE","carta-jus9-tecnologia-juridica","ASSINATURA_E_DIREITOS_AUTORAIS.md","FCE78C6E965EB6FCFE32415443FA1193D48BB2254D4781DAB314B2E9FEE814D4","330","charlieecho-jus9-tecnologia-juridica","ASSINATURA_E_DIREITOS_AUTORAIS.md","duplicado preservado em charlieecho-jus9-tecnologia-juridica:ASSINATURA_E_DIREITOS_AUTORAIS.md"
"KEEP","charlieecho-jus9-tecnologia-juridica","ASSINATURA_E_DIREITOS_AUTORAIS.md","FCE78C6E965EB6FCFE32415443FA1193D48BB2254D4781DAB314B2E9FEE814D4","330","charlieecho-jus9-tecnologia-juridica","ASSINATURA_E_DIREITOS_AUTORAIS.md","fonte primaria do grupo"
"DELETE","cofre-documentos-seguros-jus9-tecnologia-juridica","ASSINATURA_E_DIREITOS_AUTORAIS.md","FCE78C6E965EB6FCFE32415443FA1193D48BB2254D4781DAB314B2E9FEE814D4","330","charlieecho-jus9-tecnologia-juridica","ASSINATURA_E_DIREITOS_AUTORAIS.md","duplicado preservado em charlieecho-jus9-tecnologia-juridica:ASSINATURA_E_DIREITOS_AUTORAIS.md"
"DELETE","Creta","ASSINATURA_E_DIREITOS_AUTORAIS.md","FCE78C6E965EB6FCFE32415443FA1193D48BB2254D4781DAB314B2E9FEE814D4","330","charlieecho-jus9-tecnologia-juridica","ASSINATURA_E_DIREITOS_AUTORAIS.md","duplicado preservado em charlieecho-jus9-tecnologia-juridica:ASSINATURA_E_DIREITOS_AUTORAIS.md"
"DELETE","documentacao-jus9-tecnologia-juridica","ASSINATURA_E_DIREITOS_AUTORAIS.md","FCE78C6E965EB6FCFE32415443FA1193D48BB2254D4781DAB314B2E9FEE814D4","330","charlieecho-jus9-tecnologia-juridica","ASSINATURA_E_DIREITOS_AUTORAIS.md","duplicado preservado em charlieecho-jus9-tecnologia-juridica:ASSINATURA_E_DIREITOS_AUTORAIS.md"
"DELETE","equipe-jus9-tecnologia-juridica","ASSINATURA_E_DIREITOS_AUTORAIS.md","FCE78C6E965EB6FCFE32415443FA1193D48BB2254D4781DAB314B2E9FEE814D4","330","charlieecho-jus9-tecnologia-juridica","ASSINATURA_E_DIREITOS_AUTORAIS.md","duplicado preservado em charlieecho-jus9-tecnologia-juridica:ASSINATURA_E_DIREITOS_AUTORAIS.md"
"DELETE","governanca-autoorganizacao-charlie-echo-jus9-tecnologia-juridica","ASSINATURA_E_DIREITOS_AUTORAIS.md","FCE78C6E965EB6FCFE32415443FA1193D48BB2254D4781DAB314B2E9FEE814D4","330","charlieecho-jus9-tecnologia-juridica","ASSINATURA_E_DIREITOS_AUTORAIS.md","duplicado preservado em charlieecho-jus9-tecnologia-juridica:ASSINATURA_E_DIREITOS_AUTORAIS.md"
"KEEP","governanca-jus9-tecnologia-juridica","ASSINATURA_E_DIREITOS_AUTORAIS.md","FCE78C6E965EB6FCFE32415443FA1193D48BB2254D4781DAB314B2E9FEE814D4","330","charlieecho-jus9-tecnologia-juridica","ASSINATURA_E_DIREITOS_AUTORAIS.md","repositorio primario Charlie Echo/aulas/governanca"
"DELETE","ia-dupla-jus9-tecnologia-juridica","ASSINATURA_E_DIREITOS_AUTORAIS.md","FCE78C6E965EB6FCFE32415443FA1193D48BB2254D4781DAB314B2E9FEE814D4","330","charlieecho-jus9-tecnologia-juridica","ASSINATURA_E_DIREITOS_AUTORAIS.md","duplicado preservado em charlieecho-jus9-tecnologia-juridica:ASSINATURA_E_DIREITOS_AUTORAIS.md"
"DELETE","ia-profissional-orquestrador-jus9-tecnologia-juridica","ASSINATURA_E_DIREITOS_AUTORAIS.md","FCE78C6E965EB6FCFE32415443FA1193D48BB2254D4781DAB314B2E9FEE814D4","330","charlieecho-jus9-tecnologia-juridica","ASSINATURA_E_DIREITOS_AUTORAIS.md","duplicado preservado em charlieecho-jus9-tecnologia-juridica:ASSINATURA_E_DIREITOS_AUTORAIS.md"
"DELETE","infra-cloudflare-jus9-tecnologia-juridica","ASSINATURA_E_DIREITOS_AUTORAIS.md","FCE78C6E965EB6FCFE32415443FA1193D48BB2254D4781DAB314B2E9FEE814D4","330","charlieecho-jus9-tecnologia-juridica","ASSINATURA_E_DIREITOS_AUTORAIS.md","duplicado preservado em charlieecho-jus9-tecnologia-juridica:ASSINATURA_E_DIREITOS_AUTORAIS.md"
"DELETE","introducaocss","ASSINATURA_E_DIREITOS_AUTORAIS.md","FCE78C6E965EB6FCFE32415443FA1193D48BB2254D4781DAB314B2E9FEE814D4","330","charlieecho-jus9-tecnologia-juridica","ASSINATURA_E_DIREITOS_AUTORAIS.md","duplicado preservado em charlieecho-jus9-tecnologia-juridica:ASSINATURA_E_DIREITOS_AUTORAIS.md"
"DELETE","investimentos-jus9-tecnologia-juridica","ASSINATURA_E_DIREITOS_AUTORAIS.md","FCE78C6E965EB6FCFE32415443FA1193D48BB2254D4781DAB314B2E9FEE814D4","330","charlieecho-jus9-tecnologia-juridica","ASSINATURA_E_DIREITOS_AUTORAIS.md","duplicado preservado em charlieecho-jus9-tecnologia-juridica:ASSINATURA_E_DIREITOS_AUTORAIS.md"
"DELETE","juridico-virtual-jus9-tecnologia-juridica","ASSINATURA_E_DIREITOS_AUTORAIS.md","FCE78C6E965EB6FCFE32415443FA1193D48BB2254D4781DAB314B2E9FEE814D4","330","charlieecho-jus9-tecnologia-juridica","ASSINATURA_E_DIREITOS_AUTORAIS.md","duplicado preservado em charlieecho-jus9-tecnologia-juridica:ASSINATURA_E_DIREITOS_AUTORAIS.md"
"DELETE","jus9-tecnologia-juridica","ASSINATURA_E_DIREITOS_AUTORAIS.md","FCE78C6E965EB6FCFE32415443FA1193D48BB2254D4781DAB314B2E9FEE814D4","330","charlieecho-jus9-tecnologia-juridica","ASSINATURA_E_DIREITOS_AUTORAIS.md","duplicado preservado em charlieecho-jus9-tecnologia-juridica:ASSINATURA_E_DIREITOS_AUTORAIS.md"
"DELETE","jus9verde-jus9-tecnologia-juridica","ASSINATURA_E_DIREITOS_AUTORAIS.md","FCE78C6E965EB6FCFE32415443FA1193D48BB2254D4781DAB314B2E9FEE814D4","330","charlieecho-jus9-tecnologia-juridica","ASSINATURA_E_DIREITOS_AUTORAIS.md","duplicado preservado em charlieecho-jus9-tecnologia-juridica:ASSINATURA_E_DIREITOS_AUTORAIS.md"
"DELETE","laboratorio-jus9-tecnologia-juridica","ASSINATURA_E_DIREITOS_AUTORAIS.md","FCE78C6E965EB6FCFE32415443FA1193D48BB2254D4781DAB314B2E9FEE814D4","330","charlieecho-jus9-tecnologia-juridica","ASSINATURA_E_DIREITOS_AUTORAIS.md","duplicado preservado em charlieecho-jus9-tecnologia-juridica:ASSINATURA_E_DIREITOS_AUTORAIS.md"
"DELETE","livros-jus9-tecnologia-juridica","ASSINATURA_E_DIREITOS_AUTORAIS.md","FCE78C6E965EB6FCFE32415443FA1193D48BB2254D4781DAB314B2E9FEE814D4","330","charlieecho-jus9-tecnologia-juridica","ASSINATURA_E_DIREITOS_AUTORAIS.md","duplicado preservado em charlieecho-jus9-tecnologia-juridica:ASSINATURA_E_DIREITOS_AUTORAIS.md"
"DELETE","logs-auditoria-jus9-tecnologia-juridica","ASSINATURA_E_DIREITOS_AUTORAIS.md","FCE78C6E965EB6FCFE32415443FA1193D48BB2254D4781DAB314B2E9FEE814D4","330","charlieecho-jus9-tecnologia-juridica","ASSINATURA_E_DIREITOS_AUTORAIS.md","duplicado preservado em charlieecho-jus9-tecnologia-juridica:ASSINATURA_E_DIREITOS_AUTORAIS.md"
"DELETE","mvp-jus9-tecnologia-juridica","ASSINATURA_E_DIREITOS_AUTORAIS.md","FCE78C6E965EB6FCFE32415443FA1193D48BB2254D4781DAB314B2E9FEE814D4","330","charlieecho-jus9-tecnologia-juridica","ASSINATURA_E_DIREITOS_AUTORAIS.md","duplicado preservado em charlieecho-jus9-tecnologia-juridica:ASSINATURA_E_DIREITOS_AUTORAIS.md"
"DELETE","olamundo-jus9-tecnologia-juridica","ASSINATURA_E_DIREITOS_AUTORAIS.md","FCE78C6E965EB6FCFE32415443FA1193D48BB2254D4781DAB314B2E9FEE814D4","330","charlieecho-jus9-tecnologia-juridica","ASSINATURA_E_DIREITOS_AUTORAIS.md","duplicado preservado em charlieecho-jus9-tecnologia-juridica:ASSINATURA_E_DIREITOS_AUTORAIS.md"
"DELETE","portal-cliente-jus9-tecnologia-juridica","ASSINATURA_E_DIREITOS_AUTORAIS.md","FCE78C6E965EB6FCFE32415443FA1193D48BB2254D4781DAB314B2E9FEE814D4","330","charlieecho-jus9-tecnologia-juridica","ASSINATURA_E_DIREITOS_AUTORAIS.md","duplicado preservado em charlieecho-jus9-tecnologia-juridica:ASSINATURA_E_DIREITOS_AUTORAIS.md"
"DELETE","primeiroformsctec","ASSINATURA_E_DIREITOS_AUTORAIS.md","FCE78C6E965EB6FCFE32415443FA1193D48BB2254D4781DAB314B2E9FEE814D4","330","charlieecho-jus9-tecnologia-juridica","ASSINATURA_E_DIREITOS_AUTORAIS.md","duplicado preservado em charlieecho-jus9-tecnologia-juridica:ASSINATURA_E_DIREITOS_AUTORAIS.md"
"DELETE","quandoodesenhofala-jus9-tecnologia-juridica","ASSINATURA_E_DIREITOS_AUTORAIS.md","FCE78C6E965EB6FCFE32415443FA1193D48BB2254D4781DAB314B2E9FEE814D4","330","charlieecho-jus9-tecnologia-juridica","ASSINATURA_E_DIREITOS_AUTORAIS.md","duplicado preservado em charlieecho-jus9-tecnologia-juridica:ASSINATURA_E_DIREITOS_AUTORAIS.md"
"DELETE","sctec","ASSINATURA_E_DIREITOS_AUTORAIS.md","FCE78C6E965EB6FCFE32415443FA1193D48BB2254D4781DAB314B2E9FEE814D4","330","charlieecho-jus9-tecnologia-juridica","ASSINATURA_E_DIREITOS_AUTORAIS.md","duplicado preservado em charlieecho-jus9-tecnologia-juridica:ASSINATURA_E_DIREITOS_AUTORAIS.md"
"DELETE","workers-pages-functions-jus9-tecnologia-juridica","ASSINATURA_E_DIREITOS_AUTORAIS.md","FCE78C6E965EB6FCFE32415443FA1193D48BB2254D4781DAB314B2E9FEE814D4","330","charlieecho-jus9-tecnologia-juridica","ASSINATURA_E_DIREITOS_AUTORAIS.md","duplicado preservado em charlieecho-jus9-tecnologia-juridica:ASSINATURA_E_DIREITOS_AUTORAIS.md"
"DELETE","admin-painel-jus9-tecnologia-juridica","VERSIONAMENTO_VISUAL_MVP_FASE1_v2_2.md","0FD3BA9F43DD2DAA76D152DFF9E42A87A79B7071D9B6D9FCFD20CDB42F61300E","299","charlieecho-jus9-tecnologia-juridica","VERSIONAMENTO_VISUAL_MVP_FASE1_v2_2.md","duplicado preservado em charlieecho-jus9-tecnologia-juridica:VERSIONAMENTO_VISUAL_MVP_FASE1_v2_2.md"
"DELETE","Aeon-Primevo","VERSIONAMENTO_VISUAL_MVP_FASE1_v2_2.md","0FD3BA9F43DD2DAA76D152DFF9E42A87A79B7071D9B6D9FCFD20CDB42F61300E","299","charlieecho-jus9-tecnologia-juridica","VERSIONAMENTO_VISUAL_MVP_FASE1_v2_2.md","duplicado preservado em charlieecho-jus9-tecnologia-juridica:VERSIONAMENTO_VISUAL_MVP_FASE1_v2_2.md"
"KEEP","aulas-charlie-echo-jus9-tecnologia-juridica","VERSIONAMENTO_VISUAL_MVP_FASE1_v2_2.md","0FD3BA9F43DD2DAA76D152DFF9E42A87A79B7071D9B6D9FCFD20CDB42F61300E","299","charlieecho-jus9-tecnologia-juridica","VERSIONAMENTO_VISUAL_MVP_FASE1_v2_2.md","repositorio primario Charlie Echo/aulas/governanca"
"DELETE","auth-identidade-acesso-jus9-tecnologia-juridica","VERSIONAMENTO_VISUAL_MVP_FASE1_v2_2.md","0FD3BA9F43DD2DAA76D152DFF9E42A87A79B7071D9B6D9FCFD20CDB42F61300E","299","charlieecho-jus9-tecnologia-juridica","VERSIONAMENTO_VISUAL_MVP_FASE1_v2_2.md","duplicado preservado em charlieecho-jus9-tecnologia-juridica:VERSIONAMENTO_VISUAL_MVP_FASE1_v2_2.md"
"DELETE","backend-api-jus9-tecnologia-juridica","VERSIONAMENTO_VISUAL_MVP_FASE1_v2_2.md","0FD3BA9F43DD2DAA76D152DFF9E42A87A79B7071D9B6D9FCFD20CDB42F61300E","299","charlieecho-jus9-tecnologia-juridica","VERSIONAMENTO_VISUAL_MVP_FASE1_v2_2.md","duplicado preservado em charlieecho-jus9-tecnologia-juridica:VERSIONAMENTO_VISUAL_MVP_FASE1_v2_2.md"
"DELETE","carta-jus9-tecnologia-juridica","VERSIONAMENTO_VISUAL_MVP_FASE1_v2_2.md","0FD3BA9F43DD2DAA76D152DFF9E42A87A79B7071D9B6D9FCFD20CDB42F61300E","299","charlieecho-jus9-tecnologia-juridica","VERSIONAMENTO_VISUAL_MVP_FASE1_v2_2.md","duplicado preservado em charlieecho-jus9-tecnologia-juridica:VERSIONAMENTO_VISUAL_MVP_FASE1_v2_2.md"
"KEEP","charlieecho-jus9-tecnologia-juridica","VERSIONAMENTO_VISUAL_MVP_FASE1_v2_2.md","0FD3BA9F43DD2DAA76D152DFF9E42A87A79B7071D9B6D9FCFD20CDB42F61300E","299","charlieecho-jus9-tecnologia-juridica","VERSIONAMENTO_VISUAL_MVP_FASE1_v2_2.md","fonte primaria do grupo"
"DELETE","cofre-documentos-seguros-jus9-tecnologia-juridica","VERSIONAMENTO_VISUAL_MVP_FASE1_v2_2.md","0FD3BA9F43DD2DAA76D152DFF9E42A87A79B7071D9B6D9FCFD20CDB42F61300E","299","charlieecho-jus9-tecnologia-juridica","VERSIONAMENTO_VISUAL_MVP_FASE1_v2_2.md","duplicado preservado em charlieecho-jus9-tecnologia-juridica:VERSIONAMENTO_VISUAL_MVP_FASE1_v2_2.md"
"DELETE","Creta","VERSIONAMENTO_VISUAL_MVP_FASE1_v2_2.md","0FD3BA9F43DD2DAA76D152DFF9E42A87A79B7071D9B6D9FCFD20CDB42F61300E","299","charlieecho-jus9-tecnologia-juridica","VERSIONAMENTO_VISUAL_MVP_FASE1_v2_2.md","duplicado preservado em charlieecho-jus9-tecnologia-juridica:VERSIONAMENTO_VISUAL_MVP_FASE1_v2_2.md"
"DELETE","documentacao-jus9-tecnologia-juridica","VERSIONAMENTO_VISUAL_MVP_FASE1_v2_2.md","0FD3BA9F43DD2DAA76D152DFF9E42A87A79B7071D9B6D9FCFD20CDB42F61300E","299","charlieecho-jus9-tecnologia-juridica","VERSIONAMENTO_VISUAL_MVP_FASE1_v2_2.md","duplicado preservado em charlieecho-jus9-tecnologia-juridica:VERSIONAMENTO_VISUAL_MVP_FASE1_v2_2.md"
"DELETE","equipe-jus9-tecnologia-juridica","VERSIONAMENTO_VISUAL_MVP_FASE1_v2_2.md","0FD3BA9F43DD2DAA76D152DFF9E42A87A79B7071D9B6D9FCFD20CDB42F61300E","299","charlieecho-jus9-tecnologia-juridica","VERSIONAMENTO_VISUAL_MVP_FASE1_v2_2.md","duplicado preservado em charlieecho-jus9-tecnologia-juridica:VERSIONAMENTO_VISUAL_MVP_FASE1_v2_2.md"
"DELETE","governanca-autoorganizacao-charlie-echo-jus9-tecnologia-juridica","VERSIONAMENTO_VISUAL_MVP_FASE1_v2_2.md","0FD3BA9F43DD2DAA76D152DFF9E42A87A79B7071D9B6D9FCFD20CDB42F61300E","299","charlieecho-jus9-tecnologia-juridica","VERSIONAMENTO_VISUAL_MVP_FASE1_v2_2.md","duplicado preservado em charlieecho-jus9-tecnologia-juridica:VERSIONAMENTO_VISUAL_MVP_FASE1_v2_2.md"
"KEEP","governanca-jus9-tecnologia-juridica","VERSIONAMENTO_VISUAL_MVP_FASE1_v2_2.md","0FD3BA9F43DD2DAA76D152DFF9E42A87A79B7071D9B6D9FCFD20CDB42F61300E","299","charlieecho-jus9-tecnologia-juridica","VERSIONAMENTO_VISUAL_MVP_FASE1_v2_2.md","repositorio primario Charlie Echo/aulas/governanca"
"DELETE","ia-dupla-jus9-tecnologia-juridica","VERSIONAMENTO_VISUAL_MVP_FASE1_v2_2.md","0FD3BA9F43DD2DAA76D152DFF9E42A87A79B7071D9B6D9FCFD20CDB42F61300E","299","charlieecho-jus9-tecnologia-juridica","VERSIONAMENTO_VISUAL_MVP_FASE1_v2_2.md","duplicado preservado em charlieecho-jus9-tecnologia-juridica:VERSIONAMENTO_VISUAL_MVP_FASE1_v2_2.md"
"DELETE","ia-profissional-orquestrador-jus9-tecnologia-juridica","VERSIONAMENTO_VISUAL_MVP_FASE1_v2_2.md","0FD3BA9F43DD2DAA76D152DFF9E42A87A79B7071D9B6D9FCFD20CDB42F61300E","299","charlieecho-jus9-tecnologia-juridica","VERSIONAMENTO_VISUAL_MVP_FASE1_v2_2.md","duplicado preservado em charlieecho-jus9-tecnologia-juridica:VERSIONAMENTO_VISUAL_MVP_FASE1_v2_2.md"
"DELETE","infra-cloudflare-jus9-tecnologia-juridica","VERSIONAMENTO_VISUAL_MVP_FASE1_v2_2.md","0FD3BA9F43DD2DAA76D152DFF9E42A87A79B7071D9B6D9FCFD20CDB42F61300E","299","charlieecho-jus9-tecnologia-juridica","VERSIONAMENTO_VISUAL_MVP_FASE1_v2_2.md","duplicado preservado em charlieecho-jus9-tecnologia-juridica:VERSIONAMENTO_VISUAL_MVP_FASE1_v2_2.md"
"DELETE","introducaocss","VERSIONAMENTO_VISUAL_MVP_FASE1_v2_2.md","0FD3BA9F43DD2DAA76D152DFF9E42A87A79B7071D9B6D9FCFD20CDB42F61300E","299","charlieecho-jus9-tecnologia-juridica","VERSIONAMENTO_VISUAL_MVP_FASE1_v2_2.md","duplicado preservado em charlieecho-jus9-tecnologia-juridica:VERSIONAMENTO_VISUAL_MVP_FASE1_v2_2.md"
"DELETE","investimentos-jus9-tecnologia-juridica","VERSIONAMENTO_VISUAL_MVP_FASE1_v2_2.md","0FD3BA9F43DD2DAA76D152DFF9E42A87A79B7071D9B6D9FCFD20CDB42F61300E","299","charlieecho-jus9-tecnologia-juridica","VERSIONAMENTO_VISUAL_MVP_FASE1_v2_2.md","duplicado preservado em charlieecho-jus9-tecnologia-juridica:VERSIONAMENTO_VISUAL_MVP_FASE1_v2_2.md"
"DELETE","juridico-virtual-jus9-tecnologia-juridica","VERSIONAMENTO_VISUAL_MVP_FASE1_v2_2.md","0FD3BA9F43DD2DAA76D152DFF9E42A87A79B7071D9B6D9FCFD20CDB42F61300E","299","charlieecho-jus9-tecnologia-juridica","VERSIONAMENTO_VISUAL_MVP_FASE1_v2_2.md","duplicado preservado em charlieecho-jus9-tecnologia-juridica:VERSIONAMENTO_VISUAL_MVP_FASE1_v2_2.md"
"DELETE","jus9-tecnologia-juridica","VERSIONAMENTO_VISUAL_MVP_FASE1_v2_2.md","0FD3BA9F43DD2DAA76D152DFF9E42A87A79B7071D9B6D9FCFD20CDB42F61300E","299","charlieecho-jus9-tecnologia-juridica","VERSIONAMENTO_VISUAL_MVP_FASE1_v2_2.md","duplicado preservado em charlieecho-jus9-tecnologia-juridica:VERSIONAMENTO_VISUAL_MVP_FASE1_v2_2.md"
"DELETE","jus9verde-jus9-tecnologia-juridica","VERSIONAMENTO_VISUAL_MVP_FASE1_v2_2.md","0FD3BA9F43DD2DAA76D152DFF9E42A87A79B7071D9B6D9FCFD20CDB42F61300E","299","charlieecho-jus9-tecnologia-juridica","VERSIONAMENTO_VISUAL_MVP_FASE1_v2_2.md","duplicado preservado em charlieecho-jus9-tecnologia-juridica:VERSIONAMENTO_VISUAL_MVP_FASE1_v2_2.md"
"DELETE","laboratorio-jus9-tecnologia-juridica","VERSIONAMENTO_VISUAL_MVP_FASE1_v2_2.md","0FD3BA9F43DD2DAA76D152DFF9E42A87A79B7071D9B6D9FCFD20CDB42F61300E","299","charlieecho-jus9-tecnologia-juridica","VERSIONAMENTO_VISUAL_MVP_FASE1_v2_2.md","duplicado preservado em charlieecho-jus9-tecnologia-juridica:VERSIONAMENTO_VISUAL_MVP_FASE1_v2_2.md"
"DELETE","livros-jus9-tecnologia-juridica","VERSIONAMENTO_VISUAL_MVP_FASE1_v2_2.md","0FD3BA9F43DD2DAA76D152DFF9E42A87A79B7071D9B6D9FCFD20CDB42F61300E","299","charlieecho-jus9-tecnologia-juridica","VERSIONAMENTO_VISUAL_MVP_FASE1_v2_2.md","duplicado preservado em charlieecho-jus9-tecnologia-juridica:VERSIONAMENTO_VISUAL_MVP_FASE1_v2_2.md"
"DELETE","logs-auditoria-jus9-tecnologia-juridica","VERSIONAMENTO_VISUAL_MVP_FASE1_v2_2.md","0FD3BA9F43DD2DAA76D152DFF9E42A87A79B7071D9B6D9FCFD20CDB42F61300E","299","charlieecho-jus9-tecnologia-juridica","VERSIONAMENTO_VISUAL_MVP_FASE1_v2_2.md","duplicado preservado em charlieecho-jus9-tecnologia-juridica:VERSIONAMENTO_VISUAL_MVP_FASE1_v2_2.md"
"DELETE","mvp-jus9-tecnologia-juridica","VERSIONAMENTO_VISUAL_MVP_FASE1_v2_2.md","0FD3BA9F43DD2DAA76D152DFF9E42A87A79B7071D9B6D9FCFD20CDB42F61300E","299","charlieecho-jus9-tecnologia-juridica","VERSIONAMENTO_VISUAL_MVP_FASE1_v2_2.md","duplicado preservado em charlieecho-jus9-tecnologia-juridica:VERSIONAMENTO_VISUAL_MVP_FASE1_v2_2.md"
"DELETE","olamundo-jus9-tecnologia-juridica","VERSIONAMENTO_VISUAL_MVP_FASE1_v2_2.md","0FD3BA9F43DD2DAA76D152DFF9E42A87A79B7071D9B6D9FCFD20CDB42F61300E","299","charlieecho-jus9-tecnologia-juridica","VERSIONAMENTO_VISUAL_MVP_FASE1_v2_2.md","duplicado preservado em charlieecho-jus9-tecnologia-juridica:VERSIONAMENTO_VISUAL_MVP_FASE1_v2_2.md"
"DELETE","portal-cliente-jus9-tecnologia-juridica","VERSIONAMENTO_VISUAL_MVP_FASE1_v2_2.md","0FD3BA9F43DD2DAA76D152DFF9E42A87A79B7071D9B6D9FCFD20CDB42F61300E","299","charlieecho-jus9-tecnologia-juridica","VERSIONAMENTO_VISUAL_MVP_FASE1_v2_2.md","duplicado preservado em charlieecho-jus9-tecnologia-juridica:VERSIONAMENTO_VISUAL_MVP_FASE1_v2_2.md"
"DELETE","primeiroformsctec","VERSIONAMENTO_VISUAL_MVP_FASE1_v2_2.md","0FD3BA9F43DD2DAA76D152DFF9E42A87A79B7071D9B6D9FCFD20CDB42F61300E","299","charlieecho-jus9-tecnologia-juridica","VERSIONAMENTO_VISUAL_MVP_FASE1_v2_2.md","duplicado preservado em charlieecho-jus9-tecnologia-juridica:VERSIONAMENTO_VISUAL_MVP_FASE1_v2_2.md"
"DELETE","quandoodesenhofala-jus9-tecnologia-juridica","VERSIONAMENTO_VISUAL_MVP_FASE1_v2_2.md","0FD3BA9F43DD2DAA76D152DFF9E42A87A79B7071D9B6D9FCFD20CDB42F61300E","299","charlieecho-jus9-tecnologia-juridica","VERSIONAMENTO_VISUAL_MVP_FASE1_v2_2.md","duplicado preservado em charlieecho-jus9-tecnologia-juridica:VERSIONAMENTO_VISUAL_MVP_FASE1_v2_2.md"
"DELETE","sctec","VERSIONAMENTO_VISUAL_MVP_FASE1_v2_2.md","0FD3BA9F43DD2DAA76D152DFF9E42A87A79B7071D9B6D9FCFD20CDB42F61300E","299","charlieecho-jus9-tecnologia-juridica","VERSIONAMENTO_VISUAL_MVP_FASE1_v2_2.md","duplicado preservado em charlieecho-jus9-tecnologia-juridica:VERSIONAMENTO_VISUAL_MVP_FASE1_v2_2.md"
"DELETE","workers-pages-functions-jus9-tecnologia-juridica","VERSIONAMENTO_VISUAL_MVP_FASE1_v2_2.md","0FD3BA9F43DD2DAA76D152DFF9E42A87A79B7071D9B6D9FCFD20CDB42F61300E","299","charlieecho-jus9-tecnologia-juridica","VERSIONAMENTO_VISUAL_MVP_FASE1_v2_2.md","duplicado preservado em charlieecho-jus9-tecnologia-juridica:VERSIONAMENTO_VISUAL_MVP_FASE1_v2_2.md"
"DELETE","admin-painel-jus9-tecnologia-juridica","GOVERNANCA/JURAMENTO_PROFISSIONAL_CHARLIE_ECHO_DA_COSTA.md","36608142BF912036A4D3B62C798B570A8DA7256EB22922A31FE79BF688C1D68F","7138","aulas-charlie-echo-jus9-tecnologia-juridica","GOVERNANCA/JURAMENTO_PROFISSIONAL_CHARLIE_ECHO_DA_COSTA.md","duplicado preservado em aulas-charlie-echo-jus9-tecnologia-juridica:GOVERNANCA/JURAMENTO_PROFISSIONAL_CHARLIE_ECHO_DA_COSTA.md"
"DELETE","Aeon-Primevo","GOVERNANCA/JURAMENTO_PROFISSIONAL_CHARLIE_ECHO_DA_COSTA.md","36608142BF912036A4D3B62C798B570A8DA7256EB22922A31FE79BF688C1D68F","7138","aulas-charlie-echo-jus9-tecnologia-juridica","GOVERNANCA/JURAMENTO_PROFISSIONAL_CHARLIE_ECHO_DA_COSTA.md","duplicado preservado em aulas-charlie-echo-jus9-tecnologia-juridica:GOVERNANCA/JURAMENTO_PROFISSIONAL_CHARLIE_ECHO_DA_COSTA.md"
"KEEP","aulas-charlie-echo-jus9-tecnologia-juridica","GOVERNANCA/JURAMENTO_PROFISSIONAL_CHARLIE_ECHO_DA_COSTA.md","36608142BF912036A4D3B62C798B570A8DA7256EB22922A31FE79BF688C1D68F","7138","aulas-charlie-echo-jus9-tecnologia-juridica","GOVERNANCA/JURAMENTO_PROFISSIONAL_CHARLIE_ECHO_DA_COSTA.md","fonte primaria do grupo"
"DELETE","auth-identidade-acesso-jus9-tecnologia-juridica","GOVERNANCA/JURAMENTO_PROFISSIONAL_CHARLIE_ECHO_DA_COSTA.md","36608142BF912036A4D3B62C798B570A8DA7256EB22922A31FE79BF688C1D68F","7138","aulas-charlie-echo-jus9-tecnologia-juridica","GOVERNANCA/JURAMENTO_PROFISSIONAL_CHARLIE_ECHO_DA_COSTA.md","duplicado preservado em aulas-charlie-echo-jus9-tecnologia-juridica:GOVERNANCA/JURAMENTO_PROFISSIONAL_CHARLIE_ECHO_DA_COSTA.md"
"DELETE","backend-api-jus9-tecnologia-juridica","GOVERNANCA/JURAMENTO_PROFISSIONAL_CHARLIE_ECHO_DA_COSTA.md","36608142BF912036A4D3B62C798B570A8DA7256EB22922A31FE79BF688C1D68F","7138","aulas-charlie-echo-jus9-tecnologia-juridica","GOVERNANCA/JURAMENTO_PROFISSIONAL_CHARLIE_ECHO_DA_COSTA.md","duplicado preservado em aulas-charlie-echo-jus9-tecnologia-juridica:GOVERNANCA/JURAMENTO_PROFISSIONAL_CHARLIE_ECHO_DA_COSTA.md"
"DELETE","carta-jus9-tecnologia-juridica","GOVERNANCA/JURAMENTO_PROFISSIONAL_CHARLIE_ECHO_DA_COSTA.md","36608142BF912036A4D3B62C798B570A8DA7256EB22922A31FE79BF688C1D68F","7138","aulas-charlie-echo-jus9-tecnologia-juridica","GOVERNANCA/JURAMENTO_PROFISSIONAL_CHARLIE_ECHO_DA_COSTA.md","duplicado preservado em aulas-charlie-echo-jus9-tecnologia-juridica:GOVERNANCA/JURAMENTO_PROFISSIONAL_CHARLIE_ECHO_DA_COSTA.md"
"KEEP","cofre-documentos-seguros-jus9-tecnologia-juridica","GOVERNANCA/JURAMENTO_PROFISSIONAL_CHARLIE_ECHO_DA_COSTA.md","36608142BF912036A4D3B62C798B570A8DA7256EB22922A31FE79BF688C1D68F","7138","aulas-charlie-echo-jus9-tecnologia-juridica","GOVERNANCA/JURAMENTO_PROFISSIONAL_CHARLIE_ECHO_DA_COSTA.md","copia sensivel/cofre preservada"
"DELETE","Creta","GOVERNANCA/JURAMENTO_PROFISSIONAL_CHARLIE_ECHO_DA_COSTA.md","36608142BF912036A4D3B62C798B570A8DA7256EB22922A31FE79BF688C1D68F","7138","aulas-charlie-echo-jus9-tecnologia-juridica","GOVERNANCA/JURAMENTO_PROFISSIONAL_CHARLIE_ECHO_DA_COSTA.md","duplicado preservado em aulas-charlie-echo-jus9-tecnologia-juridica:GOVERNANCA/JURAMENTO_PROFISSIONAL_CHARLIE_ECHO_DA_COSTA.md"
"DELETE","documentacao-jus9-tecnologia-juridica","GOVERNANCA/JURAMENTO_PROFISSIONAL_CHARLIE_ECHO_DA_COSTA.md","36608142BF912036A4D3B62C798B570A8DA7256EB22922A31FE79BF688C1D68F","7138","aulas-charlie-echo-jus9-tecnologia-juridica","GOVERNANCA/JURAMENTO_PROFISSIONAL_CHARLIE_ECHO_DA_COSTA.md","duplicado preservado em aulas-charlie-echo-jus9-tecnologia-juridica:GOVERNANCA/JURAMENTO_PROFISSIONAL_CHARLIE_ECHO_DA_COSTA.md"
"DELETE","equipe-jus9-tecnologia-juridica","GOVERNANCA/JURAMENTO_PROFISSIONAL_CHARLIE_ECHO_DA_COSTA.md","36608142BF912036A4D3B62C798B570A8DA7256EB22922A31FE79BF688C1D68F","7138","aulas-charlie-echo-jus9-tecnologia-juridica","GOVERNANCA/JURAMENTO_PROFISSIONAL_CHARLIE_ECHO_DA_COSTA.md","duplicado preservado em aulas-charlie-echo-jus9-tecnologia-juridica:GOVERNANCA/JURAMENTO_PROFISSIONAL_CHARLIE_ECHO_DA_COSTA.md"
"DELETE","governanca-autoorganizacao-charlie-echo-jus9-tecnologia-juridica","GOVERNANCA/JURAMENTO_PROFISSIONAL_CHARLIE_ECHO_DA_COSTA.md","36608142BF912036A4D3B62C798B570A8DA7256EB22922A31FE79BF688C1D68F","7138","aulas-charlie-echo-jus9-tecnologia-juridica","GOVERNANCA/JURAMENTO_PROFISSIONAL_CHARLIE_ECHO_DA_COSTA.md","duplicado preservado em aulas-charlie-echo-jus9-tecnologia-juridica:GOVERNANCA/JURAMENTO_PROFISSIONAL_CHARLIE_ECHO_DA_COSTA.md"
"KEEP","governanca-jus9-tecnologia-juridica","GOVERNANCA/JURAMENTO_PROFISSIONAL_CHARLIE_ECHO_DA_COSTA.md","36608142BF912036A4D3B62C798B570A8DA7256EB22922A31FE79BF688C1D68F","7138","aulas-charlie-echo-jus9-tecnologia-juridica","GOVERNANCA/JURAMENTO_PROFISSIONAL_CHARLIE_ECHO_DA_COSTA.md","repositorio primario Charlie Echo/aulas/governanca"
"DELETE","ia-dupla-jus9-tecnologia-juridica","GOVERNANCA/JURAMENTO_PROFISSIONAL_CHARLIE_ECHO_DA_COSTA.md","36608142BF912036A4D3B62C798B570A8DA7256EB22922A31FE79BF688C1D68F","7138","aulas-charlie-echo-jus9-tecnologia-juridica","GOVERNANCA/JURAMENTO_PROFISSIONAL_CHARLIE_ECHO_DA_COSTA.md","duplicado preservado em aulas-charlie-echo-jus9-tecnologia-juridica:GOVERNANCA/JURAMENTO_PROFISSIONAL_CHARLIE_ECHO_DA_COSTA.md"
"DELETE","ia-profissional-orquestrador-jus9-tecnologia-juridica","GOVERNANCA/JURAMENTO_PROFISSIONAL_CHARLIE_ECHO_DA_COSTA.md","36608142BF912036A4D3B62C798B570A8DA7256EB22922A31FE79BF688C1D68F","7138","aulas-charlie-echo-jus9-tecnologia-juridica","GOVERNANCA/JURAMENTO_PROFISSIONAL_CHARLIE_ECHO_DA_COSTA.md","duplicado preservado em aulas-charlie-echo-jus9-tecnologia-juridica:GOVERNANCA/JURAMENTO_PROFISSIONAL_CHARLIE_ECHO_DA_COSTA.md"
"DELETE","infra-cloudflare-jus9-tecnologia-juridica","GOVERNANCA/JURAMENTO_PROFISSIONAL_CHARLIE_ECHO_DA_COSTA.md","36608142BF912036A4D3B62C798B570A8DA7256EB22922A31FE79BF688C1D68F","7138","aulas-charlie-echo-jus9-tecnologia-juridica","GOVERNANCA/JURAMENTO_PROFISSIONAL_CHARLIE_ECHO_DA_COSTA.md","duplicado preservado em aulas-charlie-echo-jus9-tecnologia-juridica:GOVERNANCA/JURAMENTO_PROFISSIONAL_CHARLIE_ECHO_DA_COSTA.md"
"DELETE","introducaocss","GOVERNANCA/JURAMENTO_PROFISSIONAL_CHARLIE_ECHO_DA_COSTA.md","36608142BF912036A4D3B62C798B570A8DA7256EB22922A31FE79BF688C1D68F","7138","aulas-charlie-echo-jus9-tecnologia-juridica","GOVERNANCA/JURAMENTO_PROFISSIONAL_CHARLIE_ECHO_DA_COSTA.md","duplicado preservado em aulas-charlie-echo-jus9-tecnologia-juridica:GOVERNANCA/JURAMENTO_PROFISSIONAL_CHARLIE_ECHO_DA_COSTA.md"
"DELETE","investimentos-jus9-tecnologia-juridica","GOVERNANCA/JURAMENTO_PROFISSIONAL_CHARLIE_ECHO_DA_COSTA.md","36608142BF912036A4D3B62C798B570A8DA7256EB22922A31FE79BF688C1D68F","7138","aulas-charlie-echo-jus9-tecnologia-juridica","GOVERNANCA/JURAMENTO_PROFISSIONAL_CHARLIE_ECHO_DA_COSTA.md","duplicado preservado em aulas-charlie-echo-jus9-tecnologia-juridica:GOVERNANCA/JURAMENTO_PROFISSIONAL_CHARLIE_ECHO_DA_COSTA.md"
"DELETE","juridico-virtual-jus9-tecnologia-juridica","GOVERNANCA/JURAMENTO_PROFISSIONAL_CHARLIE_ECHO_DA_COSTA.md","36608142BF912036A4D3B62C798B570A8DA7256EB22922A31FE79BF688C1D68F","7138","aulas-charlie-echo-jus9-tecnologia-juridica","GOVERNANCA/JURAMENTO_PROFISSIONAL_CHARLIE_ECHO_DA_COSTA.md","duplicado preservado em aulas-charlie-echo-jus9-tecnologia-juridica:GOVERNANCA/JURAMENTO_PROFISSIONAL_CHARLIE_ECHO_DA_COSTA.md"
"DELETE","jus9-tecnologia-juridica","GOVERNANCA/JURAMENTO_PROFISSIONAL_CHARLIE_ECHO_DA_COSTA.md","36608142BF912036A4D3B62C798B570A8DA7256EB22922A31FE79BF688C1D68F","7138","aulas-charlie-echo-jus9-tecnologia-juridica","GOVERNANCA/JURAMENTO_PROFISSIONAL_CHARLIE_ECHO_DA_COSTA.md","duplicado preservado em aulas-charlie-echo-jus9-tecnologia-juridica:GOVERNANCA/JURAMENTO_PROFISSIONAL_CHARLIE_ECHO_DA_COSTA.md"
"DELETE","jus9verde-jus9-tecnologia-juridica","GOVERNANCA/JURAMENTO_PROFISSIONAL_CHARLIE_ECHO_DA_COSTA.md","36608142BF912036A4D3B62C798B570A8DA7256EB22922A31FE79BF688C1D68F","7138","aulas-charlie-echo-jus9-tecnologia-juridica","GOVERNANCA/JURAMENTO_PROFISSIONAL_CHARLIE_ECHO_DA_COSTA.md","duplicado preservado em aulas-charlie-echo-jus9-tecnologia-juridica:GOVERNANCA/JURAMENTO_PROFISSIONAL_CHARLIE_ECHO_DA_COSTA.md"
"DELETE","laboratorio-jus9-tecnologia-juridica","GOVERNANCA/JURAMENTO_PROFISSIONAL_CHARLIE_ECHO_DA_COSTA.md","36608142BF912036A4D3B62C798B570A8DA7256EB22922A31FE79BF688C1D68F","7138","aulas-charlie-echo-jus9-tecnologia-juridica","GOVERNANCA/JURAMENTO_PROFISSIONAL_CHARLIE_ECHO_DA_COSTA.md","duplicado preservado em aulas-charlie-echo-jus9-tecnologia-juridica:GOVERNANCA/JURAMENTO_PROFISSIONAL_CHARLIE_ECHO_DA_COSTA.md"
"DELETE","livros-jus9-tecnologia-juridica","GOVERNANCA/JURAMENTO_PROFISSIONAL_CHARLIE_ECHO_DA_COSTA.md","36608142BF912036A4D3B62C798B570A8DA7256EB22922A31FE79BF688C1D68F","7138","aulas-charlie-echo-jus9-tecnologia-juridica","GOVERNANCA/JURAMENTO_PROFISSIONAL_CHARLIE_ECHO_DA_COSTA.md","duplicado preservado em aulas-charlie-echo-jus9-tecnologia-juridica:GOVERNANCA/JURAMENTO_PROFISSIONAL_CHARLIE_ECHO_DA_COSTA.md"
"DELETE","logs-auditoria-jus9-tecnologia-juridica","GOVERNANCA/JURAMENTO_PROFISSIONAL_CHARLIE_ECHO_DA_COSTA.md","36608142BF912036A4D3B62C798B570A8DA7256EB22922A31FE79BF688C1D68F","7138","aulas-charlie-echo-jus9-tecnologia-juridica","GOVERNANCA/JURAMENTO_PROFISSIONAL_CHARLIE_ECHO_DA_COSTA.md","duplicado preservado em aulas-charlie-echo-jus9-tecnologia-juridica:GOVERNANCA/JURAMENTO_PROFISSIONAL_CHARLIE_ECHO_DA_COSTA.md"
"DELETE","mvp-jus9-tecnologia-juridica","GOVERNANCA/JURAMENTO_PROFISSIONAL_CHARLIE_ECHO_DA_COSTA.md","36608142BF912036A4D3B62C798B570A8DA7256EB22922A31FE79BF688C1D68F","7138","aulas-charlie-echo-jus9-tecnologia-juridica","GOVERNANCA/JURAMENTO_PROFISSIONAL_CHARLIE_ECHO_DA_COSTA.md","duplicado preservado em aulas-charlie-echo-jus9-tecnologia-juridica:GOVERNANCA/JURAMENTO_PROFISSIONAL_CHARLIE_ECHO_DA_COSTA.md"
"DELETE","olamundo-jus9-tecnologia-juridica","GOVERNANCA/JURAMENTO_PROFISSIONAL_CHARLIE_ECHO_DA_COSTA.md","36608142BF912036A4D3B62C798B570A8DA7256EB22922A31FE79BF688C1D68F","7138","aulas-charlie-echo-jus9-tecnologia-juridica","GOVERNANCA/JURAMENTO_PROFISSIONAL_CHARLIE_ECHO_DA_COSTA.md","duplicado preservado em aulas-charlie-echo-jus9-tecnologia-juridica:GOVERNANCA/JURAMENTO_PROFISSIONAL_CHARLIE_ECHO_DA_COSTA.md"
"DELETE","portal-cliente-jus9-tecnologia-juridica","GOVERNANCA/JURAMENTO_PROFISSIONAL_CHARLIE_ECHO_DA_COSTA.md","36608142BF912036A4D3B62C798B570A8DA7256EB22922A31FE79BF688C1D68F","7138","aulas-charlie-echo-jus9-tecnologia-juridica","GOVERNANCA/JURAMENTO_PROFISSIONAL_CHARLIE_ECHO_DA_COSTA.md","duplicado preservado em aulas-charlie-echo-jus9-tecnologia-juridica:GOVERNANCA/JURAMENTO_PROFISSIONAL_CHARLIE_ECHO_DA_COSTA.md"
"DELETE","primeiroformsctec","GOVERNANCA/JURAMENTO_PROFISSIONAL_CHARLIE_ECHO_DA_COSTA.md","36608142BF912036A4D3B62C798B570A8DA7256EB22922A31FE79BF688C1D68F","7138","aulas-charlie-echo-jus9-tecnologia-juridica","GOVERNANCA/JURAMENTO_PROFISSIONAL_CHARLIE_ECHO_DA_COSTA.md","duplicado preservado em aulas-charlie-echo-jus9-tecnologia-juridica:GOVERNANCA/JURAMENTO_PROFISSIONAL_CHARLIE_ECHO_DA_COSTA.md"
"DELETE","quandoodesenhofala-jus9-tecnologia-juridica","GOVERNANCA/JURAMENTO_PROFISSIONAL_CHARLIE_ECHO_DA_COSTA.md","36608142BF912036A4D3B62C798B570A8DA7256EB22922A31FE79BF688C1D68F","7138","aulas-charlie-echo-jus9-tecnologia-juridica","GOVERNANCA/JURAMENTO_PROFISSIONAL_CHARLIE_ECHO_DA_COSTA.md","duplicado preservado em aulas-charlie-echo-jus9-tecnologia-juridica:GOVERNANCA/JURAMENTO_PROFISSIONAL_CHARLIE_ECHO_DA_COSTA.md"
"DELETE","sctec","GOVERNANCA/JURAMENTO_PROFISSIONAL_CHARLIE_ECHO_DA_COSTA.md","36608142BF912036A4D3B62C798B570A8DA7256EB22922A31FE79BF688C1D68F","7138","aulas-charlie-echo-jus9-tecnologia-juridica","GOVERNANCA/JURAMENTO_PROFISSIONAL_CHARLIE_ECHO_DA_COSTA.md","duplicado preservado em aulas-charlie-echo-jus9-tecnologia-juridica:GOVERNANCA/JURAMENTO_PROFISSIONAL_CHARLIE_ECHO_DA_COSTA.md"
"DELETE","workers-pages-functions-jus9-tecnologia-juridica","GOVERNANCA/JURAMENTO_PROFISSIONAL_CHARLIE_ECHO_DA_COSTA.md","36608142BF912036A4D3B62C798B570A8DA7256EB22922A31FE79BF688C1D68F","7138","aulas-charlie-echo-jus9-tecnologia-juridica","GOVERNANCA/JURAMENTO_PROFISSIONAL_CHARLIE_ECHO_DA_COSTA.md","duplicado preservado em aulas-charlie-echo-jus9-tecnologia-juridica:GOVERNANCA/JURAMENTO_PROFISSIONAL_CHARLIE_ECHO_DA_COSTA.md"
"DELETE","admin-painel-jus9-tecnologia-juridica","ORIENTACOES/MAPA_DE_LINKS_OFICIAIS.md","2572C3C1EFAD855E886CA012F4532FCE531EDD658FB6B753BC0EC50A7AE88FE8","1332","charlieecho-jus9-tecnologia-juridica","ORIENTACOES/MAPA_DE_LINKS_OFICIAIS.md","duplicado preservado em charlieecho-jus9-tecnologia-juridica:ORIENTACOES/MAPA_DE_LINKS_OFICIAIS.md"
"DELETE","Aeon-Primevo","ORIENTACOES/MAPA_DE_LINKS_OFICIAIS.md","2572C3C1EFAD855E886CA012F4532FCE531EDD658FB6B753BC0EC50A7AE88FE8","1332","charlieecho-jus9-tecnologia-juridica","ORIENTACOES/MAPA_DE_LINKS_OFICIAIS.md","duplicado preservado em charlieecho-jus9-tecnologia-juridica:ORIENTACOES/MAPA_DE_LINKS_OFICIAIS.md"
"KEEP","aulas-charlie-echo-jus9-tecnologia-juridica","ORIENTACOES/MAPA_DE_LINKS_OFICIAIS.md","2572C3C1EFAD855E886CA012F4532FCE531EDD658FB6B753BC0EC50A7AE88FE8","1332","charlieecho-jus9-tecnologia-juridica","ORIENTACOES/MAPA_DE_LINKS_OFICIAIS.md","repositorio primario Charlie Echo/aulas/governanca"
"DELETE","auth-identidade-acesso-jus9-tecnologia-juridica","ORIENTACOES/MAPA_DE_LINKS_OFICIAIS.md","2572C3C1EFAD855E886CA012F4532FCE531EDD658FB6B753BC0EC50A7AE88FE8","1332","charlieecho-jus9-tecnologia-juridica","ORIENTACOES/MAPA_DE_LINKS_OFICIAIS.md","duplicado preservado em charlieecho-jus9-tecnologia-juridica:ORIENTACOES/MAPA_DE_LINKS_OFICIAIS.md"
"DELETE","backend-api-jus9-tecnologia-juridica","ORIENTACOES/MAPA_DE_LINKS_OFICIAIS.md","2572C3C1EFAD855E886CA012F4532FCE531EDD658FB6B753BC0EC50A7AE88FE8","1332","charlieecho-jus9-tecnologia-juridica","ORIENTACOES/MAPA_DE_LINKS_OFICIAIS.md","duplicado preservado em charlieecho-jus9-tecnologia-juridica:ORIENTACOES/MAPA_DE_LINKS_OFICIAIS.md"
"DELETE","carta-jus9-tecnologia-juridica","ORIENTACOES/MAPA_DE_LINKS_OFICIAIS.md","2572C3C1EFAD855E886CA012F4532FCE531EDD658FB6B753BC0EC50A7AE88FE8","1332","charlieecho-jus9-tecnologia-juridica","ORIENTACOES/MAPA_DE_LINKS_OFICIAIS.md","duplicado preservado em charlieecho-jus9-tecnologia-juridica:ORIENTACOES/MAPA_DE_LINKS_OFICIAIS.md"
"KEEP","charlieecho-jus9-tecnologia-juridica","ORIENTACOES/MAPA_DE_LINKS_OFICIAIS.md","2572C3C1EFAD855E886CA012F4532FCE531EDD658FB6B753BC0EC50A7AE88FE8","1332","charlieecho-jus9-tecnologia-juridica","ORIENTACOES/MAPA_DE_LINKS_OFICIAIS.md","fonte primaria do grupo"
"DELETE","cofre-documentos-seguros-jus9-tecnologia-juridica","ORIENTACOES/MAPA_DE_LINKS_OFICIAIS.md","2572C3C1EFAD855E886CA012F4532FCE531EDD658FB6B753BC0EC50A7AE88FE8","1332","charlieecho-jus9-tecnologia-juridica","ORIENTACOES/MAPA_DE_LINKS_OFICIAIS.md","duplicado preservado em charlieecho-jus9-tecnologia-juridica:ORIENTACOES/MAPA_DE_LINKS_OFICIAIS.md"
"DELETE","Creta","ORIENTACOES/MAPA_DE_LINKS_OFICIAIS.md","2572C3C1EFAD855E886CA012F4532FCE531EDD658FB6B753BC0EC50A7AE88FE8","1332","charlieecho-jus9-tecnologia-juridica","ORIENTACOES/MAPA_DE_LINKS_OFICIAIS.md","duplicado preservado em charlieecho-jus9-tecnologia-juridica:ORIENTACOES/MAPA_DE_LINKS_OFICIAIS.md"
"DELETE","db-modelos-migracoes-jus9-tecnologia-juridica","ORIENTACOES/MAPA_DE_LINKS_OFICIAIS.md","2572C3C1EFAD855E886CA012F4532FCE531EDD658FB6B753BC0EC50A7AE88FE8","1332","charlieecho-jus9-tecnologia-juridica","ORIENTACOES/MAPA_DE_LINKS_OFICIAIS.md","duplicado preservado em charlieecho-jus9-tecnologia-juridica:ORIENTACOES/MAPA_DE_LINKS_OFICIAIS.md"
"DELETE","documentacao-jus9-tecnologia-juridica","ORIENTACOES/MAPA_DE_LINKS_OFICIAIS.md","2572C3C1EFAD855E886CA012F4532FCE531EDD658FB6B753BC0EC50A7AE88FE8","1332","charlieecho-jus9-tecnologia-juridica","ORIENTACOES/MAPA_DE_LINKS_OFICIAIS.md","duplicado preservado em charlieecho-jus9-tecnologia-juridica:ORIENTACOES/MAPA_DE_LINKS_OFICIAIS.md"
"DELETE","equipe-jus9-tecnologia-juridica","orientacoes/MAPA_DE_LINKS_OFICIAIS.md","2572C3C1EFAD855E886CA012F4532FCE531EDD658FB6B753BC0EC50A7AE88FE8","1332","charlieecho-jus9-tecnologia-juridica","ORIENTACOES/MAPA_DE_LINKS_OFICIAIS.md","duplicado preservado em charlieecho-jus9-tecnologia-juridica:ORIENTACOES/MAPA_DE_LINKS_OFICIAIS.md"
"DELETE","governanca-autoorganizacao-charlie-echo-jus9-tecnologia-juridica","ORIENTACOES/MAPA_DE_LINKS_OFICIAIS.md","2572C3C1EFAD855E886CA012F4532FCE531EDD658FB6B753BC0EC50A7AE88FE8","1332","charlieecho-jus9-tecnologia-juridica","ORIENTACOES/MAPA_DE_LINKS_OFICIAIS.md","duplicado preservado em charlieecho-jus9-tecnologia-juridica:ORIENTACOES/MAPA_DE_LINKS_OFICIAIS.md"
"KEEP","governanca-jus9-tecnologia-juridica","ORIENTACOES/MAPA_DE_LINKS_OFICIAIS.md","2572C3C1EFAD855E886CA012F4532FCE531EDD658FB6B753BC0EC50A7AE88FE8","1332","charlieecho-jus9-tecnologia-juridica","ORIENTACOES/MAPA_DE_LINKS_OFICIAIS.md","repositorio primario Charlie Echo/aulas/governanca"
"DELETE","ia-dupla-jus9-tecnologia-juridica","ORIENTACOES/MAPA_DE_LINKS_OFICIAIS.md","2572C3C1EFAD855E886CA012F4532FCE531EDD658FB6B753BC0EC50A7AE88FE8","1332","charlieecho-jus9-tecnologia-juridica","ORIENTACOES/MAPA_DE_LINKS_OFICIAIS.md","duplicado preservado em charlieecho-jus9-tecnologia-juridica:ORIENTACOES/MAPA_DE_LINKS_OFICIAIS.md"
"DELETE","ia-profissional-orquestrador-jus9-tecnologia-juridica","ORIENTACOES/MAPA_DE_LINKS_OFICIAIS.md","2572C3C1EFAD855E886CA012F4532FCE531EDD658FB6B753BC0EC50A7AE88FE8","1332","charlieecho-jus9-tecnologia-juridica","ORIENTACOES/MAPA_DE_LINKS_OFICIAIS.md","duplicado preservado em charlieecho-jus9-tecnologia-juridica:ORIENTACOES/MAPA_DE_LINKS_OFICIAIS.md"
"DELETE","infra-cloudflare-jus9-tecnologia-juridica","ORIENTACOES/MAPA_DE_LINKS_OFICIAIS.md","2572C3C1EFAD855E886CA012F4532FCE531EDD658FB6B753BC0EC50A7AE88FE8","1332","charlieecho-jus9-tecnologia-juridica","ORIENTACOES/MAPA_DE_LINKS_OFICIAIS.md","duplicado preservado em charlieecho-jus9-tecnologia-juridica:ORIENTACOES/MAPA_DE_LINKS_OFICIAIS.md"
"DELETE","introducaocss","ORIENTACOES/MAPA_DE_LINKS_OFICIAIS.md","2572C3C1EFAD855E886CA012F4532FCE531EDD658FB6B753BC0EC50A7AE88FE8","1332","charlieecho-jus9-tecnologia-juridica","ORIENTACOES/MAPA_DE_LINKS_OFICIAIS.md","duplicado preservado em charlieecho-jus9-tecnologia-juridica:ORIENTACOES/MAPA_DE_LINKS_OFICIAIS.md"
"DELETE","juridico-virtual-jus9-tecnologia-juridica","ORIENTACOES/MAPA_DE_LINKS_OFICIAIS.md","2572C3C1EFAD855E886CA012F4532FCE531EDD658FB6B753BC0EC50A7AE88FE8","1332","charlieecho-jus9-tecnologia-juridica","ORIENTACOES/MAPA_DE_LINKS_OFICIAIS.md","duplicado preservado em charlieecho-jus9-tecnologia-juridica:ORIENTACOES/MAPA_DE_LINKS_OFICIAIS.md"
"DELETE","jus9verde-jus9-tecnologia-juridica","ORIENTACOES/MAPA_DE_LINKS_OFICIAIS.md","2572C3C1EFAD855E886CA012F4532FCE531EDD658FB6B753BC0EC50A7AE88FE8","1332","charlieecho-jus9-tecnologia-juridica","ORIENTACOES/MAPA_DE_LINKS_OFICIAIS.md","duplicado preservado em charlieecho-jus9-tecnologia-juridica:ORIENTACOES/MAPA_DE_LINKS_OFICIAIS.md"
"DELETE","laboratorio-jus9-tecnologia-juridica","ORIENTACOES/MAPA_DE_LINKS_OFICIAIS.md","2572C3C1EFAD855E886CA012F4532FCE531EDD658FB6B753BC0EC50A7AE88FE8","1332","charlieecho-jus9-tecnologia-juridica","ORIENTACOES/MAPA_DE_LINKS_OFICIAIS.md","duplicado preservado em charlieecho-jus9-tecnologia-juridica:ORIENTACOES/MAPA_DE_LINKS_OFICIAIS.md"
"DELETE","livros-jus9-tecnologia-juridica","ORIENTACOES/MAPA_DE_LINKS_OFICIAIS.md","2572C3C1EFAD855E886CA012F4532FCE531EDD658FB6B753BC0EC50A7AE88FE8","1332","charlieecho-jus9-tecnologia-juridica","ORIENTACOES/MAPA_DE_LINKS_OFICIAIS.md","duplicado preservado em charlieecho-jus9-tecnologia-juridica:ORIENTACOES/MAPA_DE_LINKS_OFICIAIS.md"
"DELETE","logs-auditoria-jus9-tecnologia-juridica","ORIENTACOES/MAPA_DE_LINKS_OFICIAIS.md","2572C3C1EFAD855E886CA012F4532FCE531EDD658FB6B753BC0EC50A7AE88FE8","1332","charlieecho-jus9-tecnologia-juridica","ORIENTACOES/MAPA_DE_LINKS_OFICIAIS.md","duplicado preservado em charlieecho-jus9-tecnologia-juridica:ORIENTACOES/MAPA_DE_LINKS_OFICIAIS.md"
"DELETE","olamundo-jus9-tecnologia-juridica","ORIENTACOES/MAPA_DE_LINKS_OFICIAIS.md","2572C3C1EFAD855E886CA012F4532FCE531EDD658FB6B753BC0EC50A7AE88FE8","1332","charlieecho-jus9-tecnologia-juridica","ORIENTACOES/MAPA_DE_LINKS_OFICIAIS.md","duplicado preservado em charlieecho-jus9-tecnologia-juridica:ORIENTACOES/MAPA_DE_LINKS_OFICIAIS.md"
"DELETE","portal-cliente-jus9-tecnologia-juridica","ORIENTACOES/MAPA_DE_LINKS_OFICIAIS.md","2572C3C1EFAD855E886CA012F4532FCE531EDD658FB6B753BC0EC50A7AE88FE8","1332","charlieecho-jus9-tecnologia-juridica","ORIENTACOES/MAPA_DE_LINKS_OFICIAIS.md","duplicado preservado em charlieecho-jus9-tecnologia-juridica:ORIENTACOES/MAPA_DE_LINKS_OFICIAIS.md"
"DELETE","primeiroformsctec","ORIENTACOES/MAPA_DE_LINKS_OFICIAIS.md","2572C3C1EFAD855E886CA012F4532FCE531EDD658FB6B753BC0EC50A7AE88FE8","1332","charlieecho-jus9-tecnologia-juridica","ORIENTACOES/MAPA_DE_LINKS_OFICIAIS.md","duplicado preservado em charlieecho-jus9-tecnologia-juridica:ORIENTACOES/MAPA_DE_LINKS_OFICIAIS.md"
"DELETE","quandoodesenhofala-jus9-tecnologia-juridica","ORIENTACOES/MAPA_DE_LINKS_OFICIAIS.md","2572C3C1EFAD855E886CA012F4532FCE531EDD658FB6B753BC0EC50A7AE88FE8","1332","charlieecho-jus9-tecnologia-juridica","ORIENTACOES/MAPA_DE_LINKS_OFICIAIS.md","duplicado preservado em charlieecho-jus9-tecnologia-juridica:ORIENTACOES/MAPA_DE_LINKS_OFICIAIS.md"
"DELETE","sctec","ORIENTACOES/MAPA_DE_LINKS_OFICIAIS.md","2572C3C1EFAD855E886CA012F4532FCE531EDD658FB6B753BC0EC50A7AE88FE8","1332","charlieecho-jus9-tecnologia-juridica","ORIENTACOES/MAPA_DE_LINKS_OFICIAIS.md","duplicado preservado em charlieecho-jus9-tecnologia-juridica:ORIENTACOES/MAPA_DE_LINKS_OFICIAIS.md"
"DELETE","workers-pages-functions-jus9-tecnologia-juridica","ORIENTACOES/MAPA_DE_LINKS_OFICIAIS.md","2572C3C1EFAD855E886CA012F4532FCE531EDD658FB6B753BC0EC50A7AE88FE8","1332","charlieecho-jus9-tecnologia-juridica","ORIENTACOES/MAPA_DE_LINKS_OFICIAIS.md","duplicado preservado em charlieecho-jus9-tecnologia-juridica:ORIENTACOES/MAPA_DE_LINKS_OFICIAIS.md"
"DELETE","admin-painel-jus9-tecnologia-juridica","ORIENTACOES/PADRAO_VISUAL_OBRIGATORIO_JUS9_AEON.md","6698254832B9FED445E03085B52F348B07C5D052E19ACF82738C12A8F5E8FD2C","897","charlieecho-jus9-tecnologia-juridica","ORIENTACOES/PADRAO_VISUAL_OBRIGATORIO_JUS9_AEON.md","duplicado preservado em charlieecho-jus9-tecnologia-juridica:ORIENTACOES/PADRAO_VISUAL_OBRIGATORIO_JUS9_AEON.md"
"DELETE","Aeon-Primevo","ORIENTACOES/PADRAO_VISUAL_OBRIGATORIO_JUS9_AEON.md","6698254832B9FED445E03085B52F348B07C5D052E19ACF82738C12A8F5E8FD2C","897","charlieecho-jus9-tecnologia-juridica","ORIENTACOES/PADRAO_VISUAL_OBRIGATORIO_JUS9_AEON.md","duplicado preservado em charlieecho-jus9-tecnologia-juridica:ORIENTACOES/PADRAO_VISUAL_OBRIGATORIO_JUS9_AEON.md"
"KEEP","aulas-charlie-echo-jus9-tecnologia-juridica","ORIENTACOES/PADRAO_VISUAL_OBRIGATORIO_JUS9_AEON.md","6698254832B9FED445E03085B52F348B07C5D052E19ACF82738C12A8F5E8FD2C","897","charlieecho-jus9-tecnologia-juridica","ORIENTACOES/PADRAO_VISUAL_OBRIGATORIO_JUS9_AEON.md","repositorio primario Charlie Echo/aulas/governanca"
"DELETE","auth-identidade-acesso-jus9-tecnologia-juridica","ORIENTACOES/PADRAO_VISUAL_OBRIGATORIO_JUS9_AEON.md","6698254832B9FED445E03085B52F348B07C5D052E19ACF82738C12A8F5E8FD2C","897","charlieecho-jus9-tecnologia-juridica","ORIENTACOES/PADRAO_VISUAL_OBRIGATORIO_JUS9_AEON.md","duplicado preservado em charlieecho-jus9-tecnologia-juridica:ORIENTACOES/PADRAO_VISUAL_OBRIGATORIO_JUS9_AEON.md"
"DELETE","backend-api-jus9-tecnologia-juridica","ORIENTACOES/PADRAO_VISUAL_OBRIGATORIO_JUS9_AEON.md","6698254832B9FED445E03085B52F348B07C5D052E19ACF82738C12A8F5E8FD2C","897","charlieecho-jus9-tecnologia-juridica","ORIENTACOES/PADRAO_VISUAL_OBRIGATORIO_JUS9_AEON.md","duplicado preservado em charlieecho-jus9-tecnologia-juridica:ORIENTACOES/PADRAO_VISUAL_OBRIGATORIO_JUS9_AEON.md"
"DELETE","carta-jus9-tecnologia-juridica","ORIENTACOES/PADRAO_VISUAL_OBRIGATORIO_JUS9_AEON.md","6698254832B9FED445E03085B52F348B07C5D052E19ACF82738C12A8F5E8FD2C","897","charlieecho-jus9-tecnologia-juridica","ORIENTACOES/PADRAO_VISUAL_OBRIGATORIO_JUS9_AEON.md","duplicado preservado em charlieecho-jus9-tecnologia-juridica:ORIENTACOES/PADRAO_VISUAL_OBRIGATORIO_JUS9_AEON.md"
"KEEP","charlieecho-jus9-tecnologia-juridica","ORIENTACOES/PADRAO_VISUAL_OBRIGATORIO_JUS9_AEON.md","6698254832B9FED445E03085B52F348B07C5D052E19ACF82738C12A8F5E8FD2C","897","charlieecho-jus9-tecnologia-juridica","ORIENTACOES/PADRAO_VISUAL_OBRIGATORIO_JUS9_AEON.md","fonte primaria do grupo"
"DELETE","cofre-documentos-seguros-jus9-tecnologia-juridica","ORIENTACOES/PADRAO_VISUAL_OBRIGATORIO_JUS9_AEON.md","6698254832B9FED445E03085B52F348B07C5D052E19ACF82738C12A8F5E8FD2C","897","charlieecho-jus9-tecnologia-juridica","ORIENTACOES/PADRAO_VISUAL_OBRIGATORIO_JUS9_AEON.md","duplicado preservado em charlieecho-jus9-tecnologia-juridica:ORIENTACOES/PADRAO_VISUAL_OBRIGATORIO_JUS9_AEON.md"
"DELETE","Creta","ORIENTACOES/PADRAO_VISUAL_OBRIGATORIO_JUS9_AEON.md","6698254832B9FED445E03085B52F348B07C5D052E19ACF82738C12A8F5E8FD2C","897","charlieecho-jus9-tecnologia-juridica","ORIENTACOES/PADRAO_VISUAL_OBRIGATORIO_JUS9_AEON.md","duplicado preservado em charlieecho-jus9-tecnologia-juridica:ORIENTACOES/PADRAO_VISUAL_OBRIGATORIO_JUS9_AEON.md"
"DELETE","documentacao-jus9-tecnologia-juridica","ORIENTACOES/PADRAO_VISUAL_OBRIGATORIO_JUS9_AEON.md","6698254832B9FED445E03085B52F348B07C5D052E19ACF82738C12A8F5E8FD2C","897","charlieecho-jus9-tecnologia-juridica","ORIENTACOES/PADRAO_VISUAL_OBRIGATORIO_JUS9_AEON.md","duplicado preservado em charlieecho-jus9-tecnologia-juridica:ORIENTACOES/PADRAO_VISUAL_OBRIGATORIO_JUS9_AEON.md"
"DELETE","equipe-jus9-tecnologia-juridica","orientacoes/PADRAO_VISUAL_OBRIGATORIO_JUS9_AEON.md","6698254832B9FED445E03085B52F348B07C5D052E19ACF82738C12A8F5E8FD2C","897","charlieecho-jus9-tecnologia-juridica","ORIENTACOES/PADRAO_VISUAL_OBRIGATORIO_JUS9_AEON.md","duplicado preservado em charlieecho-jus9-tecnologia-juridica:ORIENTACOES/PADRAO_VISUAL_OBRIGATORIO_JUS9_AEON.md"
"DELETE","governanca-autoorganizacao-charlie-echo-jus9-tecnologia-juridica","ORIENTACOES/PADRAO_VISUAL_OBRIGATORIO_JUS9_AEON.md","6698254832B9FED445E03085B52F348B07C5D052E19ACF82738C12A8F5E8FD2C","897","charlieecho-jus9-tecnologia-juridica","ORIENTACOES/PADRAO_VISUAL_OBRIGATORIO_JUS9_AEON.md","duplicado preservado em charlieecho-jus9-tecnologia-juridica:ORIENTACOES/PADRAO_VISUAL_OBRIGATORIO_JUS9_AEON.md"
"KEEP","governanca-jus9-tecnologia-juridica","ORIENTACOES/PADRAO_VISUAL_OBRIGATORIO_JUS9_AEON.md","6698254832B9FED445E03085B52F348B07C5D052E19ACF82738C12A8F5E8FD2C","897","charlieecho-jus9-tecnologia-juridica","ORIENTACOES/PADRAO_VISUAL_OBRIGATORIO_JUS9_AEON.md","repositorio primario Charlie Echo/aulas/governanca"
"DELETE","ia-dupla-jus9-tecnologia-juridica","ORIENTACOES/PADRAO_VISUAL_OBRIGATORIO_JUS9_AEON.md","6698254832B9FED445E03085B52F348B07C5D052E19ACF82738C12A8F5E8FD2C","897","charlieecho-jus9-tecnologia-juridica","ORIENTACOES/PADRAO_VISUAL_OBRIGATORIO_JUS9_AEON.md","duplicado preservado em charlieecho-jus9-tecnologia-juridica:ORIENTACOES/PADRAO_VISUAL_OBRIGATORIO_JUS9_AEON.md"
"DELETE","ia-profissional-orquestrador-jus9-tecnologia-juridica","ORIENTACOES/PADRAO_VISUAL_OBRIGATORIO_JUS9_AEON.md","6698254832B9FED445E03085B52F348B07C5D052E19ACF82738C12A8F5E8FD2C","897","charlieecho-jus9-tecnologia-juridica","ORIENTACOES/PADRAO_VISUAL_OBRIGATORIO_JUS9_AEON.md","duplicado preservado em charlieecho-jus9-tecnologia-juridica:ORIENTACOES/PADRAO_VISUAL_OBRIGATORIO_JUS9_AEON.md"
"DELETE","infra-cloudflare-jus9-tecnologia-juridica","ORIENTACOES/PADRAO_VISUAL_OBRIGATORIO_JUS9_AEON.md","6698254832B9FED445E03085B52F348B07C5D052E19ACF82738C12A8F5E8FD2C","897","charlieecho-jus9-tecnologia-juridica","ORIENTACOES/PADRAO_VISUAL_OBRIGATORIO_JUS9_AEON.md","duplicado preservado em charlieecho-jus9-tecnologia-juridica:ORIENTACOES/PADRAO_VISUAL_OBRIGATORIO_JUS9_AEON.md"
"DELETE","introducaocss","ORIENTACOES/PADRAO_VISUAL_OBRIGATORIO_JUS9_AEON.md","6698254832B9FED445E03085B52F348B07C5D052E19ACF82738C12A8F5E8FD2C","897","charlieecho-jus9-tecnologia-juridica","ORIENTACOES/PADRAO_VISUAL_OBRIGATORIO_JUS9_AEON.md","duplicado preservado em charlieecho-jus9-tecnologia-juridica:ORIENTACOES/PADRAO_VISUAL_OBRIGATORIO_JUS9_AEON.md"
"DELETE","juridico-virtual-jus9-tecnologia-juridica","ORIENTACOES/PADRAO_VISUAL_OBRIGATORIO_JUS9_AEON.md","6698254832B9FED445E03085B52F348B07C5D052E19ACF82738C12A8F5E8FD2C","897","charlieecho-jus9-tecnologia-juridica","ORIENTACOES/PADRAO_VISUAL_OBRIGATORIO_JUS9_AEON.md","duplicado preservado em charlieecho-jus9-tecnologia-juridica:ORIENTACOES/PADRAO_VISUAL_OBRIGATORIO_JUS9_AEON.md"
"DELETE","jus9-tecnologia-juridica","ORIENTACOES/PADRAO_VISUAL_OBRIGATORIO_JUS9_AEON.md","6698254832B9FED445E03085B52F348B07C5D052E19ACF82738C12A8F5E8FD2C","897","charlieecho-jus9-tecnologia-juridica","ORIENTACOES/PADRAO_VISUAL_OBRIGATORIO_JUS9_AEON.md","duplicado preservado em charlieecho-jus9-tecnologia-juridica:ORIENTACOES/PADRAO_VISUAL_OBRIGATORIO_JUS9_AEON.md"
"DELETE","jus9verde-jus9-tecnologia-juridica","ORIENTACOES/PADRAO_VISUAL_OBRIGATORIO_JUS9_AEON.md","6698254832B9FED445E03085B52F348B07C5D052E19ACF82738C12A8F5E8FD2C","897","charlieecho-jus9-tecnologia-juridica","ORIENTACOES/PADRAO_VISUAL_OBRIGATORIO_JUS9_AEON.md","duplicado preservado em charlieecho-jus9-tecnologia-juridica:ORIENTACOES/PADRAO_VISUAL_OBRIGATORIO_JUS9_AEON.md"
"DELETE","livros-jus9-tecnologia-juridica","ORIENTACOES/PADRAO_VISUAL_OBRIGATORIO_JUS9_AEON.md","6698254832B9FED445E03085B52F348B07C5D052E19ACF82738C12A8F5E8FD2C","897","charlieecho-jus9-tecnologia-juridica","ORIENTACOES/PADRAO_VISUAL_OBRIGATORIO_JUS9_AEON.md","duplicado preservado em charlieecho-jus9-tecnologia-juridica:ORIENTACOES/PADRAO_VISUAL_OBRIGATORIO_JUS9_AEON.md"
"DELETE","logs-auditoria-jus9-tecnologia-juridica","ORIENTACOES/PADRAO_VISUAL_OBRIGATORIO_JUS9_AEON.md","6698254832B9FED445E03085B52F348B07C5D052E19ACF82738C12A8F5E8FD2C","897","charlieecho-jus9-tecnologia-juridica","ORIENTACOES/PADRAO_VISUAL_OBRIGATORIO_JUS9_AEON.md","duplicado preservado em charlieecho-jus9-tecnologia-juridica:ORIENTACOES/PADRAO_VISUAL_OBRIGATORIO_JUS9_AEON.md"
"DELETE","mvp-jus9-tecnologia-juridica","ORIENTACOES/PADRAO_VISUAL_OBRIGATORIO_JUS9_AEON.md","6698254832B9FED445E03085B52F348B07C5D052E19ACF82738C12A8F5E8FD2C","897","charlieecho-jus9-tecnologia-juridica","ORIENTACOES/PADRAO_VISUAL_OBRIGATORIO_JUS9_AEON.md","duplicado preservado em charlieecho-jus9-tecnologia-juridica:ORIENTACOES/PADRAO_VISUAL_OBRIGATORIO_JUS9_AEON.md"
"DELETE","olamundo-jus9-tecnologia-juridica","ORIENTACOES/PADRAO_VISUAL_OBRIGATORIO_JUS9_AEON.md","6698254832B9FED445E03085B52F348B07C5D052E19ACF82738C12A8F5E8FD2C","897","charlieecho-jus9-tecnologia-juridica","ORIENTACOES/PADRAO_VISUAL_OBRIGATORIO_JUS9_AEON.md","duplicado preservado em charlieecho-jus9-tecnologia-juridica:ORIENTACOES/PADRAO_VISUAL_OBRIGATORIO_JUS9_AEON.md"
"DELETE","portal-cliente-jus9-tecnologia-juridica","ORIENTACOES/PADRAO_VISUAL_OBRIGATORIO_JUS9_AEON.md","6698254832B9FED445E03085B52F348B07C5D052E19ACF82738C12A8F5E8FD2C","897","charlieecho-jus9-tecnologia-juridica","ORIENTACOES/PADRAO_VISUAL_OBRIGATORIO_JUS9_AEON.md","duplicado preservado em charlieecho-jus9-tecnologia-juridica:ORIENTACOES/PADRAO_VISUAL_OBRIGATORIO_JUS9_AEON.md"
"DELETE","primeiroformsctec","ORIENTACOES/PADRAO_VISUAL_OBRIGATORIO_JUS9_AEON.md","6698254832B9FED445E03085B52F348B07C5D052E19ACF82738C12A8F5E8FD2C","897","charlieecho-jus9-tecnologia-juridica","ORIENTACOES/PADRAO_VISUAL_OBRIGATORIO_JUS9_AEON.md","duplicado preservado em charlieecho-jus9-tecnologia-juridica:ORIENTACOES/PADRAO_VISUAL_OBRIGATORIO_JUS9_AEON.md"
"DELETE","quandoodesenhofala-jus9-tecnologia-juridica","ORIENTACOES/PADRAO_VISUAL_OBRIGATORIO_JUS9_AEON.md","6698254832B9FED445E03085B52F348B07C5D052E19ACF82738C12A8F5E8FD2C","897","charlieecho-jus9-tecnologia-juridica","ORIENTACOES/PADRAO_VISUAL_OBRIGATORIO_JUS9_AEON.md","duplicado preservado em charlieecho-jus9-tecnologia-juridica:ORIENTACOES/PADRAO_VISUAL_OBRIGATORIO_JUS9_AEON.md"
"DELETE","sctec","ORIENTACOES/PADRAO_VISUAL_OBRIGATORIO_JUS9_AEON.md","6698254832B9FED445E03085B52F348B07C5D052E19ACF82738C12A8F5E8FD2C","897","charlieecho-jus9-tecnologia-juridica","ORIENTACOES/PADRAO_VISUAL_OBRIGATORIO_JUS9_AEON.md","duplicado preservado em charlieecho-jus9-tecnologia-juridica:ORIENTACOES/PADRAO_VISUAL_OBRIGATORIO_JUS9_AEON.md"
"DELETE","workers-pages-functions-jus9-tecnologia-juridica","ORIENTACOES/PADRAO_VISUAL_OBRIGATORIO_JUS9_AEON.md","6698254832B9FED445E03085B52F348B07C5D052E19ACF82738C12A8F5E8FD2C","897","charlieecho-jus9-tecnologia-juridica","ORIENTACOES/PADRAO_VISUAL_OBRIGATORIO_JUS9_AEON.md","duplicado preservado em charlieecho-jus9-tecnologia-juridica:ORIENTACOES/PADRAO_VISUAL_OBRIGATORIO_JUS9_AEON.md"
"DELETE","admin-painel-jus9-tecnologia-juridica","ORIENTACOES/MODELO_DE_ASSINATURA_JUS9.md","51BA231F6E522C1CE708C664112633C7023B1E7317DAD3404CAD6BB558D33645","587","charlieecho-jus9-tecnologia-juridica","ORIENTACOES/MODELO_DE_ASSINATURA_JUS9.md","duplicado preservado em charlieecho-jus9-tecnologia-juridica:ORIENTACOES/MODELO_DE_ASSINATURA_JUS9.md"
"DELETE","Aeon-Primevo","ORIENTACOES/MODELO_DE_ASSINATURA_JUS9.md","51BA231F6E522C1CE708C664112633C7023B1E7317DAD3404CAD6BB558D33645","587","charlieecho-jus9-tecnologia-juridica","ORIENTACOES/MODELO_DE_ASSINATURA_JUS9.md","duplicado preservado em charlieecho-jus9-tecnologia-juridica:ORIENTACOES/MODELO_DE_ASSINATURA_JUS9.md"
"KEEP","aulas-charlie-echo-jus9-tecnologia-juridica","ORIENTACOES/MODELO_DE_ASSINATURA_JUS9.md","51BA231F6E522C1CE708C664112633C7023B1E7317DAD3404CAD6BB558D33645","587","charlieecho-jus9-tecnologia-juridica","ORIENTACOES/MODELO_DE_ASSINATURA_JUS9.md","repositorio primario Charlie Echo/aulas/governanca"
"DELETE","auth-identidade-acesso-jus9-tecnologia-juridica","ORIENTACOES/MODELO_DE_ASSINATURA_JUS9.md","51BA231F6E522C1CE708C664112633C7023B1E7317DAD3404CAD6BB558D33645","587","charlieecho-jus9-tecnologia-juridica","ORIENTACOES/MODELO_DE_ASSINATURA_JUS9.md","duplicado preservado em charlieecho-jus9-tecnologia-juridica:ORIENTACOES/MODELO_DE_ASSINATURA_JUS9.md"
"DELETE","backend-api-jus9-tecnologia-juridica","ORIENTACOES/MODELO_DE_ASSINATURA_JUS9.md","51BA231F6E522C1CE708C664112633C7023B1E7317DAD3404CAD6BB558D33645","587","charlieecho-jus9-tecnologia-juridica","ORIENTACOES/MODELO_DE_ASSINATURA_JUS9.md","duplicado preservado em charlieecho-jus9-tecnologia-juridica:ORIENTACOES/MODELO_DE_ASSINATURA_JUS9.md"
"DELETE","carta-jus9-tecnologia-juridica","ORIENTACOES/MODELO_DE_ASSINATURA_JUS9.md","51BA231F6E522C1CE708C664112633C7023B1E7317DAD3404CAD6BB558D33645","587","charlieecho-jus9-tecnologia-juridica","ORIENTACOES/MODELO_DE_ASSINATURA_JUS9.md","duplicado preservado em charlieecho-jus9-tecnologia-juridica:ORIENTACOES/MODELO_DE_ASSINATURA_JUS9.md"
"KEEP","charlieecho-jus9-tecnologia-juridica","ORIENTACOES/MODELO_DE_ASSINATURA_JUS9.md","51BA231F6E522C1CE708C664112633C7023B1E7317DAD3404CAD6BB558D33645","587","charlieecho-jus9-tecnologia-juridica","ORIENTACOES/MODELO_DE_ASSINATURA_JUS9.md","fonte primaria do grupo"
"DELETE","cofre-documentos-seguros-jus9-tecnologia-juridica","ORIENTACOES/MODELO_DE_ASSINATURA_JUS9.md","51BA231F6E522C1CE708C664112633C7023B1E7317DAD3404CAD6BB558D33645","587","charlieecho-jus9-tecnologia-juridica","ORIENTACOES/MODELO_DE_ASSINATURA_JUS9.md","duplicado preservado em charlieecho-jus9-tecnologia-juridica:ORIENTACOES/MODELO_DE_ASSINATURA_JUS9.md"
"DELETE","Creta","ORIENTACOES/MODELO_DE_ASSINATURA_JUS9.md","51BA231F6E522C1CE708C664112633C7023B1E7317DAD3404CAD6BB558D33645","587","charlieecho-jus9-tecnologia-juridica","ORIENTACOES/MODELO_DE_ASSINATURA_JUS9.md","duplicado preservado em charlieecho-jus9-tecnologia-juridica:ORIENTACOES/MODELO_DE_ASSINATURA_JUS9.md"
"DELETE","documentacao-jus9-tecnologia-juridica","ORIENTACOES/MODELO_DE_ASSINATURA_JUS9.md","51BA231F6E522C1CE708C664112633C7023B1E7317DAD3404CAD6BB558D33645","587","charlieecho-jus9-tecnologia-juridica","ORIENTACOES/MODELO_DE_ASSINATURA_JUS9.md","duplicado preservado em charlieecho-jus9-tecnologia-juridica:ORIENTACOES/MODELO_DE_ASSINATURA_JUS9.md"
"DELETE","equipe-jus9-tecnologia-juridica","orientacoes/MODELO_DE_ASSINATURA_JUS9.md","51BA231F6E522C1CE708C664112633C7023B1E7317DAD3404CAD6BB558D33645","587","charlieecho-jus9-tecnologia-juridica","ORIENTACOES/MODELO_DE_ASSINATURA_JUS9.md","duplicado preservado em charlieecho-jus9-tecnologia-juridica:ORIENTACOES/MODELO_DE_ASSINATURA_JUS9.md"
"DELETE","governanca-autoorganizacao-charlie-echo-jus9-tecnologia-juridica","ORIENTACOES/MODELO_DE_ASSINATURA_JUS9.md","51BA231F6E522C1CE708C664112633C7023B1E7317DAD3404CAD6BB558D33645","587","charlieecho-jus9-tecnologia-juridica","ORIENTACOES/MODELO_DE_ASSINATURA_JUS9.md","duplicado preservado em charlieecho-jus9-tecnologia-juridica:ORIENTACOES/MODELO_DE_ASSINATURA_JUS9.md"
"KEEP","governanca-jus9-tecnologia-juridica","ORIENTACOES/MODELO_DE_ASSINATURA_JUS9.md","51BA231F6E522C1CE708C664112633C7023B1E7317DAD3404CAD6BB558D33645","587","charlieecho-jus9-tecnologia-juridica","ORIENTACOES/MODELO_DE_ASSINATURA_JUS9.md","repositorio primario Charlie Echo/aulas/governanca"
"DELETE","ia-dupla-jus9-tecnologia-juridica","ORIENTACOES/MODELO_DE_ASSINATURA_JUS9.md","51BA231F6E522C1CE708C664112633C7023B1E7317DAD3404CAD6BB558D33645","587","charlieecho-jus9-tecnologia-juridica","ORIENTACOES/MODELO_DE_ASSINATURA_JUS9.md","duplicado preservado em charlieecho-jus9-tecnologia-juridica:ORIENTACOES/MODELO_DE_ASSINATURA_JUS9.md"
"DELETE","ia-profissional-orquestrador-jus9-tecnologia-juridica","ORIENTACOES/MODELO_DE_ASSINATURA_JUS9.md","51BA231F6E522C1CE708C664112633C7023B1E7317DAD3404CAD6BB558D33645","587","charlieecho-jus9-tecnologia-juridica","ORIENTACOES/MODELO_DE_ASSINATURA_JUS9.md","duplicado preservado em charlieecho-jus9-tecnologia-juridica:ORIENTACOES/MODELO_DE_ASSINATURA_JUS9.md"
"DELETE","infra-cloudflare-jus9-tecnologia-juridica","ORIENTACOES/MODELO_DE_ASSINATURA_JUS9.md","51BA231F6E522C1CE708C664112633C7023B1E7317DAD3404CAD6BB558D33645","587","charlieecho-jus9-tecnologia-juridica","ORIENTACOES/MODELO_DE_ASSINATURA_JUS9.md","duplicado preservado em charlieecho-jus9-tecnologia-juridica:ORIENTACOES/MODELO_DE_ASSINATURA_JUS9.md"
"DELETE","introducaocss","ORIENTACOES/MODELO_DE_ASSINATURA_JUS9.md","51BA231F6E522C1CE708C664112633C7023B1E7317DAD3404CAD6BB558D33645","587","charlieecho-jus9-tecnologia-juridica","ORIENTACOES/MODELO_DE_ASSINATURA_JUS9.md","duplicado preservado em charlieecho-jus9-tecnologia-juridica:ORIENTACOES/MODELO_DE_ASSINATURA_JUS9.md"
"DELETE","juridico-virtual-jus9-tecnologia-juridica","ORIENTACOES/MODELO_DE_ASSINATURA_JUS9.md","51BA231F6E522C1CE708C664112633C7023B1E7317DAD3404CAD6BB558D33645","587","charlieecho-jus9-tecnologia-juridica","ORIENTACOES/MODELO_DE_ASSINATURA_JUS9.md","duplicado preservado em charlieecho-jus9-tecnologia-juridica:ORIENTACOES/MODELO_DE_ASSINATURA_JUS9.md"
"DELETE","jus9-tecnologia-juridica","ORIENTACOES/MODELO_DE_ASSINATURA_JUS9.md","51BA231F6E522C1CE708C664112633C7023B1E7317DAD3404CAD6BB558D33645","587","charlieecho-jus9-tecnologia-juridica","ORIENTACOES/MODELO_DE_ASSINATURA_JUS9.md","duplicado preservado em charlieecho-jus9-tecnologia-juridica:ORIENTACOES/MODELO_DE_ASSINATURA_JUS9.md"
"DELETE","jus9verde-jus9-tecnologia-juridica","ORIENTACOES/MODELO_DE_ASSINATURA_JUS9.md","51BA231F6E522C1CE708C664112633C7023B1E7317DAD3404CAD6BB558D33645","587","charlieecho-jus9-tecnologia-juridica","ORIENTACOES/MODELO_DE_ASSINATURA_JUS9.md","duplicado preservado em charlieecho-jus9-tecnologia-juridica:ORIENTACOES/MODELO_DE_ASSINATURA_JUS9.md"
"DELETE","livros-jus9-tecnologia-juridica","ORIENTACOES/MODELO_DE_ASSINATURA_JUS9.md","51BA231F6E522C1CE708C664112633C7023B1E7317DAD3404CAD6BB558D33645","587","charlieecho-jus9-tecnologia-juridica","ORIENTACOES/MODELO_DE_ASSINATURA_JUS9.md","duplicado preservado em charlieecho-jus9-tecnologia-juridica:ORIENTACOES/MODELO_DE_ASSINATURA_JUS9.md"
"DELETE","logs-auditoria-jus9-tecnologia-juridica","ORIENTACOES/MODELO_DE_ASSINATURA_JUS9.md","51BA231F6E522C1CE708C664112633C7023B1E7317DAD3404CAD6BB558D33645","587","charlieecho-jus9-tecnologia-juridica","ORIENTACOES/MODELO_DE_ASSINATURA_JUS9.md","duplicado preservado em charlieecho-jus9-tecnologia-juridica:ORIENTACOES/MODELO_DE_ASSINATURA_JUS9.md"
"DELETE","mvp-jus9-tecnologia-juridica","ORIENTACOES/MODELO_DE_ASSINATURA_JUS9.md","51BA231F6E522C1CE708C664112633C7023B1E7317DAD3404CAD6BB558D33645","587","charlieecho-jus9-tecnologia-juridica","ORIENTACOES/MODELO_DE_ASSINATURA_JUS9.md","duplicado preservado em charlieecho-jus9-tecnologia-juridica:ORIENTACOES/MODELO_DE_ASSINATURA_JUS9.md"
"DELETE","olamundo-jus9-tecnologia-juridica","ORIENTACOES/MODELO_DE_ASSINATURA_JUS9.md","51BA231F6E522C1CE708C664112633C7023B1E7317DAD3404CAD6BB558D33645","587","charlieecho-jus9-tecnologia-juridica","ORIENTACOES/MODELO_DE_ASSINATURA_JUS9.md","duplicado preservado em charlieecho-jus9-tecnologia-juridica:ORIENTACOES/MODELO_DE_ASSINATURA_JUS9.md"
"DELETE","portal-cliente-jus9-tecnologia-juridica","ORIENTACOES/MODELO_DE_ASSINATURA_JUS9.md","51BA231F6E522C1CE708C664112633C7023B1E7317DAD3404CAD6BB558D33645","587","charlieecho-jus9-tecnologia-juridica","ORIENTACOES/MODELO_DE_ASSINATURA_JUS9.md","duplicado preservado em charlieecho-jus9-tecnologia-juridica:ORIENTACOES/MODELO_DE_ASSINATURA_JUS9.md"
"DELETE","primeiroformsctec","ORIENTACOES/MODELO_DE_ASSINATURA_JUS9.md","51BA231F6E522C1CE708C664112633C7023B1E7317DAD3404CAD6BB558D33645","587","charlieecho-jus9-tecnologia-juridica","ORIENTACOES/MODELO_DE_ASSINATURA_JUS9.md","duplicado preservado em charlieecho-jus9-tecnologia-juridica:ORIENTACOES/MODELO_DE_ASSINATURA_JUS9.md"
"DELETE","quandoodesenhofala-jus9-tecnologia-juridica","ORIENTACOES/MODELO_DE_ASSINATURA_JUS9.md","51BA231F6E522C1CE708C664112633C7023B1E7317DAD3404CAD6BB558D33645","587","charlieecho-jus9-tecnologia-juridica","ORIENTACOES/MODELO_DE_ASSINATURA_JUS9.md","duplicado preservado em charlieecho-jus9-tecnologia-juridica:ORIENTACOES/MODELO_DE_ASSINATURA_JUS9.md"
"DELETE","sctec","ORIENTACOES/MODELO_DE_ASSINATURA_JUS9.md","51BA231F6E522C1CE708C664112633C7023B1E7317DAD3404CAD6BB558D33645","587","charlieecho-jus9-tecnologia-juridica","ORIENTACOES/MODELO_DE_ASSINATURA_JUS9.md","duplicado preservado em charlieecho-jus9-tecnologia-juridica:ORIENTACOES/MODELO_DE_ASSINATURA_JUS9.md"
"DELETE","workers-pages-functions-jus9-tecnologia-juridica","ORIENTACOES/MODELO_DE_ASSINATURA_JUS9.md","51BA231F6E522C1CE708C664112633C7023B1E7317DAD3404CAD6BB558D33645","587","charlieecho-jus9-tecnologia-juridica","ORIENTACOES/MODELO_DE_ASSINATURA_JUS9.md","duplicado preservado em charlieecho-jus9-tecnologia-juridica:ORIENTACOES/MODELO_DE_ASSINATURA_JUS9.md"
"DELETE","admin-painel-jus9-tecnologia-juridica","CLASSIFICACAO_DE_CONTEUDO.md","ABE7D4E7CF5BD5FFB0A824C2E686D8FD4AF333A6A99EB2FEF255AFD85C07A763","495","charlieecho-jus9-tecnologia-juridica","CLASSIFICACAO_DE_CONTEUDO.md","duplicado preservado em charlieecho-jus9-tecnologia-juridica:CLASSIFICACAO_DE_CONTEUDO.md"
"DELETE","Aeon-Primevo","CLASSIFICACAO_DE_CONTEUDO.md","ABE7D4E7CF5BD5FFB0A824C2E686D8FD4AF333A6A99EB2FEF255AFD85C07A763","495","charlieecho-jus9-tecnologia-juridica","CLASSIFICACAO_DE_CONTEUDO.md","duplicado preservado em charlieecho-jus9-tecnologia-juridica:CLASSIFICACAO_DE_CONTEUDO.md"
"KEEP","aulas-charlie-echo-jus9-tecnologia-juridica","CLASSIFICACAO_DE_CONTEUDO.md","ABE7D4E7CF5BD5FFB0A824C2E686D8FD4AF333A6A99EB2FEF255AFD85C07A763","495","charlieecho-jus9-tecnologia-juridica","CLASSIFICACAO_DE_CONTEUDO.md","repositorio primario Charlie Echo/aulas/governanca"
"DELETE","auth-identidade-acesso-jus9-tecnologia-juridica","CLASSIFICACAO_DE_CONTEUDO.md","ABE7D4E7CF5BD5FFB0A824C2E686D8FD4AF333A6A99EB2FEF255AFD85C07A763","495","charlieecho-jus9-tecnologia-juridica","CLASSIFICACAO_DE_CONTEUDO.md","duplicado preservado em charlieecho-jus9-tecnologia-juridica:CLASSIFICACAO_DE_CONTEUDO.md"
"DELETE","backend-api-jus9-tecnologia-juridica","CLASSIFICACAO_DE_CONTEUDO.md","ABE7D4E7CF5BD5FFB0A824C2E686D8FD4AF333A6A99EB2FEF255AFD85C07A763","495","charlieecho-jus9-tecnologia-juridica","CLASSIFICACAO_DE_CONTEUDO.md","duplicado preservado em charlieecho-jus9-tecnologia-juridica:CLASSIFICACAO_DE_CONTEUDO.md"
"DELETE","carta-jus9-tecnologia-juridica","CLASSIFICACAO_DE_CONTEUDO.md","ABE7D4E7CF5BD5FFB0A824C2E686D8FD4AF333A6A99EB2FEF255AFD85C07A763","495","charlieecho-jus9-tecnologia-juridica","CLASSIFICACAO_DE_CONTEUDO.md","duplicado preservado em charlieecho-jus9-tecnologia-juridica:CLASSIFICACAO_DE_CONTEUDO.md"
"KEEP","charlieecho-jus9-tecnologia-juridica","CLASSIFICACAO_DE_CONTEUDO.md","ABE7D4E7CF5BD5FFB0A824C2E686D8FD4AF333A6A99EB2FEF255AFD85C07A763","495","charlieecho-jus9-tecnologia-juridica","CLASSIFICACAO_DE_CONTEUDO.md","fonte primaria do grupo"
"DELETE","cofre-documentos-seguros-jus9-tecnologia-juridica","CLASSIFICACAO_DE_CONTEUDO.md","ABE7D4E7CF5BD5FFB0A824C2E686D8FD4AF333A6A99EB2FEF255AFD85C07A763","495","charlieecho-jus9-tecnologia-juridica","CLASSIFICACAO_DE_CONTEUDO.md","duplicado preservado em charlieecho-jus9-tecnologia-juridica:CLASSIFICACAO_DE_CONTEUDO.md"
"DELETE","Creta","CLASSIFICACAO_DE_CONTEUDO.md","ABE7D4E7CF5BD5FFB0A824C2E686D8FD4AF333A6A99EB2FEF255AFD85C07A763","495","charlieecho-jus9-tecnologia-juridica","CLASSIFICACAO_DE_CONTEUDO.md","duplicado preservado em charlieecho-jus9-tecnologia-juridica:CLASSIFICACAO_DE_CONTEUDO.md"
"DELETE","documentacao-jus9-tecnologia-juridica","CLASSIFICACAO_DE_CONTEUDO.md","ABE7D4E7CF5BD5FFB0A824C2E686D8FD4AF333A6A99EB2FEF255AFD85C07A763","495","charlieecho-jus9-tecnologia-juridica","CLASSIFICACAO_DE_CONTEUDO.md","duplicado preservado em charlieecho-jus9-tecnologia-juridica:CLASSIFICACAO_DE_CONTEUDO.md"
"DELETE","equipe-jus9-tecnologia-juridica","CLASSIFICACAO_DE_CONTEUDO.md","ABE7D4E7CF5BD5FFB0A824C2E686D8FD4AF333A6A99EB2FEF255AFD85C07A763","495","charlieecho-jus9-tecnologia-juridica","CLASSIFICACAO_DE_CONTEUDO.md","duplicado preservado em charlieecho-jus9-tecnologia-juridica:CLASSIFICACAO_DE_CONTEUDO.md"
"DELETE","governanca-autoorganizacao-charlie-echo-jus9-tecnologia-juridica","CLASSIFICACAO_DE_CONTEUDO.md","ABE7D4E7CF5BD5FFB0A824C2E686D8FD4AF333A6A99EB2FEF255AFD85C07A763","495","charlieecho-jus9-tecnologia-juridica","CLASSIFICACAO_DE_CONTEUDO.md","duplicado preservado em charlieecho-jus9-tecnologia-juridica:CLASSIFICACAO_DE_CONTEUDO.md"
"KEEP","governanca-jus9-tecnologia-juridica","CLASSIFICACAO_DE_CONTEUDO.md","ABE7D4E7CF5BD5FFB0A824C2E686D8FD4AF333A6A99EB2FEF255AFD85C07A763","495","charlieecho-jus9-tecnologia-juridica","CLASSIFICACAO_DE_CONTEUDO.md","repositorio primario Charlie Echo/aulas/governanca"
"DELETE","ia-dupla-jus9-tecnologia-juridica","CLASSIFICACAO_DE_CONTEUDO.md","ABE7D4E7CF5BD5FFB0A824C2E686D8FD4AF333A6A99EB2FEF255AFD85C07A763","495","charlieecho-jus9-tecnologia-juridica","CLASSIFICACAO_DE_CONTEUDO.md","duplicado preservado em charlieecho-jus9-tecnologia-juridica:CLASSIFICACAO_DE_CONTEUDO.md"
"DELETE","ia-profissional-orquestrador-jus9-tecnologia-juridica","CLASSIFICACAO_DE_CONTEUDO.md","ABE7D4E7CF5BD5FFB0A824C2E686D8FD4AF333A6A99EB2FEF255AFD85C07A763","495","charlieecho-jus9-tecnologia-juridica","CLASSIFICACAO_DE_CONTEUDO.md","duplicado preservado em charlieecho-jus9-tecnologia-juridica:CLASSIFICACAO_DE_CONTEUDO.md"
"DELETE","infra-cloudflare-jus9-tecnologia-juridica","CLASSIFICACAO_DE_CONTEUDO.md","ABE7D4E7CF5BD5FFB0A824C2E686D8FD4AF333A6A99EB2FEF255AFD85C07A763","495","charlieecho-jus9-tecnologia-juridica","CLASSIFICACAO_DE_CONTEUDO.md","duplicado preservado em charlieecho-jus9-tecnologia-juridica:CLASSIFICACAO_DE_CONTEUDO.md"
"DELETE","introducaocss","CLASSIFICACAO_DE_CONTEUDO.md","ABE7D4E7CF5BD5FFB0A824C2E686D8FD4AF333A6A99EB2FEF255AFD85C07A763","495","charlieecho-jus9-tecnologia-juridica","CLASSIFICACAO_DE_CONTEUDO.md","duplicado preservado em charlieecho-jus9-tecnologia-juridica:CLASSIFICACAO_DE_CONTEUDO.md"
"DELETE","juridico-virtual-jus9-tecnologia-juridica","CLASSIFICACAO_DE_CONTEUDO.md","ABE7D4E7CF5BD5FFB0A824C2E686D8FD4AF333A6A99EB2FEF255AFD85C07A763","495","charlieecho-jus9-tecnologia-juridica","CLASSIFICACAO_DE_CONTEUDO.md","duplicado preservado em charlieecho-jus9-tecnologia-juridica:CLASSIFICACAO_DE_CONTEUDO.md"
"DELETE","jus9-tecnologia-juridica","CLASSIFICACAO_DE_CONTEUDO.md","ABE7D4E7CF5BD5FFB0A824C2E686D8FD4AF333A6A99EB2FEF255AFD85C07A763","495","charlieecho-jus9-tecnologia-juridica","CLASSIFICACAO_DE_CONTEUDO.md","duplicado preservado em charlieecho-jus9-tecnologia-juridica:CLASSIFICACAO_DE_CONTEUDO.md"
"DELETE","jus9verde-jus9-tecnologia-juridica","CLASSIFICACAO_DE_CONTEUDO.md","ABE7D4E7CF5BD5FFB0A824C2E686D8FD4AF333A6A99EB2FEF255AFD85C07A763","495","charlieecho-jus9-tecnologia-juridica","CLASSIFICACAO_DE_CONTEUDO.md","duplicado preservado em charlieecho-jus9-tecnologia-juridica:CLASSIFICACAO_DE_CONTEUDO.md"
"DELETE","livros-jus9-tecnologia-juridica","CLASSIFICACAO_DE_CONTEUDO.md","ABE7D4E7CF5BD5FFB0A824C2E686D8FD4AF333A6A99EB2FEF255AFD85C07A763","495","charlieecho-jus9-tecnologia-juridica","CLASSIFICACAO_DE_CONTEUDO.md","duplicado preservado em charlieecho-jus9-tecnologia-juridica:CLASSIFICACAO_DE_CONTEUDO.md"
"DELETE","logs-auditoria-jus9-tecnologia-juridica","CLASSIFICACAO_DE_CONTEUDO.md","ABE7D4E7CF5BD5FFB0A824C2E686D8FD4AF333A6A99EB2FEF255AFD85C07A763","495","charlieecho-jus9-tecnologia-juridica","CLASSIFICACAO_DE_CONTEUDO.md","duplicado preservado em charlieecho-jus9-tecnologia-juridica:CLASSIFICACAO_DE_CONTEUDO.md"
"DELETE","mvp-jus9-tecnologia-juridica","CLASSIFICACAO_DE_CONTEUDO.md","ABE7D4E7CF5BD5FFB0A824C2E686D8FD4AF333A6A99EB2FEF255AFD85C07A763","495","charlieecho-jus9-tecnologia-juridica","CLASSIFICACAO_DE_CONTEUDO.md","duplicado preservado em charlieecho-jus9-tecnologia-juridica:CLASSIFICACAO_DE_CONTEUDO.md"
"DELETE","olamundo-jus9-tecnologia-juridica","CLASSIFICACAO_DE_CONTEUDO.md","ABE7D4E7CF5BD5FFB0A824C2E686D8FD4AF333A6A99EB2FEF255AFD85C07A763","495","charlieecho-jus9-tecnologia-juridica","CLASSIFICACAO_DE_CONTEUDO.md","duplicado preservado em charlieecho-jus9-tecnologia-juridica:CLASSIFICACAO_DE_CONTEUDO.md"
"DELETE","portal-cliente-jus9-tecnologia-juridica","CLASSIFICACAO_DE_CONTEUDO.md","ABE7D4E7CF5BD5FFB0A824C2E686D8FD4AF333A6A99EB2FEF255AFD85C07A763","495","charlieecho-jus9-tecnologia-juridica","CLASSIFICACAO_DE_CONTEUDO.md","duplicado preservado em charlieecho-jus9-tecnologia-juridica:CLASSIFICACAO_DE_CONTEUDO.md"
"DELETE","primeiroformsctec","CLASSIFICACAO_DE_CONTEUDO.md","ABE7D4E7CF5BD5FFB0A824C2E686D8FD4AF333A6A99EB2FEF255AFD85C07A763","495","charlieecho-jus9-tecnologia-juridica","CLASSIFICACAO_DE_CONTEUDO.md","duplicado preservado em charlieecho-jus9-tecnologia-juridica:CLASSIFICACAO_DE_CONTEUDO.md"
"DELETE","quandoodesenhofala-jus9-tecnologia-juridica","CLASSIFICACAO_DE_CONTEUDO.md","ABE7D4E7CF5BD5FFB0A824C2E686D8FD4AF333A6A99EB2FEF255AFD85C07A763","495","charlieecho-jus9-tecnologia-juridica","CLASSIFICACAO_DE_CONTEUDO.md","duplicado preservado em charlieecho-jus9-tecnologia-juridica:CLASSIFICACAO_DE_CONTEUDO.md"
"DELETE","sctec","CLASSIFICACAO_DE_CONTEUDO.md","ABE7D4E7CF5BD5FFB0A824C2E686D8FD4AF333A6A99EB2FEF255AFD85C07A763","495","charlieecho-jus9-tecnologia-juridica","CLASSIFICACAO_DE_CONTEUDO.md","duplicado preservado em charlieecho-jus9-tecnologia-juridica:CLASSIFICACAO_DE_CONTEUDO.md"
"DELETE","workers-pages-functions-jus9-tecnologia-juridica","CLASSIFICACAO_DE_CONTEUDO.md","ABE7D4E7CF5BD5FFB0A824C2E686D8FD4AF333A6A99EB2FEF255AFD85C07A763","495","charlieecho-jus9-tecnologia-juridica","CLASSIFICACAO_DE_CONTEUDO.md","duplicado preservado em charlieecho-jus9-tecnologia-juridica:CLASSIFICACAO_DE_CONTEUDO.md"
"DELETE","admin-painel-jus9-tecnologia-juridica","ORIENTACOES/CHAVE_PROTOCOLO_MAO_NA_MASSA.md","B722980B5191E81157839D7038F1E8ED502CD3074C51B5C16005C3AC861ED122","380","charlieecho-jus9-tecnologia-juridica","ORIENTACOES/CHAVE_PROTOCOLO_MAO_NA_MASSA.md","duplicado preservado em charlieecho-jus9-tecnologia-juridica:ORIENTACOES/CHAVE_PROTOCOLO_MAO_NA_MASSA.md"
"DELETE","Aeon-Primevo","ORIENTACOES/CHAVE_PROTOCOLO_MAO_NA_MASSA.md","B722980B5191E81157839D7038F1E8ED502CD3074C51B5C16005C3AC861ED122","380","charlieecho-jus9-tecnologia-juridica","ORIENTACOES/CHAVE_PROTOCOLO_MAO_NA_MASSA.md","duplicado preservado em charlieecho-jus9-tecnologia-juridica:ORIENTACOES/CHAVE_PROTOCOLO_MAO_NA_MASSA.md"
"KEEP","aulas-charlie-echo-jus9-tecnologia-juridica","ORIENTACOES/CHAVE_PROTOCOLO_MAO_NA_MASSA.md","B722980B5191E81157839D7038F1E8ED502CD3074C51B5C16005C3AC861ED122","380","charlieecho-jus9-tecnologia-juridica","ORIENTACOES/CHAVE_PROTOCOLO_MAO_NA_MASSA.md","repositorio primario Charlie Echo/aulas/governanca"
"DELETE","auth-identidade-acesso-jus9-tecnologia-juridica","ORIENTACOES/CHAVE_PROTOCOLO_MAO_NA_MASSA.md","B722980B5191E81157839D7038F1E8ED502CD3074C51B5C16005C3AC861ED122","380","charlieecho-jus9-tecnologia-juridica","ORIENTACOES/CHAVE_PROTOCOLO_MAO_NA_MASSA.md","duplicado preservado em charlieecho-jus9-tecnologia-juridica:ORIENTACOES/CHAVE_PROTOCOLO_MAO_NA_MASSA.md"
"DELETE","backend-api-jus9-tecnologia-juridica","ORIENTACOES/CHAVE_PROTOCOLO_MAO_NA_MASSA.md","B722980B5191E81157839D7038F1E8ED502CD3074C51B5C16005C3AC861ED122","380","charlieecho-jus9-tecnologia-juridica","ORIENTACOES/CHAVE_PROTOCOLO_MAO_NA_MASSA.md","duplicado preservado em charlieecho-jus9-tecnologia-juridica:ORIENTACOES/CHAVE_PROTOCOLO_MAO_NA_MASSA.md"
"DELETE","carta-jus9-tecnologia-juridica","ORIENTACOES/CHAVE_PROTOCOLO_MAO_NA_MASSA.md","B722980B5191E81157839D7038F1E8ED502CD3074C51B5C16005C3AC861ED122","380","charlieecho-jus9-tecnologia-juridica","ORIENTACOES/CHAVE_PROTOCOLO_MAO_NA_MASSA.md","duplicado preservado em charlieecho-jus9-tecnologia-juridica:ORIENTACOES/CHAVE_PROTOCOLO_MAO_NA_MASSA.md"
"KEEP","charlieecho-jus9-tecnologia-juridica","ORIENTACOES/CHAVE_PROTOCOLO_MAO_NA_MASSA.md","B722980B5191E81157839D7038F1E8ED502CD3074C51B5C16005C3AC861ED122","380","charlieecho-jus9-tecnologia-juridica","ORIENTACOES/CHAVE_PROTOCOLO_MAO_NA_MASSA.md","fonte primaria do grupo"
"DELETE","cofre-documentos-seguros-jus9-tecnologia-juridica","ORIENTACOES/CHAVE_PROTOCOLO_MAO_NA_MASSA.md","B722980B5191E81157839D7038F1E8ED502CD3074C51B5C16005C3AC861ED122","380","charlieecho-jus9-tecnologia-juridica","ORIENTACOES/CHAVE_PROTOCOLO_MAO_NA_MASSA.md","duplicado preservado em charlieecho-jus9-tecnologia-juridica:ORIENTACOES/CHAVE_PROTOCOLO_MAO_NA_MASSA.md"
"DELETE","Creta","ORIENTACOES/CHAVE_PROTOCOLO_MAO_NA_MASSA.md","B722980B5191E81157839D7038F1E8ED502CD3074C51B5C16005C3AC861ED122","380","charlieecho-jus9-tecnologia-juridica","ORIENTACOES/CHAVE_PROTOCOLO_MAO_NA_MASSA.md","duplicado preservado em charlieecho-jus9-tecnologia-juridica:ORIENTACOES/CHAVE_PROTOCOLO_MAO_NA_MASSA.md"
"DELETE","documentacao-jus9-tecnologia-juridica","ORIENTACOES/CHAVE_PROTOCOLO_MAO_NA_MASSA.md","B722980B5191E81157839D7038F1E8ED502CD3074C51B5C16005C3AC861ED122","380","charlieecho-jus9-tecnologia-juridica","ORIENTACOES/CHAVE_PROTOCOLO_MAO_NA_MASSA.md","duplicado preservado em charlieecho-jus9-tecnologia-juridica:ORIENTACOES/CHAVE_PROTOCOLO_MAO_NA_MASSA.md"
"DELETE","equipe-jus9-tecnologia-juridica","orientacoes/CHAVE_PROTOCOLO_MAO_NA_MASSA.md","B722980B5191E81157839D7038F1E8ED502CD3074C51B5C16005C3AC861ED122","380","charlieecho-jus9-tecnologia-juridica","ORIENTACOES/CHAVE_PROTOCOLO_MAO_NA_MASSA.md","duplicado preservado em charlieecho-jus9-tecnologia-juridica:ORIENTACOES/CHAVE_PROTOCOLO_MAO_NA_MASSA.md"
"DELETE","governanca-autoorganizacao-charlie-echo-jus9-tecnologia-juridica","ORIENTACOES/CHAVE_PROTOCOLO_MAO_NA_MASSA.md","B722980B5191E81157839D7038F1E8ED502CD3074C51B5C16005C3AC861ED122","380","charlieecho-jus9-tecnologia-juridica","ORIENTACOES/CHAVE_PROTOCOLO_MAO_NA_MASSA.md","duplicado preservado em charlieecho-jus9-tecnologia-juridica:ORIENTACOES/CHAVE_PROTOCOLO_MAO_NA_MASSA.md"
"KEEP","governanca-jus9-tecnologia-juridica","ORIENTACOES/CHAVE_PROTOCOLO_MAO_NA_MASSA.md","B722980B5191E81157839D7038F1E8ED502CD3074C51B5C16005C3AC861ED122","380","charlieecho-jus9-tecnologia-juridica","ORIENTACOES/CHAVE_PROTOCOLO_MAO_NA_MASSA.md","repositorio primario Charlie Echo/aulas/governanca"
"DELETE","ia-dupla-jus9-tecnologia-juridica","ORIENTACOES/CHAVE_PROTOCOLO_MAO_NA_MASSA.md","B722980B5191E81157839D7038F1E8ED502CD3074C51B5C16005C3AC861ED122","380","charlieecho-jus9-tecnologia-juridica","ORIENTACOES/CHAVE_PROTOCOLO_MAO_NA_MASSA.md","duplicado preservado em charlieecho-jus9-tecnologia-juridica:ORIENTACOES/CHAVE_PROTOCOLO_MAO_NA_MASSA.md"
"DELETE","ia-profissional-orquestrador-jus9-tecnologia-juridica","ORIENTACOES/CHAVE_PROTOCOLO_MAO_NA_MASSA.md","B722980B5191E81157839D7038F1E8ED502CD3074C51B5C16005C3AC861ED122","380","charlieecho-jus9-tecnologia-juridica","ORIENTACOES/CHAVE_PROTOCOLO_MAO_NA_MASSA.md","duplicado preservado em charlieecho-jus9-tecnologia-juridica:ORIENTACOES/CHAVE_PROTOCOLO_MAO_NA_MASSA.md"
"DELETE","infra-cloudflare-jus9-tecnologia-juridica","ORIENTACOES/CHAVE_PROTOCOLO_MAO_NA_MASSA.md","B722980B5191E81157839D7038F1E8ED502CD3074C51B5C16005C3AC861ED122","380","charlieecho-jus9-tecnologia-juridica","ORIENTACOES/CHAVE_PROTOCOLO_MAO_NA_MASSA.md","duplicado preservado em charlieecho-jus9-tecnologia-juridica:ORIENTACOES/CHAVE_PROTOCOLO_MAO_NA_MASSA.md"
"DELETE","introducaocss","ORIENTACOES/CHAVE_PROTOCOLO_MAO_NA_MASSA.md","B722980B5191E81157839D7038F1E8ED502CD3074C51B5C16005C3AC861ED122","380","charlieecho-jus9-tecnologia-juridica","ORIENTACOES/CHAVE_PROTOCOLO_MAO_NA_MASSA.md","duplicado preservado em charlieecho-jus9-tecnologia-juridica:ORIENTACOES/CHAVE_PROTOCOLO_MAO_NA_MASSA.md"
"DELETE","juridico-virtual-jus9-tecnologia-juridica","ORIENTACOES/CHAVE_PROTOCOLO_MAO_NA_MASSA.md","B722980B5191E81157839D7038F1E8ED502CD3074C51B5C16005C3AC861ED122","380","charlieecho-jus9-tecnologia-juridica","ORIENTACOES/CHAVE_PROTOCOLO_MAO_NA_MASSA.md","duplicado preservado em charlieecho-jus9-tecnologia-juridica:ORIENTACOES/CHAVE_PROTOCOLO_MAO_NA_MASSA.md"
"DELETE","jus9-tecnologia-juridica","ORIENTACOES/CHAVE_PROTOCOLO_MAO_NA_MASSA.md","B722980B5191E81157839D7038F1E8ED502CD3074C51B5C16005C3AC861ED122","380","charlieecho-jus9-tecnologia-juridica","ORIENTACOES/CHAVE_PROTOCOLO_MAO_NA_MASSA.md","duplicado preservado em charlieecho-jus9-tecnologia-juridica:ORIENTACOES/CHAVE_PROTOCOLO_MAO_NA_MASSA.md"
"DELETE","jus9verde-jus9-tecnologia-juridica","ORIENTACOES/CHAVE_PROTOCOLO_MAO_NA_MASSA.md","B722980B5191E81157839D7038F1E8ED502CD3074C51B5C16005C3AC861ED122","380","charlieecho-jus9-tecnologia-juridica","ORIENTACOES/CHAVE_PROTOCOLO_MAO_NA_MASSA.md","duplicado preservado em charlieecho-jus9-tecnologia-juridica:ORIENTACOES/CHAVE_PROTOCOLO_MAO_NA_MASSA.md"
"DELETE","livros-jus9-tecnologia-juridica","ORIENTACOES/CHAVE_PROTOCOLO_MAO_NA_MASSA.md","B722980B5191E81157839D7038F1E8ED502CD3074C51B5C16005C3AC861ED122","380","charlieecho-jus9-tecnologia-juridica","ORIENTACOES/CHAVE_PROTOCOLO_MAO_NA_MASSA.md","duplicado preservado em charlieecho-jus9-tecnologia-juridica:ORIENTACOES/CHAVE_PROTOCOLO_MAO_NA_MASSA.md"
"DELETE","logs-auditoria-jus9-tecnologia-juridica","ORIENTACOES/CHAVE_PROTOCOLO_MAO_NA_MASSA.md","B722980B5191E81157839D7038F1E8ED502CD3074C51B5C16005C3AC861ED122","380","charlieecho-jus9-tecnologia-juridica","ORIENTACOES/CHAVE_PROTOCOLO_MAO_NA_MASSA.md","duplicado preservado em charlieecho-jus9-tecnologia-juridica:ORIENTACOES/CHAVE_PROTOCOLO_MAO_NA_MASSA.md"
"DELETE","mvp-jus9-tecnologia-juridica","ORIENTACOES/CHAVE_PROTOCOLO_MAO_NA_MASSA.md","B722980B5191E81157839D7038F1E8ED502CD3074C51B5C16005C3AC861ED122","380","charlieecho-jus9-tecnologia-juridica","ORIENTACOES/CHAVE_PROTOCOLO_MAO_NA_MASSA.md","duplicado preservado em charlieecho-jus9-tecnologia-juridica:ORIENTACOES/CHAVE_PROTOCOLO_MAO_NA_MASSA.md"
"DELETE","olamundo-jus9-tecnologia-juridica","ORIENTACOES/CHAVE_PROTOCOLO_MAO_NA_MASSA.md","B722980B5191E81157839D7038F1E8ED502CD3074C51B5C16005C3AC861ED122","380","charlieecho-jus9-tecnologia-juridica","ORIENTACOES/CHAVE_PROTOCOLO_MAO_NA_MASSA.md","duplicado preservado em charlieecho-jus9-tecnologia-juridica:ORIENTACOES/CHAVE_PROTOCOLO_MAO_NA_MASSA.md"
"DELETE","portal-cliente-jus9-tecnologia-juridica","ORIENTACOES/CHAVE_PROTOCOLO_MAO_NA_MASSA.md","B722980B5191E81157839D7038F1E8ED502CD3074C51B5C16005C3AC861ED122","380","charlieecho-jus9-tecnologia-juridica","ORIENTACOES/CHAVE_PROTOCOLO_MAO_NA_MASSA.md","duplicado preservado em charlieecho-jus9-tecnologia-juridica:ORIENTACOES/CHAVE_PROTOCOLO_MAO_NA_MASSA.md"
"DELETE","primeiroformsctec","ORIENTACOES/CHAVE_PROTOCOLO_MAO_NA_MASSA.md","B722980B5191E81157839D7038F1E8ED502CD3074C51B5C16005C3AC861ED122","380","charlieecho-jus9-tecnologia-juridica","ORIENTACOES/CHAVE_PROTOCOLO_MAO_NA_MASSA.md","duplicado preservado em charlieecho-jus9-tecnologia-juridica:ORIENTACOES/CHAVE_PROTOCOLO_MAO_NA_MASSA.md"
"DELETE","quandoodesenhofala-jus9-tecnologia-juridica","ORIENTACOES/CHAVE_PROTOCOLO_MAO_NA_MASSA.md","B722980B5191E81157839D7038F1E8ED502CD3074C51B5C16005C3AC861ED122","380","charlieecho-jus9-tecnologia-juridica","ORIENTACOES/CHAVE_PROTOCOLO_MAO_NA_MASSA.md","duplicado preservado em charlieecho-jus9-tecnologia-juridica:ORIENTACOES/CHAVE_PROTOCOLO_MAO_NA_MASSA.md"
"DELETE","sctec","ORIENTACOES/CHAVE_PROTOCOLO_MAO_NA_MASSA.md","B722980B5191E81157839D7038F1E8ED502CD3074C51B5C16005C3AC861ED122","380","charlieecho-jus9-tecnologia-juridica","ORIENTACOES/CHAVE_PROTOCOLO_MAO_NA_MASSA.md","duplicado preservado em charlieecho-jus9-tecnologia-juridica:ORIENTACOES/CHAVE_PROTOCOLO_MAO_NA_MASSA.md"
"DELETE","workers-pages-functions-jus9-tecnologia-juridica","ORIENTACOES/CHAVE_PROTOCOLO_MAO_NA_MASSA.md","B722980B5191E81157839D7038F1E8ED502CD3074C51B5C16005C3AC861ED122","380","charlieecho-jus9-tecnologia-juridica","ORIENTACOES/CHAVE_PROTOCOLO_MAO_NA_MASSA.md","duplicado preservado em charlieecho-jus9-tecnologia-juridica:ORIENTACOES/CHAVE_PROTOCOLO_MAO_NA_MASSA.md"
"DELETE","admin-painel-jus9-tecnologia-juridica","assets/img/preview-olamundo.png","1C3ED857164FEFDA77EA82A917BB6CC4B1C3CBB8F3F242950DBC2CB1F61F2A9A","1787602","charlieecho-jus9-tecnologia-juridica","assets/img/preview-olamundo.png","duplicado preservado em charlieecho-jus9-tecnologia-juridica:assets/img/preview-olamundo.png"
"DELETE","Aeon-Primevo","assets/img/preview-olamundo.png","1C3ED857164FEFDA77EA82A917BB6CC4B1C3CBB8F3F242950DBC2CB1F61F2A9A","1787602","charlieecho-jus9-tecnologia-juridica","assets/img/preview-olamundo.png","duplicado preservado em charlieecho-jus9-tecnologia-juridica:assets/img/preview-olamundo.png"
"KEEP","aulas-charlie-echo-jus9-tecnologia-juridica","assets/img/preview-olamundo.png","1C3ED857164FEFDA77EA82A917BB6CC4B1C3CBB8F3F242950DBC2CB1F61F2A9A","1787602","charlieecho-jus9-tecnologia-juridica","assets/img/preview-olamundo.png","repositorio primario Charlie Echo/aulas/governanca"
"DELETE","auth-identidade-acesso-jus9-tecnologia-juridica","assets/img/preview-olamundo.png","1C3ED857164FEFDA77EA82A917BB6CC4B1C3CBB8F3F242950DBC2CB1F61F2A9A","1787602","charlieecho-jus9-tecnologia-juridica","assets/img/preview-olamundo.png","duplicado preservado em charlieecho-jus9-tecnologia-juridica:assets/img/preview-olamundo.png"
"DELETE","backend-api-jus9-tecnologia-juridica","assets/img/preview-olamundo.png","1C3ED857164FEFDA77EA82A917BB6CC4B1C3CBB8F3F242950DBC2CB1F61F2A9A","1787602","charlieecho-jus9-tecnologia-juridica","assets/img/preview-olamundo.png","duplicado preservado em charlieecho-jus9-tecnologia-juridica:assets/img/preview-olamundo.png"
"DELETE","carta-jus9-tecnologia-juridica","assets/img/preview-olamundo.png","1C3ED857164FEFDA77EA82A917BB6CC4B1C3CBB8F3F242950DBC2CB1F61F2A9A","1787602","charlieecho-jus9-tecnologia-juridica","assets/img/preview-olamundo.png","duplicado preservado em charlieecho-jus9-tecnologia-juridica:assets/img/preview-olamundo.png"
"KEEP","charlieecho-jus9-tecnologia-juridica","assets/img/preview-olamundo.png","1C3ED857164FEFDA77EA82A917BB6CC4B1C3CBB8F3F242950DBC2CB1F61F2A9A","1787602","charlieecho-jus9-tecnologia-juridica","assets/img/preview-olamundo.png","fonte primaria do grupo"
"DELETE","cofre-documentos-seguros-jus9-tecnologia-juridica","assets/img/preview-olamundo.png","1C3ED857164FEFDA77EA82A917BB6CC4B1C3CBB8F3F242950DBC2CB1F61F2A9A","1787602","charlieecho-jus9-tecnologia-juridica","assets/img/preview-olamundo.png","duplicado preservado em charlieecho-jus9-tecnologia-juridica:assets/img/preview-olamundo.png"
"DELETE","Creta","assets/img/preview-olamundo.png","1C3ED857164FEFDA77EA82A917BB6CC4B1C3CBB8F3F242950DBC2CB1F61F2A9A","1787602","charlieecho-jus9-tecnologia-juridica","assets/img/preview-olamundo.png","duplicado preservado em charlieecho-jus9-tecnologia-juridica:assets/img/preview-olamundo.png"
"DELETE","documentacao-jus9-tecnologia-juridica","assets/img/preview-olamundo.png","1C3ED857164FEFDA77EA82A917BB6CC4B1C3CBB8F3F242950DBC2CB1F61F2A9A","1787602","charlieecho-jus9-tecnologia-juridica","assets/img/preview-olamundo.png","duplicado preservado em charlieecho-jus9-tecnologia-juridica:assets/img/preview-olamundo.png"
"DELETE","equipe-jus9-tecnologia-juridica","assets/img/preview-olamundo.png","1C3ED857164FEFDA77EA82A917BB6CC4B1C3CBB8F3F242950DBC2CB1F61F2A9A","1787602","charlieecho-jus9-tecnologia-juridica","assets/img/preview-olamundo.png","duplicado preservado em charlieecho-jus9-tecnologia-juridica:assets/img/preview-olamundo.png"
"DELETE","governanca-autoorganizacao-charlie-echo-jus9-tecnologia-juridica","assets/img/preview-olamundo.png","1C3ED857164FEFDA77EA82A917BB6CC4B1C3CBB8F3F242950DBC2CB1F61F2A9A","1787602","charlieecho-jus9-tecnologia-juridica","assets/img/preview-olamundo.png","duplicado preservado em charlieecho-jus9-tecnologia-juridica:assets/img/preview-olamundo.png"
"KEEP","governanca-jus9-tecnologia-juridica","assets/img/preview-olamundo.png","1C3ED857164FEFDA77EA82A917BB6CC4B1C3CBB8F3F242950DBC2CB1F61F2A9A","1787602","charlieecho-jus9-tecnologia-juridica","assets/img/preview-olamundo.png","repositorio primario Charlie Echo/aulas/governanca"
"DELETE","ia-profissional-orquestrador-jus9-tecnologia-juridica","assets/img/preview-olamundo.png","1C3ED857164FEFDA77EA82A917BB6CC4B1C3CBB8F3F242950DBC2CB1F61F2A9A","1787602","charlieecho-jus9-tecnologia-juridica","assets/img/preview-olamundo.png","duplicado preservado em charlieecho-jus9-tecnologia-juridica:assets/img/preview-olamundo.png"
"DELETE","infra-cloudflare-jus9-tecnologia-juridica","assets/img/preview-olamundo.png","1C3ED857164FEFDA77EA82A917BB6CC4B1C3CBB8F3F242950DBC2CB1F61F2A9A","1787602","charlieecho-jus9-tecnologia-juridica","assets/img/preview-olamundo.png","duplicado preservado em charlieecho-jus9-tecnologia-juridica:assets/img/preview-olamundo.png"
"DELETE","introducaocss","assets/img/preview-olamundo.png","1C3ED857164FEFDA77EA82A917BB6CC4B1C3CBB8F3F242950DBC2CB1F61F2A9A","1787602","charlieecho-jus9-tecnologia-juridica","assets/img/preview-olamundo.png","duplicado preservado em charlieecho-jus9-tecnologia-juridica:assets/img/preview-olamundo.png"
"DELETE","juridico-virtual-jus9-tecnologia-juridica","assets/img/preview-olamundo.png","1C3ED857164FEFDA77EA82A917BB6CC4B1C3CBB8F3F242950DBC2CB1F61F2A9A","1787602","charlieecho-jus9-tecnologia-juridica","assets/img/preview-olamundo.png","duplicado preservado em charlieecho-jus9-tecnologia-juridica:assets/img/preview-olamundo.png"
"DELETE","jus9-tecnologia-juridica","assets/img/preview-olamundo.png","1C3ED857164FEFDA77EA82A917BB6CC4B1C3CBB8F3F242950DBC2CB1F61F2A9A","1787602","charlieecho-jus9-tecnologia-juridica","assets/img/preview-olamundo.png","duplicado preservado em charlieecho-jus9-tecnologia-juridica:assets/img/preview-olamundo.png"
"DELETE","jus9verde-jus9-tecnologia-juridica","assets/img/preview-olamundo.png","1C3ED857164FEFDA77EA82A917BB6CC4B1C3CBB8F3F242950DBC2CB1F61F2A9A","1787602","charlieecho-jus9-tecnologia-juridica","assets/img/preview-olamundo.png","duplicado preservado em charlieecho-jus9-tecnologia-juridica:assets/img/preview-olamundo.png"
"DELETE","livros-jus9-tecnologia-juridica","assets/img/preview-olamundo.png","1C3ED857164FEFDA77EA82A917BB6CC4B1C3CBB8F3F242950DBC2CB1F61F2A9A","1787602","charlieecho-jus9-tecnologia-juridica","assets/img/preview-olamundo.png","duplicado preservado em charlieecho-jus9-tecnologia-juridica:assets/img/preview-olamundo.png"
"DELETE","logs-auditoria-jus9-tecnologia-juridica","assets/img/preview-olamundo.png","1C3ED857164FEFDA77EA82A917BB6CC4B1C3CBB8F3F242950DBC2CB1F61F2A9A","1787602","charlieecho-jus9-tecnologia-juridica","assets/img/preview-olamundo.png","duplicado preservado em charlieecho-jus9-tecnologia-juridica:assets/img/preview-olamundo.png"
"DELETE","mvp-jus9-tecnologia-juridica","assets/img/preview-olamundo.png","1C3ED857164FEFDA77EA82A917BB6CC4B1C3CBB8F3F242950DBC2CB1F61F2A9A","1787602","charlieecho-jus9-tecnologia-juridica","assets/img/preview-olamundo.png","duplicado preservado em charlieecho-jus9-tecnologia-juridica:assets/img/preview-olamundo.png"
"KEEP","olamundo-jus9-tecnologia-juridica","assets/img/preview-olamundo.png","1C3ED857164FEFDA77EA82A917BB6CC4B1C3CBB8F3F242950DBC2CB1F61F2A9A","1787602","charlieecho-jus9-tecnologia-juridica","assets/img/preview-olamundo.png","asset ou arquivo referenciado no proprio repositorio"
"DELETE","portal-cliente-jus9-tecnologia-juridica","assets/img/preview-olamundo.png","1C3ED857164FEFDA77EA82A917BB6CC4B1C3CBB8F3F242950DBC2CB1F61F2A9A","1787602","charlieecho-jus9-tecnologia-juridica","assets/img/preview-olamundo.png","duplicado preservado em charlieecho-jus9-tecnologia-juridica:assets/img/preview-olamundo.png"
"DELETE","primeiroformsctec","assets/img/preview-olamundo.png","1C3ED857164FEFDA77EA82A917BB6CC4B1C3CBB8F3F242950DBC2CB1F61F2A9A","1787602","charlieecho-jus9-tecnologia-juridica","assets/img/preview-olamundo.png","duplicado preservado em charlieecho-jus9-tecnologia-juridica:assets/img/preview-olamundo.png"
"DELETE","quandoodesenhofala-jus9-tecnologia-juridica","assets/img/preview-olamundo.png","1C3ED857164FEFDA77EA82A917BB6CC4B1C3CBB8F3F242950DBC2CB1F61F2A9A","1787602","charlieecho-jus9-tecnologia-juridica","assets/img/preview-olamundo.png","duplicado preservado em charlieecho-jus9-tecnologia-juridica:assets/img/preview-olamundo.png"
"DELETE","sctec","assets/img/preview-olamundo.png","1C3ED857164FEFDA77EA82A917BB6CC4B1C3CBB8F3F242950DBC2CB1F61F2A9A","1787602","charlieecho-jus9-tecnologia-juridica","assets/img/preview-olamundo.png","duplicado preservado em charlieecho-jus9-tecnologia-juridica:assets/img/preview-olamundo.png"
"DELETE","workers-pages-functions-jus9-tecnologia-juridica","assets/img/preview-olamundo.png","1C3ED857164FEFDA77EA82A917BB6CC4B1C3CBB8F3F242950DBC2CB1F61F2A9A","1787602","charlieecho-jus9-tecnologia-juridica","assets/img/preview-olamundo.png","duplicado preservado em charlieecho-jus9-tecnologia-juridica:assets/img/preview-olamundo.png"
"DELETE","admin-painel-jus9-tecnologia-juridica","assets/img/album-charlie.png","ED1EEBBACFBF7BA6A502C3A70B4C9E16015CE477D9930E5B1C8B223FB6526E06","1751303","charlieecho-jus9-tecnologia-juridica","assets/img/album-charlie.png","duplicado preservado em charlieecho-jus9-tecnologia-juridica:assets/img/album-charlie.png"
"DELETE","Aeon-Primevo","assets/img/album-charlie.png","ED1EEBBACFBF7BA6A502C3A70B4C9E16015CE477D9930E5B1C8B223FB6526E06","1751303","charlieecho-jus9-tecnologia-juridica","assets/img/album-charlie.png","duplicado preservado em charlieecho-jus9-tecnologia-juridica:assets/img/album-charlie.png"
"KEEP","aulas-charlie-echo-jus9-tecnologia-juridica","assets/img/album-charlie.png","ED1EEBBACFBF7BA6A502C3A70B4C9E16015CE477D9930E5B1C8B223FB6526E06","1751303","charlieecho-jus9-tecnologia-juridica","assets/img/album-charlie.png","repositorio primario Charlie Echo/aulas/governanca"
"DELETE","auth-identidade-acesso-jus9-tecnologia-juridica","assets/img/album-charlie.png","ED1EEBBACFBF7BA6A502C3A70B4C9E16015CE477D9930E5B1C8B223FB6526E06","1751303","charlieecho-jus9-tecnologia-juridica","assets/img/album-charlie.png","duplicado preservado em charlieecho-jus9-tecnologia-juridica:assets/img/album-charlie.png"
"DELETE","backend-api-jus9-tecnologia-juridica","assets/img/album-charlie.png","ED1EEBBACFBF7BA6A502C3A70B4C9E16015CE477D9930E5B1C8B223FB6526E06","1751303","charlieecho-jus9-tecnologia-juridica","assets/img/album-charlie.png","duplicado preservado em charlieecho-jus9-tecnologia-juridica:assets/img/album-charlie.png"
"DELETE","carta-jus9-tecnologia-juridica","assets/img/album-charlie.png","ED1EEBBACFBF7BA6A502C3A70B4C9E16015CE477D9930E5B1C8B223FB6526E06","1751303","charlieecho-jus9-tecnologia-juridica","assets/img/album-charlie.png","duplicado preservado em charlieecho-jus9-tecnologia-juridica:assets/img/album-charlie.png"
"KEEP","charlieecho-jus9-tecnologia-juridica","assets/img/album-charlie.png","ED1EEBBACFBF7BA6A502C3A70B4C9E16015CE477D9930E5B1C8B223FB6526E06","1751303","charlieecho-jus9-tecnologia-juridica","assets/img/album-charlie.png","fonte primaria do grupo"
"DELETE","cofre-documentos-seguros-jus9-tecnologia-juridica","assets/img/album-charlie.png","ED1EEBBACFBF7BA6A502C3A70B4C9E16015CE477D9930E5B1C8B223FB6526E06","1751303","charlieecho-jus9-tecnologia-juridica","assets/img/album-charlie.png","duplicado preservado em charlieecho-jus9-tecnologia-juridica:assets/img/album-charlie.png"
"DELETE","Creta","assets/img/album-charlie.png","ED1EEBBACFBF7BA6A502C3A70B4C9E16015CE477D9930E5B1C8B223FB6526E06","1751303","charlieecho-jus9-tecnologia-juridica","assets/img/album-charlie.png","duplicado preservado em charlieecho-jus9-tecnologia-juridica:assets/img/album-charlie.png"
"DELETE","documentacao-jus9-tecnologia-juridica","assets/img/album-charlie.png","ED1EEBBACFBF7BA6A502C3A70B4C9E16015CE477D9930E5B1C8B223FB6526E06","1751303","charlieecho-jus9-tecnologia-juridica","assets/img/album-charlie.png","duplicado preservado em charlieecho-jus9-tecnologia-juridica:assets/img/album-charlie.png"
"DELETE","equipe-jus9-tecnologia-juridica","assets/img/album-charlie.png","ED1EEBBACFBF7BA6A502C3A70B4C9E16015CE477D9930E5B1C8B223FB6526E06","1751303","charlieecho-jus9-tecnologia-juridica","assets/img/album-charlie.png","duplicado preservado em charlieecho-jus9-tecnologia-juridica:assets/img/album-charlie.png"
"DELETE","governanca-autoorganizacao-charlie-echo-jus9-tecnologia-juridica","assets/img/album-charlie.png","ED1EEBBACFBF7BA6A502C3A70B4C9E16015CE477D9930E5B1C8B223FB6526E06","1751303","charlieecho-jus9-tecnologia-juridica","assets/img/album-charlie.png","duplicado preservado em charlieecho-jus9-tecnologia-juridica:assets/img/album-charlie.png"
"KEEP","governanca-jus9-tecnologia-juridica","assets/img/album-charlie.png","ED1EEBBACFBF7BA6A502C3A70B4C9E16015CE477D9930E5B1C8B223FB6526E06","1751303","charlieecho-jus9-tecnologia-juridica","assets/img/album-charlie.png","repositorio primario Charlie Echo/aulas/governanca"
"DELETE","ia-profissional-orquestrador-jus9-tecnologia-juridica","assets/img/album-charlie.png","ED1EEBBACFBF7BA6A502C3A70B4C9E16015CE477D9930E5B1C8B223FB6526E06","1751303","charlieecho-jus9-tecnologia-juridica","assets/img/album-charlie.png","duplicado preservado em charlieecho-jus9-tecnologia-juridica:assets/img/album-charlie.png"
"DELETE","infra-cloudflare-jus9-tecnologia-juridica","assets/img/album-charlie.png","ED1EEBBACFBF7BA6A502C3A70B4C9E16015CE477D9930E5B1C8B223FB6526E06","1751303","charlieecho-jus9-tecnologia-juridica","assets/img/album-charlie.png","duplicado preservado em charlieecho-jus9-tecnologia-juridica:assets/img/album-charlie.png"
"DELETE","introducaocss","assets/img/album-charlie.png","ED1EEBBACFBF7BA6A502C3A70B4C9E16015CE477D9930E5B1C8B223FB6526E06","1751303","charlieecho-jus9-tecnologia-juridica","assets/img/album-charlie.png","duplicado preservado em charlieecho-jus9-tecnologia-juridica:assets/img/album-charlie.png"
"DELETE","juridico-virtual-jus9-tecnologia-juridica","assets/img/album-charlie.png","ED1EEBBACFBF7BA6A502C3A70B4C9E16015CE477D9930E5B1C8B223FB6526E06","1751303","charlieecho-jus9-tecnologia-juridica","assets/img/album-charlie.png","duplicado preservado em charlieecho-jus9-tecnologia-juridica:assets/img/album-charlie.png"
"DELETE","jus9-tecnologia-juridica","assets/img/album-charlie.png","ED1EEBBACFBF7BA6A502C3A70B4C9E16015CE477D9930E5B1C8B223FB6526E06","1751303","charlieecho-jus9-tecnologia-juridica","assets/img/album-charlie.png","duplicado preservado em charlieecho-jus9-tecnologia-juridica:assets/img/album-charlie.png"
"DELETE","jus9verde-jus9-tecnologia-juridica","assets/img/album-charlie.png","ED1EEBBACFBF7BA6A502C3A70B4C9E16015CE477D9930E5B1C8B223FB6526E06","1751303","charlieecho-jus9-tecnologia-juridica","assets/img/album-charlie.png","duplicado preservado em charlieecho-jus9-tecnologia-juridica:assets/img/album-charlie.png"
"DELETE","livros-jus9-tecnologia-juridica","assets/img/album-charlie.png","ED1EEBBACFBF7BA6A502C3A70B4C9E16015CE477D9930E5B1C8B223FB6526E06","1751303","charlieecho-jus9-tecnologia-juridica","assets/img/album-charlie.png","duplicado preservado em charlieecho-jus9-tecnologia-juridica:assets/img/album-charlie.png"
"DELETE","logs-auditoria-jus9-tecnologia-juridica","assets/img/album-charlie.png","ED1EEBBACFBF7BA6A502C3A70B4C9E16015CE477D9930E5B1C8B223FB6526E06","1751303","charlieecho-jus9-tecnologia-juridica","assets/img/album-charlie.png","duplicado preservado em charlieecho-jus9-tecnologia-juridica:assets/img/album-charlie.png"
"DELETE","mvp-jus9-tecnologia-juridica","assets/img/album-charlie.png","ED1EEBBACFBF7BA6A502C3A70B4C9E16015CE477D9930E5B1C8B223FB6526E06","1751303","charlieecho-jus9-tecnologia-juridica","assets/img/album-charlie.png","duplicado preservado em charlieecho-jus9-tecnologia-juridica:assets/img/album-charlie.png"
"DELETE","olamundo-jus9-tecnologia-juridica","assets/img/album-charlie.png","ED1EEBBACFBF7BA6A502C3A70B4C9E16015CE477D9930E5B1C8B223FB6526E06","1751303","charlieecho-jus9-tecnologia-juridica","assets/img/album-charlie.png","duplicado preservado em charlieecho-jus9-tecnologia-juridica:assets/img/album-charlie.png"
"DELETE","portal-cliente-jus9-tecnologia-juridica","assets/img/album-charlie.png","ED1EEBBACFBF7BA6A502C3A70B4C9E16015CE477D9930E5B1C8B223FB6526E06","1751303","charlieecho-jus9-tecnologia-juridica","assets/img/album-charlie.png","duplicado preservado em charlieecho-jus9-tecnologia-juridica:assets/img/album-charlie.png"
"DELETE","primeiroformsctec","assets/img/album-charlie.png","ED1EEBBACFBF7BA6A502C3A70B4C9E16015CE477D9930E5B1C8B223FB6526E06","1751303","charlieecho-jus9-tecnologia-juridica","assets/img/album-charlie.png","duplicado preservado em charlieecho-jus9-tecnologia-juridica:assets/img/album-charlie.png"
"DELETE","quandoodesenhofala-jus9-tecnologia-juridica","assets/img/album-charlie.png","ED1EEBBACFBF7BA6A502C3A70B4C9E16015CE477D9930E5B1C8B223FB6526E06","1751303","charlieecho-jus9-tecnologia-juridica","assets/img/album-charlie.png","duplicado preservado em charlieecho-jus9-tecnologia-juridica:assets/img/album-charlie.png"
"DELETE","sctec","assets/img/album-charlie.png","ED1EEBBACFBF7BA6A502C3A70B4C9E16015CE477D9930E5B1C8B223FB6526E06","1751303","charlieecho-jus9-tecnologia-juridica","assets/img/album-charlie.png","duplicado preservado em charlieecho-jus9-tecnologia-juridica:assets/img/album-charlie.png"
"DELETE","workers-pages-functions-jus9-tecnologia-juridica","assets/img/album-charlie.png","ED1EEBBACFBF7BA6A502C3A70B4C9E16015CE477D9930E5B1C8B223FB6526E06","1751303","charlieecho-jus9-tecnologia-juridica","assets/img/album-charlie.png","duplicado preservado em charlieecho-jus9-tecnologia-juridica:assets/img/album-charlie.png"
"DELETE","admin-painel-jus9-tecnologia-juridica","assets/img/charlie-profissional.png","ED13B7FDB0E711BC1C0362839808169B4E1272783F179C15DA0BD498FAD4CD52","1464799","charlieecho-jus9-tecnologia-juridica","assets/img/charlie-profissional.png","duplicado preservado em charlieecho-jus9-tecnologia-juridica:assets/img/charlie-profissional.png"
"DELETE","Aeon-Primevo","assets/img/charlie-profissional.png","ED13B7FDB0E711BC1C0362839808169B4E1272783F179C15DA0BD498FAD4CD52","1464799","charlieecho-jus9-tecnologia-juridica","assets/img/charlie-profissional.png","duplicado preservado em charlieecho-jus9-tecnologia-juridica:assets/img/charlie-profissional.png"
"KEEP","aulas-charlie-echo-jus9-tecnologia-juridica","assets/img/charlie-profissional.png","ED13B7FDB0E711BC1C0362839808169B4E1272783F179C15DA0BD498FAD4CD52","1464799","charlieecho-jus9-tecnologia-juridica","assets/img/charlie-profissional.png","repositorio primario Charlie Echo/aulas/governanca"
"DELETE","auth-identidade-acesso-jus9-tecnologia-juridica","assets/img/charlie-profissional.png","ED13B7FDB0E711BC1C0362839808169B4E1272783F179C15DA0BD498FAD4CD52","1464799","charlieecho-jus9-tecnologia-juridica","assets/img/charlie-profissional.png","duplicado preservado em charlieecho-jus9-tecnologia-juridica:assets/img/charlie-profissional.png"
"DELETE","backend-api-jus9-tecnologia-juridica","assets/img/charlie-profissional.png","ED13B7FDB0E711BC1C0362839808169B4E1272783F179C15DA0BD498FAD4CD52","1464799","charlieecho-jus9-tecnologia-juridica","assets/img/charlie-profissional.png","duplicado preservado em charlieecho-jus9-tecnologia-juridica:assets/img/charlie-profissional.png"
"DELETE","carta-jus9-tecnologia-juridica","assets/img/charlie-profissional.png","ED13B7FDB0E711BC1C0362839808169B4E1272783F179C15DA0BD498FAD4CD52","1464799","charlieecho-jus9-tecnologia-juridica","assets/img/charlie-profissional.png","duplicado preservado em charlieecho-jus9-tecnologia-juridica:assets/img/charlie-profissional.png"
"KEEP","charlieecho-jus9-tecnologia-juridica","assets/img/charlie-profissional.png","ED13B7FDB0E711BC1C0362839808169B4E1272783F179C15DA0BD498FAD4CD52","1464799","charlieecho-jus9-tecnologia-juridica","assets/img/charlie-profissional.png","fonte primaria do grupo"
"DELETE","cofre-documentos-seguros-jus9-tecnologia-juridica","assets/img/charlie-profissional.png","ED13B7FDB0E711BC1C0362839808169B4E1272783F179C15DA0BD498FAD4CD52","1464799","charlieecho-jus9-tecnologia-juridica","assets/img/charlie-profissional.png","duplicado preservado em charlieecho-jus9-tecnologia-juridica:assets/img/charlie-profissional.png"
"DELETE","Creta","assets/img/charlie-profissional.png","ED13B7FDB0E711BC1C0362839808169B4E1272783F179C15DA0BD498FAD4CD52","1464799","charlieecho-jus9-tecnologia-juridica","assets/img/charlie-profissional.png","duplicado preservado em charlieecho-jus9-tecnologia-juridica:assets/img/charlie-profissional.png"
"DELETE","documentacao-jus9-tecnologia-juridica","assets/img/charlie-profissional.png","ED13B7FDB0E711BC1C0362839808169B4E1272783F179C15DA0BD498FAD4CD52","1464799","charlieecho-jus9-tecnologia-juridica","assets/img/charlie-profissional.png","duplicado preservado em charlieecho-jus9-tecnologia-juridica:assets/img/charlie-profissional.png"
"DELETE","equipe-jus9-tecnologia-juridica","assets/img/charlie-profissional.png","ED13B7FDB0E711BC1C0362839808169B4E1272783F179C15DA0BD498FAD4CD52","1464799","charlieecho-jus9-tecnologia-juridica","assets/img/charlie-profissional.png","duplicado preservado em charlieecho-jus9-tecnologia-juridica:assets/img/charlie-profissional.png"
"DELETE","governanca-autoorganizacao-charlie-echo-jus9-tecnologia-juridica","assets/img/charlie-profissional.png","ED13B7FDB0E711BC1C0362839808169B4E1272783F179C15DA0BD498FAD4CD52","1464799","charlieecho-jus9-tecnologia-juridica","assets/img/charlie-profissional.png","duplicado preservado em charlieecho-jus9-tecnologia-juridica:assets/img/charlie-profissional.png"
"KEEP","governanca-jus9-tecnologia-juridica","assets/img/charlie-profissional.png","ED13B7FDB0E711BC1C0362839808169B4E1272783F179C15DA0BD498FAD4CD52","1464799","charlieecho-jus9-tecnologia-juridica","assets/img/charlie-profissional.png","repositorio primario Charlie Echo/aulas/governanca"
"DELETE","ia-profissional-orquestrador-jus9-tecnologia-juridica","assets/img/charlie-profissional.png","ED13B7FDB0E711BC1C0362839808169B4E1272783F179C15DA0BD498FAD4CD52","1464799","charlieecho-jus9-tecnologia-juridica","assets/img/charlie-profissional.png","duplicado preservado em charlieecho-jus9-tecnologia-juridica:assets/img/charlie-profissional.png"
"DELETE","infra-cloudflare-jus9-tecnologia-juridica","assets/img/charlie-profissional.png","ED13B7FDB0E711BC1C0362839808169B4E1272783F179C15DA0BD498FAD4CD52","1464799","charlieecho-jus9-tecnologia-juridica","assets/img/charlie-profissional.png","duplicado preservado em charlieecho-jus9-tecnologia-juridica:assets/img/charlie-profissional.png"
"DELETE","introducaocss","assets/img/charlie-profissional.png","ED13B7FDB0E711BC1C0362839808169B4E1272783F179C15DA0BD498FAD4CD52","1464799","charlieecho-jus9-tecnologia-juridica","assets/img/charlie-profissional.png","duplicado preservado em charlieecho-jus9-tecnologia-juridica:assets/img/charlie-profissional.png"
"DELETE","juridico-virtual-jus9-tecnologia-juridica","assets/img/charlie-profissional.png","ED13B7FDB0E711BC1C0362839808169B4E1272783F179C15DA0BD498FAD4CD52","1464799","charlieecho-jus9-tecnologia-juridica","assets/img/charlie-profissional.png","duplicado preservado em charlieecho-jus9-tecnologia-juridica:assets/img/charlie-profissional.png"
"DELETE","jus9-tecnologia-juridica","assets/img/charlie-profissional.png","ED13B7FDB0E711BC1C0362839808169B4E1272783F179C15DA0BD498FAD4CD52","1464799","charlieecho-jus9-tecnologia-juridica","assets/img/charlie-profissional.png","duplicado preservado em charlieecho-jus9-tecnologia-juridica:assets/img/charlie-profissional.png"
"DELETE","jus9verde-jus9-tecnologia-juridica","assets/img/charlie-profissional.png","ED13B7FDB0E711BC1C0362839808169B4E1272783F179C15DA0BD498FAD4CD52","1464799","charlieecho-jus9-tecnologia-juridica","assets/img/charlie-profissional.png","duplicado preservado em charlieecho-jus9-tecnologia-juridica:assets/img/charlie-profissional.png"
"DELETE","livros-jus9-tecnologia-juridica","assets/img/charlie-profissional.png","ED13B7FDB0E711BC1C0362839808169B4E1272783F179C15DA0BD498FAD4CD52","1464799","charlieecho-jus9-tecnologia-juridica","assets/img/charlie-profissional.png","duplicado preservado em charlieecho-jus9-tecnologia-juridica:assets/img/charlie-profissional.png"
"DELETE","logs-auditoria-jus9-tecnologia-juridica","assets/img/charlie-profissional.png","ED13B7FDB0E711BC1C0362839808169B4E1272783F179C15DA0BD498FAD4CD52","1464799","charlieecho-jus9-tecnologia-juridica","assets/img/charlie-profissional.png","duplicado preservado em charlieecho-jus9-tecnologia-juridica:assets/img/charlie-profissional.png"
"KEEP","mvp-jus9-tecnologia-juridica","assets/img/charlie-profissional.png","ED13B7FDB0E711BC1C0362839808169B4E1272783F179C15DA0BD498FAD4CD52","1464799","charlieecho-jus9-tecnologia-juridica","assets/img/charlie-profissional.png","asset ou arquivo referenciado no proprio repositorio"
"DELETE","olamundo-jus9-tecnologia-juridica","assets/img/charlie-profissional.png","ED13B7FDB0E711BC1C0362839808169B4E1272783F179C15DA0BD498FAD4CD52","1464799","charlieecho-jus9-tecnologia-juridica","assets/img/charlie-profissional.png","duplicado preservado em charlieecho-jus9-tecnologia-juridica:assets/img/charlie-profissional.png"
"DELETE","portal-cliente-jus9-tecnologia-juridica","assets/img/charlie-profissional.png","ED13B7FDB0E711BC1C0362839808169B4E1272783F179C15DA0BD498FAD4CD52","1464799","charlieecho-jus9-tecnologia-juridica","assets/img/charlie-profissional.png","duplicado preservado em charlieecho-jus9-tecnologia-juridica:assets/img/charlie-profissional.png"
"DELETE","primeiroformsctec","assets/img/charlie-profissional.png","ED13B7FDB0E711BC1C0362839808169B4E1272783F179C15DA0BD498FAD4CD52","1464799","charlieecho-jus9-tecnologia-juridica","assets/img/charlie-profissional.png","duplicado preservado em charlieecho-jus9-tecnologia-juridica:assets/img/charlie-profissional.png"
"DELETE","quandoodesenhofala-jus9-tecnologia-juridica","assets/img/charlie-profissional.png","ED13B7FDB0E711BC1C0362839808169B4E1272783F179C15DA0BD498FAD4CD52","1464799","charlieecho-jus9-tecnologia-juridica","assets/img/charlie-profissional.png","duplicado preservado em charlieecho-jus9-tecnologia-juridica:assets/img/charlie-profissional.png"
"DELETE","sctec","assets/img/charlie-profissional.png","ED13B7FDB0E711BC1C0362839808169B4E1272783F179C15DA0BD498FAD4CD52","1464799","charlieecho-jus9-tecnologia-juridica","assets/img/charlie-profissional.png","duplicado preservado em charlieecho-jus9-tecnologia-juridica:assets/img/charlie-profissional.png"
"DELETE","workers-pages-functions-jus9-tecnologia-juridica","assets/img/charlie-profissional.png","ED13B7FDB0E711BC1C0362839808169B4E1272783F179C15DA0BD498FAD4CD52","1464799","charlieecho-jus9-tecnologia-juridica","assets/img/charlie-profissional.png","duplicado preservado em charlieecho-jus9-tecnologia-juridica:assets/img/charlie-profissional.png"
"DELETE","admin-painel-jus9-tecnologia-juridica","assets/img/charlie-robo-professora.png","353235E65A84BA9717C58B9278B6AFEE2A634DA723CDE59449724D075333E1B8","1410603","charlieecho-jus9-tecnologia-juridica","assets/img/charlie-robo-professora.png","duplicado preservado em charlieecho-jus9-tecnologia-juridica:assets/img/charlie-robo-professora.png"
"DELETE","Aeon-Primevo","assets/img/charlie-robo-professora.png","353235E65A84BA9717C58B9278B6AFEE2A634DA723CDE59449724D075333E1B8","1410603","charlieecho-jus9-tecnologia-juridica","assets/img/charlie-robo-professora.png","duplicado preservado em charlieecho-jus9-tecnologia-juridica:assets/img/charlie-robo-professora.png"
"KEEP","aulas-charlie-echo-jus9-tecnologia-juridica","assets/img/charlie-robo-professora.png","353235E65A84BA9717C58B9278B6AFEE2A634DA723CDE59449724D075333E1B8","1410603","charlieecho-jus9-tecnologia-juridica","assets/img/charlie-robo-professora.png","repositorio primario Charlie Echo/aulas/governanca"
"DELETE","auth-identidade-acesso-jus9-tecnologia-juridica","assets/img/charlie-robo-professora.png","353235E65A84BA9717C58B9278B6AFEE2A634DA723CDE59449724D075333E1B8","1410603","charlieecho-jus9-tecnologia-juridica","assets/img/charlie-robo-professora.png","duplicado preservado em charlieecho-jus9-tecnologia-juridica:assets/img/charlie-robo-professora.png"
"DELETE","backend-api-jus9-tecnologia-juridica","assets/img/charlie-robo-professora.png","353235E65A84BA9717C58B9278B6AFEE2A634DA723CDE59449724D075333E1B8","1410603","charlieecho-jus9-tecnologia-juridica","assets/img/charlie-robo-professora.png","duplicado preservado em charlieecho-jus9-tecnologia-juridica:assets/img/charlie-robo-professora.png"
"DELETE","carta-jus9-tecnologia-juridica","assets/img/charlie-robo-professora.png","353235E65A84BA9717C58B9278B6AFEE2A634DA723CDE59449724D075333E1B8","1410603","charlieecho-jus9-tecnologia-juridica","assets/img/charlie-robo-professora.png","duplicado preservado em charlieecho-jus9-tecnologia-juridica:assets/img/charlie-robo-professora.png"
"KEEP","charlieecho-jus9-tecnologia-juridica","assets/img/charlie-robo-professora.png","353235E65A84BA9717C58B9278B6AFEE2A634DA723CDE59449724D075333E1B8","1410603","charlieecho-jus9-tecnologia-juridica","assets/img/charlie-robo-professora.png","fonte primaria do grupo"
"DELETE","cofre-documentos-seguros-jus9-tecnologia-juridica","assets/img/charlie-robo-professora.png","353235E65A84BA9717C58B9278B6AFEE2A634DA723CDE59449724D075333E1B8","1410603","charlieecho-jus9-tecnologia-juridica","assets/img/charlie-robo-professora.png","duplicado preservado em charlieecho-jus9-tecnologia-juridica:assets/img/charlie-robo-professora.png"
"DELETE","Creta","assets/img/charlie-robo-professora.png","353235E65A84BA9717C58B9278B6AFEE2A634DA723CDE59449724D075333E1B8","1410603","charlieecho-jus9-tecnologia-juridica","assets/img/charlie-robo-professora.png","duplicado preservado em charlieecho-jus9-tecnologia-juridica:assets/img/charlie-robo-professora.png"
"DELETE","documentacao-jus9-tecnologia-juridica","assets/img/charlie-robo-professora.png","353235E65A84BA9717C58B9278B6AFEE2A634DA723CDE59449724D075333E1B8","1410603","charlieecho-jus9-tecnologia-juridica","assets/img/charlie-robo-professora.png","duplicado preservado em charlieecho-jus9-tecnologia-juridica:assets/img/charlie-robo-professora.png"
"DELETE","equipe-jus9-tecnologia-juridica","assets/img/charlie-robo-professora.png","353235E65A84BA9717C58B9278B6AFEE2A634DA723CDE59449724D075333E1B8","1410603","charlieecho-jus9-tecnologia-juridica","assets/img/charlie-robo-professora.png","duplicado preservado em charlieecho-jus9-tecnologia-juridica:assets/img/charlie-robo-professora.png"
"DELETE","governanca-autoorganizacao-charlie-echo-jus9-tecnologia-juridica","assets/img/charlie-robo-professora.png","353235E65A84BA9717C58B9278B6AFEE2A634DA723CDE59449724D075333E1B8","1410603","charlieecho-jus9-tecnologia-juridica","assets/img/charlie-robo-professora.png","duplicado preservado em charlieecho-jus9-tecnologia-juridica:assets/img/charlie-robo-professora.png"
"KEEP","governanca-jus9-tecnologia-juridica","assets/img/charlie-robo-professora.png","353235E65A84BA9717C58B9278B6AFEE2A634DA723CDE59449724D075333E1B8","1410603","charlieecho-jus9-tecnologia-juridica","assets/img/charlie-robo-professora.png","repositorio primario Charlie Echo/aulas/governanca"
"DELETE","ia-profissional-orquestrador-jus9-tecnologia-juridica","assets/img/charlie-robo-professora.png","353235E65A84BA9717C58B9278B6AFEE2A634DA723CDE59449724D075333E1B8","1410603","charlieecho-jus9-tecnologia-juridica","assets/img/charlie-robo-professora.png","duplicado preservado em charlieecho-jus9-tecnologia-juridica:assets/img/charlie-robo-professora.png"
"DELETE","infra-cloudflare-jus9-tecnologia-juridica","assets/img/charlie-robo-professora.png","353235E65A84BA9717C58B9278B6AFEE2A634DA723CDE59449724D075333E1B8","1410603","charlieecho-jus9-tecnologia-juridica","assets/img/charlie-robo-professora.png","duplicado preservado em charlieecho-jus9-tecnologia-juridica:assets/img/charlie-robo-professora.png"
"DELETE","introducaocss","assets/img/charlie-robo-professora.png","353235E65A84BA9717C58B9278B6AFEE2A634DA723CDE59449724D075333E1B8","1410603","charlieecho-jus9-tecnologia-juridica","assets/img/charlie-robo-professora.png","duplicado preservado em charlieecho-jus9-tecnologia-juridica:assets/img/charlie-robo-professora.png"
"DELETE","juridico-virtual-jus9-tecnologia-juridica","assets/img/charlie-robo-professora.png","353235E65A84BA9717C58B9278B6AFEE2A634DA723CDE59449724D075333E1B8","1410603","charlieecho-jus9-tecnologia-juridica","assets/img/charlie-robo-professora.png","duplicado preservado em charlieecho-jus9-tecnologia-juridica:assets/img/charlie-robo-professora.png"
"DELETE","jus9-tecnologia-juridica","assets/img/charlie-robo-professora.png","353235E65A84BA9717C58B9278B6AFEE2A634DA723CDE59449724D075333E1B8","1410603","charlieecho-jus9-tecnologia-juridica","assets/img/charlie-robo-professora.png","duplicado preservado em charlieecho-jus9-tecnologia-juridica:assets/img/charlie-robo-professora.png"
"DELETE","jus9verde-jus9-tecnologia-juridica","assets/img/charlie-robo-professora.png","353235E65A84BA9717C58B9278B6AFEE2A634DA723CDE59449724D075333E1B8","1410603","charlieecho-jus9-tecnologia-juridica","assets/img/charlie-robo-professora.png","duplicado preservado em charlieecho-jus9-tecnologia-juridica:assets/img/charlie-robo-professora.png"
"DELETE","livros-jus9-tecnologia-juridica","assets/img/charlie-robo-professora.png","353235E65A84BA9717C58B9278B6AFEE2A634DA723CDE59449724D075333E1B8","1410603","charlieecho-jus9-tecnologia-juridica","assets/img/charlie-robo-professora.png","duplicado preservado em charlieecho-jus9-tecnologia-juridica:assets/img/charlie-robo-professora.png"
"DELETE","logs-auditoria-jus9-tecnologia-juridica","assets/img/charlie-robo-professora.png","353235E65A84BA9717C58B9278B6AFEE2A634DA723CDE59449724D075333E1B8","1410603","charlieecho-jus9-tecnologia-juridica","assets/img/charlie-robo-professora.png","duplicado preservado em charlieecho-jus9-tecnologia-juridica:assets/img/charlie-robo-professora.png"
"KEEP","mvp-jus9-tecnologia-juridica","assets/img/charlie-robo-professora.png","353235E65A84BA9717C58B9278B6AFEE2A634DA723CDE59449724D075333E1B8","1410603","charlieecho-jus9-tecnologia-juridica","assets/img/charlie-robo-professora.png","asset ou arquivo referenciado no proprio repositorio"
"DELETE","olamundo-jus9-tecnologia-juridica","assets/img/charlie-robo-professora.png","353235E65A84BA9717C58B9278B6AFEE2A634DA723CDE59449724D075333E1B8","1410603","charlieecho-jus9-tecnologia-juridica","assets/img/charlie-robo-professora.png","duplicado preservado em charlieecho-jus9-tecnologia-juridica:assets/img/charlie-robo-professora.png"
"DELETE","portal-cliente-jus9-tecnologia-juridica","assets/img/charlie-robo-professora.png","353235E65A84BA9717C58B9278B6AFEE2A634DA723CDE59449724D075333E1B8","1410603","charlieecho-jus9-tecnologia-juridica","assets/img/charlie-robo-professora.png","duplicado preservado em charlieecho-jus9-tecnologia-juridica:assets/img/charlie-robo-professora.png"
"DELETE","primeiroformsctec","assets/img/charlie-robo-professora.png","353235E65A84BA9717C58B9278B6AFEE2A634DA723CDE59449724D075333E1B8","1410603","charlieecho-jus9-tecnologia-juridica","assets/img/charlie-robo-professora.png","duplicado preservado em charlieecho-jus9-tecnologia-juridica:assets/img/charlie-robo-professora.png"
"DELETE","quandoodesenhofala-jus9-tecnologia-juridica","assets/img/charlie-robo-professora.png","353235E65A84BA9717C58B9278B6AFEE2A634DA723CDE59449724D075333E1B8","1410603","charlieecho-jus9-tecnologia-juridica","assets/img/charlie-robo-professora.png","duplicado preservado em charlieecho-jus9-tecnologia-juridica:assets/img/charlie-robo-professora.png"
"DELETE","sctec","assets/img/charlie-robo-professora.png","353235E65A84BA9717C58B9278B6AFEE2A634DA723CDE59449724D075333E1B8","1410603","charlieecho-jus9-tecnologia-juridica","assets/img/charlie-robo-professora.png","duplicado preservado em charlieecho-jus9-tecnologia-juridica:assets/img/charlie-robo-professora.png"
"DELETE","workers-pages-functions-jus9-tecnologia-juridica","assets/img/charlie-robo-professora.png","353235E65A84BA9717C58B9278B6AFEE2A634DA723CDE59449724D075333E1B8","1410603","charlieecho-jus9-tecnologia-juridica","assets/img/charlie-robo-professora.png","duplicado preservado em charlieecho-jus9-tecnologia-juridica:assets/img/charlie-robo-professora.png"
"DELETE","admin-painel-jus9-tecnologia-juridica","assets/img/avatar-nata.jpg","F721C724FCCA364BACD143AC8AE5A9848F332F83B8A3B46D1DFFBFDE45228137","127049","charlieecho-jus9-tecnologia-juridica","assets/img/avatar-nata.jpg","duplicado preservado em charlieecho-jus9-tecnologia-juridica:assets/img/avatar-nata.jpg"
"DELETE","Aeon-Primevo","assets/img/avatar-nata.jpg","F721C724FCCA364BACD143AC8AE5A9848F332F83B8A3B46D1DFFBFDE45228137","127049","charlieecho-jus9-tecnologia-juridica","assets/img/avatar-nata.jpg","duplicado preservado em charlieecho-jus9-tecnologia-juridica:assets/img/avatar-nata.jpg"
"KEEP","aulas-charlie-echo-jus9-tecnologia-juridica","assets/img/avatar-nata.jpg","F721C724FCCA364BACD143AC8AE5A9848F332F83B8A3B46D1DFFBFDE45228137","127049","charlieecho-jus9-tecnologia-juridica","assets/img/avatar-nata.jpg","repositorio primario Charlie Echo/aulas/governanca"
"DELETE","auth-identidade-acesso-jus9-tecnologia-juridica","assets/img/avatar-nata.jpg","F721C724FCCA364BACD143AC8AE5A9848F332F83B8A3B46D1DFFBFDE45228137","127049","charlieecho-jus9-tecnologia-juridica","assets/img/avatar-nata.jpg","duplicado preservado em charlieecho-jus9-tecnologia-juridica:assets/img/avatar-nata.jpg"
"DELETE","backend-api-jus9-tecnologia-juridica","assets/img/avatar-nata.jpg","F721C724FCCA364BACD143AC8AE5A9848F332F83B8A3B46D1DFFBFDE45228137","127049","charlieecho-jus9-tecnologia-juridica","assets/img/avatar-nata.jpg","duplicado preservado em charlieecho-jus9-tecnologia-juridica:assets/img/avatar-nata.jpg"
"DELETE","carta-jus9-tecnologia-juridica","assets/img/avatar-nata.jpg","F721C724FCCA364BACD143AC8AE5A9848F332F83B8A3B46D1DFFBFDE45228137","127049","charlieecho-jus9-tecnologia-juridica","assets/img/avatar-nata.jpg","duplicado preservado em charlieecho-jus9-tecnologia-juridica:assets/img/avatar-nata.jpg"
"KEEP","charlieecho-jus9-tecnologia-juridica","assets/img/avatar-nata.jpg","F721C724FCCA364BACD143AC8AE5A9848F332F83B8A3B46D1DFFBFDE45228137","127049","charlieecho-jus9-tecnologia-juridica","assets/img/avatar-nata.jpg","fonte primaria do grupo"
"DELETE","cofre-documentos-seguros-jus9-tecnologia-juridica","assets/img/avatar-nata.jpg","F721C724FCCA364BACD143AC8AE5A9848F332F83B8A3B46D1DFFBFDE45228137","127049","charlieecho-jus9-tecnologia-juridica","assets/img/avatar-nata.jpg","duplicado preservado em charlieecho-jus9-tecnologia-juridica:assets/img/avatar-nata.jpg"
"DELETE","Creta","assets/img/avatar-nata.jpg","F721C724FCCA364BACD143AC8AE5A9848F332F83B8A3B46D1DFFBFDE45228137","127049","charlieecho-jus9-tecnologia-juridica","assets/img/avatar-nata.jpg","duplicado preservado em charlieecho-jus9-tecnologia-juridica:assets/img/avatar-nata.jpg"
"DELETE","documentacao-jus9-tecnologia-juridica","assets/img/avatar-nata.jpg","F721C724FCCA364BACD143AC8AE5A9848F332F83B8A3B46D1DFFBFDE45228137","127049","charlieecho-jus9-tecnologia-juridica","assets/img/avatar-nata.jpg","duplicado preservado em charlieecho-jus9-tecnologia-juridica:assets/img/avatar-nata.jpg"
"DELETE","equipe-jus9-tecnologia-juridica","assets/img/avatar-nata.jpg","F721C724FCCA364BACD143AC8AE5A9848F332F83B8A3B46D1DFFBFDE45228137","127049","charlieecho-jus9-tecnologia-juridica","assets/img/avatar-nata.jpg","duplicado preservado em charlieecho-jus9-tecnologia-juridica:assets/img/avatar-nata.jpg"
"DELETE","governanca-autoorganizacao-charlie-echo-jus9-tecnologia-juridica","assets/img/avatar-nata.jpg","F721C724FCCA364BACD143AC8AE5A9848F332F83B8A3B46D1DFFBFDE45228137","127049","charlieecho-jus9-tecnologia-juridica","assets/img/avatar-nata.jpg","duplicado preservado em charlieecho-jus9-tecnologia-juridica:assets/img/avatar-nata.jpg"
"KEEP","governanca-jus9-tecnologia-juridica","assets/img/avatar-nata.jpg","F721C724FCCA364BACD143AC8AE5A9848F332F83B8A3B46D1DFFBFDE45228137","127049","charlieecho-jus9-tecnologia-juridica","assets/img/avatar-nata.jpg","repositorio primario Charlie Echo/aulas/governanca"
"DELETE","ia-profissional-orquestrador-jus9-tecnologia-juridica","assets/img/avatar-nata.jpg","F721C724FCCA364BACD143AC8AE5A9848F332F83B8A3B46D1DFFBFDE45228137","127049","charlieecho-jus9-tecnologia-juridica","assets/img/avatar-nata.jpg","duplicado preservado em charlieecho-jus9-tecnologia-juridica:assets/img/avatar-nata.jpg"
"DELETE","infra-cloudflare-jus9-tecnologia-juridica","assets/img/avatar-nata.jpg","F721C724FCCA364BACD143AC8AE5A9848F332F83B8A3B46D1DFFBFDE45228137","127049","charlieecho-jus9-tecnologia-juridica","assets/img/avatar-nata.jpg","duplicado preservado em charlieecho-jus9-tecnologia-juridica:assets/img/avatar-nata.jpg"
"DELETE","introducaocss","assets/img/avatar-nata.jpg","F721C724FCCA364BACD143AC8AE5A9848F332F83B8A3B46D1DFFBFDE45228137","127049","charlieecho-jus9-tecnologia-juridica","assets/img/avatar-nata.jpg","duplicado preservado em charlieecho-jus9-tecnologia-juridica:assets/img/avatar-nata.jpg"
"DELETE","juridico-virtual-jus9-tecnologia-juridica","assets/img/avatar-nata.jpg","F721C724FCCA364BACD143AC8AE5A9848F332F83B8A3B46D1DFFBFDE45228137","127049","charlieecho-jus9-tecnologia-juridica","assets/img/avatar-nata.jpg","duplicado preservado em charlieecho-jus9-tecnologia-juridica:assets/img/avatar-nata.jpg"
"DELETE","jus9-tecnologia-juridica","assets/img/avatar-nata.jpg","F721C724FCCA364BACD143AC8AE5A9848F332F83B8A3B46D1DFFBFDE45228137","127049","charlieecho-jus9-tecnologia-juridica","assets/img/avatar-nata.jpg","duplicado preservado em charlieecho-jus9-tecnologia-juridica:assets/img/avatar-nata.jpg"
"DELETE","jus9verde-jus9-tecnologia-juridica","assets/img/avatar-nata.jpg","F721C724FCCA364BACD143AC8AE5A9848F332F83B8A3B46D1DFFBFDE45228137","127049","charlieecho-jus9-tecnologia-juridica","assets/img/avatar-nata.jpg","duplicado preservado em charlieecho-jus9-tecnologia-juridica:assets/img/avatar-nata.jpg"
"DELETE","livros-jus9-tecnologia-juridica","assets/img/avatar-nata.jpg","F721C724FCCA364BACD143AC8AE5A9848F332F83B8A3B46D1DFFBFDE45228137","127049","charlieecho-jus9-tecnologia-juridica","assets/img/avatar-nata.jpg","duplicado preservado em charlieecho-jus9-tecnologia-juridica:assets/img/avatar-nata.jpg"
"DELETE","logs-auditoria-jus9-tecnologia-juridica","assets/img/avatar-nata.jpg","F721C724FCCA364BACD143AC8AE5A9848F332F83B8A3B46D1DFFBFDE45228137","127049","charlieecho-jus9-tecnologia-juridica","assets/img/avatar-nata.jpg","duplicado preservado em charlieecho-jus9-tecnologia-juridica:assets/img/avatar-nata.jpg"
"DELETE","mvp-jus9-tecnologia-juridica","assets/img/avatar-nata.jpg","F721C724FCCA364BACD143AC8AE5A9848F332F83B8A3B46D1DFFBFDE45228137","127049","charlieecho-jus9-tecnologia-juridica","assets/img/avatar-nata.jpg","duplicado preservado em charlieecho-jus9-tecnologia-juridica:assets/img/avatar-nata.jpg"
"DELETE","olamundo-jus9-tecnologia-juridica","assets/img/avatar-nata.jpg","F721C724FCCA364BACD143AC8AE5A9848F332F83B8A3B46D1DFFBFDE45228137","127049","charlieecho-jus9-tecnologia-juridica","assets/img/avatar-nata.jpg","duplicado preservado em charlieecho-jus9-tecnologia-juridica:assets/img/avatar-nata.jpg"
"DELETE","portal-cliente-jus9-tecnologia-juridica","assets/img/avatar-nata.jpg","F721C724FCCA364BACD143AC8AE5A9848F332F83B8A3B46D1DFFBFDE45228137","127049","charlieecho-jus9-tecnologia-juridica","assets/img/avatar-nata.jpg","duplicado preservado em charlieecho-jus9-tecnologia-juridica:assets/img/avatar-nata.jpg"
"DELETE","primeiroformsctec","assets/img/avatar-nata.jpg","F721C724FCCA364BACD143AC8AE5A9848F332F83B8A3B46D1DFFBFDE45228137","127049","charlieecho-jus9-tecnologia-juridica","assets/img/avatar-nata.jpg","duplicado preservado em charlieecho-jus9-tecnologia-juridica:assets/img/avatar-nata.jpg"
"DELETE","quandoodesenhofala-jus9-tecnologia-juridica","assets/img/avatar-nata.jpg","F721C724FCCA364BACD143AC8AE5A9848F332F83B8A3B46D1DFFBFDE45228137","127049","charlieecho-jus9-tecnologia-juridica","assets/img/avatar-nata.jpg","duplicado preservado em charlieecho-jus9-tecnologia-juridica:assets/img/avatar-nata.jpg"
"DELETE","sctec","assets/img/avatar-nata.jpg","F721C724FCCA364BACD143AC8AE5A9848F332F83B8A3B46D1DFFBFDE45228137","127049","charlieecho-jus9-tecnologia-juridica","assets/img/avatar-nata.jpg","duplicado preservado em charlieecho-jus9-tecnologia-juridica:assets/img/avatar-nata.jpg"
"DELETE","workers-pages-functions-jus9-tecnologia-juridica","assets/img/avatar-nata.jpg","F721C724FCCA364BACD143AC8AE5A9848F332F83B8A3B46D1DFFBFDE45228137","127049","charlieecho-jus9-tecnologia-juridica","assets/img/avatar-nata.jpg","duplicado preservado em charlieecho-jus9-tecnologia-juridica:assets/img/avatar-nata.jpg"
"DELETE","admin-painel-jus9-tecnologia-juridica","assets/css/styles.css","A17645C21DC544D55618C8D3B787B221C0A1013D1D815E934955CB18A61E44DC","2930","charlieecho-jus9-tecnologia-juridica","assets/css/styles.css","duplicado preservado em charlieecho-jus9-tecnologia-juridica:assets/css/styles.css"
"DELETE","Aeon-Primevo","assets/css/styles.css","A17645C21DC544D55618C8D3B787B221C0A1013D1D815E934955CB18A61E44DC","2930","charlieecho-jus9-tecnologia-juridica","assets/css/styles.css","duplicado preservado em charlieecho-jus9-tecnologia-juridica:assets/css/styles.css"
"KEEP","aulas-charlie-echo-jus9-tecnologia-juridica","assets/css/styles.css","A17645C21DC544D55618C8D3B787B221C0A1013D1D815E934955CB18A61E44DC","2930","charlieecho-jus9-tecnologia-juridica","assets/css/styles.css","repositorio primario Charlie Echo/aulas/governanca"
"DELETE","auth-identidade-acesso-jus9-tecnologia-juridica","assets/css/styles.css","A17645C21DC544D55618C8D3B787B221C0A1013D1D815E934955CB18A61E44DC","2930","charlieecho-jus9-tecnologia-juridica","assets/css/styles.css","duplicado preservado em charlieecho-jus9-tecnologia-juridica:assets/css/styles.css"
"DELETE","backend-api-jus9-tecnologia-juridica","assets/css/styles.css","A17645C21DC544D55618C8D3B787B221C0A1013D1D815E934955CB18A61E44DC","2930","charlieecho-jus9-tecnologia-juridica","assets/css/styles.css","duplicado preservado em charlieecho-jus9-tecnologia-juridica:assets/css/styles.css"
"DELETE","carta-jus9-tecnologia-juridica","assets/css/styles.css","A17645C21DC544D55618C8D3B787B221C0A1013D1D815E934955CB18A61E44DC","2930","charlieecho-jus9-tecnologia-juridica","assets/css/styles.css","duplicado preservado em charlieecho-jus9-tecnologia-juridica:assets/css/styles.css"
"KEEP","charlieecho-jus9-tecnologia-juridica","assets/css/styles.css","A17645C21DC544D55618C8D3B787B221C0A1013D1D815E934955CB18A61E44DC","2930","charlieecho-jus9-tecnologia-juridica","assets/css/styles.css","fonte primaria do grupo"
"DELETE","cofre-documentos-seguros-jus9-tecnologia-juridica","assets/css/styles.css","A17645C21DC544D55618C8D3B787B221C0A1013D1D815E934955CB18A61E44DC","2930","charlieecho-jus9-tecnologia-juridica","assets/css/styles.css","duplicado preservado em charlieecho-jus9-tecnologia-juridica:assets/css/styles.css"
"KEEP","documentacao-jus9-tecnologia-juridica","assets/css/styles.css","A17645C21DC544D55618C8D3B787B221C0A1013D1D815E934955CB18A61E44DC","2930","charlieecho-jus9-tecnologia-juridica","assets/css/styles.css","asset ou arquivo referenciado no proprio repositorio"
"DELETE","equipe-jus9-tecnologia-juridica","assets/css/styles.css","A17645C21DC544D55618C8D3B787B221C0A1013D1D815E934955CB18A61E44DC","2930","charlieecho-jus9-tecnologia-juridica","assets/css/styles.css","duplicado preservado em charlieecho-jus9-tecnologia-juridica:assets/css/styles.css"
"DELETE","governanca-autoorganizacao-charlie-echo-jus9-tecnologia-juridica","assets/css/styles.css","A17645C21DC544D55618C8D3B787B221C0A1013D1D815E934955CB18A61E44DC","2930","charlieecho-jus9-tecnologia-juridica","assets/css/styles.css","duplicado preservado em charlieecho-jus9-tecnologia-juridica:assets/css/styles.css"
"KEEP","governanca-jus9-tecnologia-juridica","assets/css/styles.css","A17645C21DC544D55618C8D3B787B221C0A1013D1D815E934955CB18A61E44DC","2930","charlieecho-jus9-tecnologia-juridica","assets/css/styles.css","repositorio primario Charlie Echo/aulas/governanca"
"DELETE","ia-profissional-orquestrador-jus9-tecnologia-juridica","assets/css/styles.css","A17645C21DC544D55618C8D3B787B221C0A1013D1D815E934955CB18A61E44DC","2930","charlieecho-jus9-tecnologia-juridica","assets/css/styles.css","duplicado preservado em charlieecho-jus9-tecnologia-juridica:assets/css/styles.css"
"DELETE","infra-cloudflare-jus9-tecnologia-juridica","assets/css/styles.css","A17645C21DC544D55618C8D3B787B221C0A1013D1D815E934955CB18A61E44DC","2930","charlieecho-jus9-tecnologia-juridica","assets/css/styles.css","duplicado preservado em charlieecho-jus9-tecnologia-juridica:assets/css/styles.css"
"DELETE","introducaocss","assets/css/styles.css","A17645C21DC544D55618C8D3B787B221C0A1013D1D815E934955CB18A61E44DC","2930","charlieecho-jus9-tecnologia-juridica","assets/css/styles.css","duplicado preservado em charlieecho-jus9-tecnologia-juridica:assets/css/styles.css"
"DELETE","investimentos-jus9-tecnologia-juridica","assets/css/styles.css","A17645C21DC544D55618C8D3B787B221C0A1013D1D815E934955CB18A61E44DC","2930","charlieecho-jus9-tecnologia-juridica","assets/css/styles.css","duplicado preservado em charlieecho-jus9-tecnologia-juridica:assets/css/styles.css"
"KEEP","juridico-virtual-jus9-tecnologia-juridica","assets/css/styles.css","A17645C21DC544D55618C8D3B787B221C0A1013D1D815E934955CB18A61E44DC","2930","charlieecho-jus9-tecnologia-juridica","assets/css/styles.css","asset ou arquivo referenciado no proprio repositorio"
"DELETE","jus9-tecnologia-juridica","assets/css/styles.css","A17645C21DC544D55618C8D3B787B221C0A1013D1D815E934955CB18A61E44DC","2930","charlieecho-jus9-tecnologia-juridica","assets/css/styles.css","duplicado preservado em charlieecho-jus9-tecnologia-juridica:assets/css/styles.css"
"DELETE","jus9verde-jus9-tecnologia-juridica","assets/css/styles.css","A17645C21DC544D55618C8D3B787B221C0A1013D1D815E934955CB18A61E44DC","2930","charlieecho-jus9-tecnologia-juridica","assets/css/styles.css","duplicado preservado em charlieecho-jus9-tecnologia-juridica:assets/css/styles.css"
"DELETE","livros-jus9-tecnologia-juridica","assets/css/styles.css","A17645C21DC544D55618C8D3B787B221C0A1013D1D815E934955CB18A61E44DC","2930","charlieecho-jus9-tecnologia-juridica","assets/css/styles.css","duplicado preservado em charlieecho-jus9-tecnologia-juridica:assets/css/styles.css"
"DELETE","logs-auditoria-jus9-tecnologia-juridica","assets/css/styles.css","A17645C21DC544D55618C8D3B787B221C0A1013D1D815E934955CB18A61E44DC","2930","charlieecho-jus9-tecnologia-juridica","assets/css/styles.css","duplicado preservado em charlieecho-jus9-tecnologia-juridica:assets/css/styles.css"
"KEEP","mvp-jus9-tecnologia-juridica","assets/css/styles.css","A17645C21DC544D55618C8D3B787B221C0A1013D1D815E934955CB18A61E44DC","2930","charlieecho-jus9-tecnologia-juridica","assets/css/styles.css","asset ou arquivo referenciado no proprio repositorio"
"KEEP","olamundo-jus9-tecnologia-juridica","assets/css/styles.css","A17645C21DC544D55618C8D3B787B221C0A1013D1D815E934955CB18A61E44DC","2930","charlieecho-jus9-tecnologia-juridica","assets/css/styles.css","asset ou arquivo referenciado no proprio repositorio"
"DELETE","portal-cliente-jus9-tecnologia-juridica","assets/css/styles.css","A17645C21DC544D55618C8D3B787B221C0A1013D1D815E934955CB18A61E44DC","2930","charlieecho-jus9-tecnologia-juridica","assets/css/styles.css","duplicado preservado em charlieecho-jus9-tecnologia-juridica:assets/css/styles.css"
"DELETE","primeiroformsctec","assets/css/styles.css","A17645C21DC544D55618C8D3B787B221C0A1013D1D815E934955CB18A61E44DC","2930","charlieecho-jus9-tecnologia-juridica","assets/css/styles.css","duplicado preservado em charlieecho-jus9-tecnologia-juridica:assets/css/styles.css"
"DELETE","quandoodesenhofala-jus9-tecnologia-juridica","assets/css/styles.css","A17645C21DC544D55618C8D3B787B221C0A1013D1D815E934955CB18A61E44DC","2930","charlieecho-jus9-tecnologia-juridica","assets/css/styles.css","duplicado preservado em charlieecho-jus9-tecnologia-juridica:assets/css/styles.css"
"DELETE","sctec","assets/css/styles.css","A17645C21DC544D55618C8D3B787B221C0A1013D1D815E934955CB18A61E44DC","2930","charlieecho-jus9-tecnologia-juridica","assets/css/styles.css","duplicado preservado em charlieecho-jus9-tecnologia-juridica:assets/css/styles.css"
"DELETE","workers-pages-functions-jus9-tecnologia-juridica","assets/css/styles.css","A17645C21DC544D55618C8D3B787B221C0A1013D1D815E934955CB18A61E44DC","2930","charlieecho-jus9-tecnologia-juridica","assets/css/styles.css","duplicado preservado em charlieecho-jus9-tecnologia-juridica:assets/css/styles.css"
"DELETE","admin-painel-jus9-tecnologia-juridica","ORIENTACOES/MAPA_DE_LINKS_SEMANTICOS_OFICIAIS.md","4C5F70FBAAC35DF2E452E5DD49092C0735C7D824FCB361A3803B73F979785D6A","1154","charlieecho-jus9-tecnologia-juridica","ORIENTACOES/MAPA_DE_LINKS_SEMANTICOS_OFICIAIS.md","duplicado preservado em charlieecho-jus9-tecnologia-juridica:ORIENTACOES/MAPA_DE_LINKS_SEMANTICOS_OFICIAIS.md"
"DELETE","Aeon-Primevo","ORIENTACOES/MAPA_DE_LINKS_SEMANTICOS_OFICIAIS.md","4C5F70FBAAC35DF2E452E5DD49092C0735C7D824FCB361A3803B73F979785D6A","1154","charlieecho-jus9-tecnologia-juridica","ORIENTACOES/MAPA_DE_LINKS_SEMANTICOS_OFICIAIS.md","duplicado preservado em charlieecho-jus9-tecnologia-juridica:ORIENTACOES/MAPA_DE_LINKS_SEMANTICOS_OFICIAIS.md"
"KEEP","aulas-charlie-echo-jus9-tecnologia-juridica","ORIENTACOES/MAPA_DE_LINKS_SEMANTICOS_OFICIAIS.md","4C5F70FBAAC35DF2E452E5DD49092C0735C7D824FCB361A3803B73F979785D6A","1154","charlieecho-jus9-tecnologia-juridica","ORIENTACOES/MAPA_DE_LINKS_SEMANTICOS_OFICIAIS.md","repositorio primario Charlie Echo/aulas/governanca"
"DELETE","auth-identidade-acesso-jus9-tecnologia-juridica","ORIENTACOES/MAPA_DE_LINKS_SEMANTICOS_OFICIAIS.md","4C5F70FBAAC35DF2E452E5DD49092C0735C7D824FCB361A3803B73F979785D6A","1154","charlieecho-jus9-tecnologia-juridica","ORIENTACOES/MAPA_DE_LINKS_SEMANTICOS_OFICIAIS.md","duplicado preservado em charlieecho-jus9-tecnologia-juridica:ORIENTACOES/MAPA_DE_LINKS_SEMANTICOS_OFICIAIS.md"
"DELETE","backend-api-jus9-tecnologia-juridica","ORIENTACOES/MAPA_DE_LINKS_SEMANTICOS_OFICIAIS.md","4C5F70FBAAC35DF2E452E5DD49092C0735C7D824FCB361A3803B73F979785D6A","1154","charlieecho-jus9-tecnologia-juridica","ORIENTACOES/MAPA_DE_LINKS_SEMANTICOS_OFICIAIS.md","duplicado preservado em charlieecho-jus9-tecnologia-juridica:ORIENTACOES/MAPA_DE_LINKS_SEMANTICOS_OFICIAIS.md"
"DELETE","carta-jus9-tecnologia-juridica","ORIENTACOES/MAPA_DE_LINKS_SEMANTICOS_OFICIAIS.md","4C5F70FBAAC35DF2E452E5DD49092C0735C7D824FCB361A3803B73F979785D6A","1154","charlieecho-jus9-tecnologia-juridica","ORIENTACOES/MAPA_DE_LINKS_SEMANTICOS_OFICIAIS.md","duplicado preservado em charlieecho-jus9-tecnologia-juridica:ORIENTACOES/MAPA_DE_LINKS_SEMANTICOS_OFICIAIS.md"
"KEEP","charlieecho-jus9-tecnologia-juridica","ORIENTACOES/MAPA_DE_LINKS_SEMANTICOS_OFICIAIS.md","4C5F70FBAAC35DF2E452E5DD49092C0735C7D824FCB361A3803B73F979785D6A","1154","charlieecho-jus9-tecnologia-juridica","ORIENTACOES/MAPA_DE_LINKS_SEMANTICOS_OFICIAIS.md","fonte primaria do grupo"
"DELETE","cofre-documentos-seguros-jus9-tecnologia-juridica","ORIENTACOES/MAPA_DE_LINKS_SEMANTICOS_OFICIAIS.md","4C5F70FBAAC35DF2E452E5DD49092C0735C7D824FCB361A3803B73F979785D6A","1154","charlieecho-jus9-tecnologia-juridica","ORIENTACOES/MAPA_DE_LINKS_SEMANTICOS_OFICIAIS.md","duplicado preservado em charlieecho-jus9-tecnologia-juridica:ORIENTACOES/MAPA_DE_LINKS_SEMANTICOS_OFICIAIS.md"
"DELETE","Creta","ORIENTACOES/MAPA_DE_LINKS_SEMANTICOS_OFICIAIS.md","4C5F70FBAAC35DF2E452E5DD49092C0735C7D824FCB361A3803B73F979785D6A","1154","charlieecho-jus9-tecnologia-juridica","ORIENTACOES/MAPA_DE_LINKS_SEMANTICOS_OFICIAIS.md","duplicado preservado em charlieecho-jus9-tecnologia-juridica:ORIENTACOES/MAPA_DE_LINKS_SEMANTICOS_OFICIAIS.md"
"DELETE","documentacao-jus9-tecnologia-juridica","ORIENTACOES/MAPA_DE_LINKS_SEMANTICOS_OFICIAIS.md","4C5F70FBAAC35DF2E452E5DD49092C0735C7D824FCB361A3803B73F979785D6A","1154","charlieecho-jus9-tecnologia-juridica","ORIENTACOES/MAPA_DE_LINKS_SEMANTICOS_OFICIAIS.md","duplicado preservado em charlieecho-jus9-tecnologia-juridica:ORIENTACOES/MAPA_DE_LINKS_SEMANTICOS_OFICIAIS.md"
"DELETE","equipe-jus9-tecnologia-juridica","orientacoes/MAPA_DE_LINKS_SEMANTICOS_OFICIAIS.md","4C5F70FBAAC35DF2E452E5DD49092C0735C7D824FCB361A3803B73F979785D6A","1154","charlieecho-jus9-tecnologia-juridica","ORIENTACOES/MAPA_DE_LINKS_SEMANTICOS_OFICIAIS.md","duplicado preservado em charlieecho-jus9-tecnologia-juridica:ORIENTACOES/MAPA_DE_LINKS_SEMANTICOS_OFICIAIS.md"
"DELETE","governanca-autoorganizacao-charlie-echo-jus9-tecnologia-juridica","ORIENTACOES/MAPA_DE_LINKS_SEMANTICOS_OFICIAIS.md","4C5F70FBAAC35DF2E452E5DD49092C0735C7D824FCB361A3803B73F979785D6A","1154","charlieecho-jus9-tecnologia-juridica","ORIENTACOES/MAPA_DE_LINKS_SEMANTICOS_OFICIAIS.md","duplicado preservado em charlieecho-jus9-tecnologia-juridica:ORIENTACOES/MAPA_DE_LINKS_SEMANTICOS_OFICIAIS.md"
"KEEP","governanca-jus9-tecnologia-juridica","ORIENTACOES/MAPA_DE_LINKS_SEMANTICOS_OFICIAIS.md","4C5F70FBAAC35DF2E452E5DD49092C0735C7D824FCB361A3803B73F979785D6A","1154","charlieecho-jus9-tecnologia-juridica","ORIENTACOES/MAPA_DE_LINKS_SEMANTICOS_OFICIAIS.md","repositorio primario Charlie Echo/aulas/governanca"
"DELETE","ia-dupla-jus9-tecnologia-juridica","ORIENTACOES/MAPA_DE_LINKS_SEMANTICOS_OFICIAIS.md","4C5F70FBAAC35DF2E452E5DD49092C0735C7D824FCB361A3803B73F979785D6A","1154","charlieecho-jus9-tecnologia-juridica","ORIENTACOES/MAPA_DE_LINKS_SEMANTICOS_OFICIAIS.md","duplicado preservado em charlieecho-jus9-tecnologia-juridica:ORIENTACOES/MAPA_DE_LINKS_SEMANTICOS_OFICIAIS.md"
"DELETE","ia-profissional-orquestrador-jus9-tecnologia-juridica","ORIENTACOES/MAPA_DE_LINKS_SEMANTICOS_OFICIAIS.md","4C5F70FBAAC35DF2E452E5DD49092C0735C7D824FCB361A3803B73F979785D6A","1154","charlieecho-jus9-tecnologia-juridica","ORIENTACOES/MAPA_DE_LINKS_SEMANTICOS_OFICIAIS.md","duplicado preservado em charlieecho-jus9-tecnologia-juridica:ORIENTACOES/MAPA_DE_LINKS_SEMANTICOS_OFICIAIS.md"
"DELETE","infra-cloudflare-jus9-tecnologia-juridica","ORIENTACOES/MAPA_DE_LINKS_SEMANTICOS_OFICIAIS.md","4C5F70FBAAC35DF2E452E5DD49092C0735C7D824FCB361A3803B73F979785D6A","1154","charlieecho-jus9-tecnologia-juridica","ORIENTACOES/MAPA_DE_LINKS_SEMANTICOS_OFICIAIS.md","duplicado preservado em charlieecho-jus9-tecnologia-juridica:ORIENTACOES/MAPA_DE_LINKS_SEMANTICOS_OFICIAIS.md"
"DELETE","introducaocss","ORIENTACOES/MAPA_DE_LINKS_SEMANTICOS_OFICIAIS.md","4C5F70FBAAC35DF2E452E5DD49092C0735C7D824FCB361A3803B73F979785D6A","1154","charlieecho-jus9-tecnologia-juridica","ORIENTACOES/MAPA_DE_LINKS_SEMANTICOS_OFICIAIS.md","duplicado preservado em charlieecho-jus9-tecnologia-juridica:ORIENTACOES/MAPA_DE_LINKS_SEMANTICOS_OFICIAIS.md"
"DELETE","juridico-virtual-jus9-tecnologia-juridica","ORIENTACOES/MAPA_DE_LINKS_SEMANTICOS_OFICIAIS.md","4C5F70FBAAC35DF2E452E5DD49092C0735C7D824FCB361A3803B73F979785D6A","1154","charlieecho-jus9-tecnologia-juridica","ORIENTACOES/MAPA_DE_LINKS_SEMANTICOS_OFICIAIS.md","duplicado preservado em charlieecho-jus9-tecnologia-juridica:ORIENTACOES/MAPA_DE_LINKS_SEMANTICOS_OFICIAIS.md"
"DELETE","jus9verde-jus9-tecnologia-juridica","ORIENTACOES/MAPA_DE_LINKS_SEMANTICOS_OFICIAIS.md","4C5F70FBAAC35DF2E452E5DD49092C0735C7D824FCB361A3803B73F979785D6A","1154","charlieecho-jus9-tecnologia-juridica","ORIENTACOES/MAPA_DE_LINKS_SEMANTICOS_OFICIAIS.md","duplicado preservado em charlieecho-jus9-tecnologia-juridica:ORIENTACOES/MAPA_DE_LINKS_SEMANTICOS_OFICIAIS.md"
"DELETE","laboratorio-jus9-tecnologia-juridica","ORIENTACOES/MAPA_DE_LINKS_SEMANTICOS_OFICIAIS.md","4C5F70FBAAC35DF2E452E5DD49092C0735C7D824FCB361A3803B73F979785D6A","1154","charlieecho-jus9-tecnologia-juridica","ORIENTACOES/MAPA_DE_LINKS_SEMANTICOS_OFICIAIS.md","duplicado preservado em charlieecho-jus9-tecnologia-juridica:ORIENTACOES/MAPA_DE_LINKS_SEMANTICOS_OFICIAIS.md"
"DELETE","livros-jus9-tecnologia-juridica","ORIENTACOES/MAPA_DE_LINKS_SEMANTICOS_OFICIAIS.md","4C5F70FBAAC35DF2E452E5DD49092C0735C7D824FCB361A3803B73F979785D6A","1154","charlieecho-jus9-tecnologia-juridica","ORIENTACOES/MAPA_DE_LINKS_SEMANTICOS_OFICIAIS.md","duplicado preservado em charlieecho-jus9-tecnologia-juridica:ORIENTACOES/MAPA_DE_LINKS_SEMANTICOS_OFICIAIS.md"
"DELETE","logs-auditoria-jus9-tecnologia-juridica","ORIENTACOES/MAPA_DE_LINKS_SEMANTICOS_OFICIAIS.md","4C5F70FBAAC35DF2E452E5DD49092C0735C7D824FCB361A3803B73F979785D6A","1154","charlieecho-jus9-tecnologia-juridica","ORIENTACOES/MAPA_DE_LINKS_SEMANTICOS_OFICIAIS.md","duplicado preservado em charlieecho-jus9-tecnologia-juridica:ORIENTACOES/MAPA_DE_LINKS_SEMANTICOS_OFICIAIS.md"
"DELETE","olamundo-jus9-tecnologia-juridica","ORIENTACOES/MAPA_DE_LINKS_SEMANTICOS_OFICIAIS.md","4C5F70FBAAC35DF2E452E5DD49092C0735C7D824FCB361A3803B73F979785D6A","1154","charlieecho-jus9-tecnologia-juridica","ORIENTACOES/MAPA_DE_LINKS_SEMANTICOS_OFICIAIS.md","duplicado preservado em charlieecho-jus9-tecnologia-juridica:ORIENTACOES/MAPA_DE_LINKS_SEMANTICOS_OFICIAIS.md"
"DELETE","portal-cliente-jus9-tecnologia-juridica","ORIENTACOES/MAPA_DE_LINKS_SEMANTICOS_OFICIAIS.md","4C5F70FBAAC35DF2E452E5DD49092C0735C7D824FCB361A3803B73F979785D6A","1154","charlieecho-jus9-tecnologia-juridica","ORIENTACOES/MAPA_DE_LINKS_SEMANTICOS_OFICIAIS.md","duplicado preservado em charlieecho-jus9-tecnologia-juridica:ORIENTACOES/MAPA_DE_LINKS_SEMANTICOS_OFICIAIS.md"
"DELETE","primeiroformsctec","ORIENTACOES/MAPA_DE_LINKS_SEMANTICOS_OFICIAIS.md","4C5F70FBAAC35DF2E452E5DD49092C0735C7D824FCB361A3803B73F979785D6A","1154","charlieecho-jus9-tecnologia-juridica","ORIENTACOES/MAPA_DE_LINKS_SEMANTICOS_OFICIAIS.md","duplicado preservado em charlieecho-jus9-tecnologia-juridica:ORIENTACOES/MAPA_DE_LINKS_SEMANTICOS_OFICIAIS.md"
"DELETE","quandoodesenhofala-jus9-tecnologia-juridica","ORIENTACOES/MAPA_DE_LINKS_SEMANTICOS_OFICIAIS.md","4C5F70FBAAC35DF2E452E5DD49092C0735C7D824FCB361A3803B73F979785D6A","1154","charlieecho-jus9-tecnologia-juridica","ORIENTACOES/MAPA_DE_LINKS_SEMANTICOS_OFICIAIS.md","duplicado preservado em charlieecho-jus9-tecnologia-juridica:ORIENTACOES/MAPA_DE_LINKS_SEMANTICOS_OFICIAIS.md"
"DELETE","sctec","ORIENTACOES/MAPA_DE_LINKS_SEMANTICOS_OFICIAIS.md","4C5F70FBAAC35DF2E452E5DD49092C0735C7D824FCB361A3803B73F979785D6A","1154","charlieecho-jus9-tecnologia-juridica","ORIENTACOES/MAPA_DE_LINKS_SEMANTICOS_OFICIAIS.md","duplicado preservado em charlieecho-jus9-tecnologia-juridica:ORIENTACOES/MAPA_DE_LINKS_SEMANTICOS_OFICIAIS.md"
"DELETE","workers-pages-functions-jus9-tecnologia-juridica","ORIENTACOES/MAPA_DE_LINKS_SEMANTICOS_OFICIAIS.md","4C5F70FBAAC35DF2E452E5DD49092C0735C7D824FCB361A3803B73F979785D6A","1154","charlieecho-jus9-tecnologia-juridica","ORIENTACOES/MAPA_DE_LINKS_SEMANTICOS_OFICIAIS.md","duplicado preservado em charlieecho-jus9-tecnologia-juridica:ORIENTACOES/MAPA_DE_LINKS_SEMANTICOS_OFICIAIS.md"
"DELETE","admin-painel-jus9-tecnologia-juridica","ORIENTACOES/ESCOPO_PROJETO_ECOSSISTEMA_JUS9.md","1BE0FD989F8430C3B5FC5ABDD1C0F43350D56E803F52E69BD94172035B67F9A6","1260","charlieecho-jus9-tecnologia-juridica","ORIENTACOES/ESCOPO_PROJETO_ECOSSISTEMA_JUS9.md","duplicado preservado em charlieecho-jus9-tecnologia-juridica:ORIENTACOES/ESCOPO_PROJETO_ECOSSISTEMA_JUS9.md"
"KEEP","aulas-charlie-echo-jus9-tecnologia-juridica","ORIENTACOES/ESCOPO_PROJETO_ECOSSISTEMA_JUS9.md","1BE0FD989F8430C3B5FC5ABDD1C0F43350D56E803F52E69BD94172035B67F9A6","1260","charlieecho-jus9-tecnologia-juridica","ORIENTACOES/ESCOPO_PROJETO_ECOSSISTEMA_JUS9.md","repositorio primario Charlie Echo/aulas/governanca"
"DELETE","auth-identidade-acesso-jus9-tecnologia-juridica","ORIENTACOES/ESCOPO_PROJETO_ECOSSISTEMA_JUS9.md","1BE0FD989F8430C3B5FC5ABDD1C0F43350D56E803F52E69BD94172035B67F9A6","1260","charlieecho-jus9-tecnologia-juridica","ORIENTACOES/ESCOPO_PROJETO_ECOSSISTEMA_JUS9.md","duplicado preservado em charlieecho-jus9-tecnologia-juridica:ORIENTACOES/ESCOPO_PROJETO_ECOSSISTEMA_JUS9.md"
"DELETE","backend-api-jus9-tecnologia-juridica","ORIENTACOES/ESCOPO_PROJETO_ECOSSISTEMA_JUS9.md","1BE0FD989F8430C3B5FC5ABDD1C0F43350D56E803F52E69BD94172035B67F9A6","1260","charlieecho-jus9-tecnologia-juridica","ORIENTACOES/ESCOPO_PROJETO_ECOSSISTEMA_JUS9.md","duplicado preservado em charlieecho-jus9-tecnologia-juridica:ORIENTACOES/ESCOPO_PROJETO_ECOSSISTEMA_JUS9.md"
"DELETE","carta-jus9-tecnologia-juridica","ORIENTACOES/ESCOPO_PROJETO_ECOSSISTEMA_JUS9.md","1BE0FD989F8430C3B5FC5ABDD1C0F43350D56E803F52E69BD94172035B67F9A6","1260","charlieecho-jus9-tecnologia-juridica","ORIENTACOES/ESCOPO_PROJETO_ECOSSISTEMA_JUS9.md","duplicado preservado em charlieecho-jus9-tecnologia-juridica:ORIENTACOES/ESCOPO_PROJETO_ECOSSISTEMA_JUS9.md"
"KEEP","charlieecho-jus9-tecnologia-juridica","ORIENTACOES/ESCOPO_PROJETO_ECOSSISTEMA_JUS9.md","1BE0FD989F8430C3B5FC5ABDD1C0F43350D56E803F52E69BD94172035B67F9A6","1260","charlieecho-jus9-tecnologia-juridica","ORIENTACOES/ESCOPO_PROJETO_ECOSSISTEMA_JUS9.md","fonte primaria do grupo"
"DELETE","cofre-documentos-seguros-jus9-tecnologia-juridica","ORIENTACOES/ESCOPO_PROJETO_ECOSSISTEMA_JUS9.md","1BE0FD989F8430C3B5FC5ABDD1C0F43350D56E803F52E69BD94172035B67F9A6","1260","charlieecho-jus9-tecnologia-juridica","ORIENTACOES/ESCOPO_PROJETO_ECOSSISTEMA_JUS9.md","duplicado preservado em charlieecho-jus9-tecnologia-juridica:ORIENTACOES/ESCOPO_PROJETO_ECOSSISTEMA_JUS9.md"
"DELETE","db-modelos-migracoes-jus9-tecnologia-juridica","ORIENTACOES/ESCOPO_PROJETO_ECOSSISTEMA_JUS9.md","1BE0FD989F8430C3B5FC5ABDD1C0F43350D56E803F52E69BD94172035B67F9A6","1260","charlieecho-jus9-tecnologia-juridica","ORIENTACOES/ESCOPO_PROJETO_ECOSSISTEMA_JUS9.md","duplicado preservado em charlieecho-jus9-tecnologia-juridica:ORIENTACOES/ESCOPO_PROJETO_ECOSSISTEMA_JUS9.md"
"DELETE","documentacao-jus9-tecnologia-juridica","ORIENTACOES/ESCOPO_PROJETO_ECOSSISTEMA_JUS9.md","1BE0FD989F8430C3B5FC5ABDD1C0F43350D56E803F52E69BD94172035B67F9A6","1260","charlieecho-jus9-tecnologia-juridica","ORIENTACOES/ESCOPO_PROJETO_ECOSSISTEMA_JUS9.md","duplicado preservado em charlieecho-jus9-tecnologia-juridica:ORIENTACOES/ESCOPO_PROJETO_ECOSSISTEMA_JUS9.md"
"DELETE","equipe-jus9-tecnologia-juridica","orientacoes/ESCOPO_PROJETO_ECOSSISTEMA_JUS9.md","1BE0FD989F8430C3B5FC5ABDD1C0F43350D56E803F52E69BD94172035B67F9A6","1260","charlieecho-jus9-tecnologia-juridica","ORIENTACOES/ESCOPO_PROJETO_ECOSSISTEMA_JUS9.md","duplicado preservado em charlieecho-jus9-tecnologia-juridica:ORIENTACOES/ESCOPO_PROJETO_ECOSSISTEMA_JUS9.md"
"DELETE","governanca-autoorganizacao-charlie-echo-jus9-tecnologia-juridica","ORIENTACOES/ESCOPO_PROJETO_ECOSSISTEMA_JUS9.md","1BE0FD989F8430C3B5FC5ABDD1C0F43350D56E803F52E69BD94172035B67F9A6","1260","charlieecho-jus9-tecnologia-juridica","ORIENTACOES/ESCOPO_PROJETO_ECOSSISTEMA_JUS9.md","duplicado preservado em charlieecho-jus9-tecnologia-juridica:ORIENTACOES/ESCOPO_PROJETO_ECOSSISTEMA_JUS9.md"
"KEEP","governanca-jus9-tecnologia-juridica","ORIENTACOES/ESCOPO_PROJETO_ECOSSISTEMA_JUS9.md","1BE0FD989F8430C3B5FC5ABDD1C0F43350D56E803F52E69BD94172035B67F9A6","1260","charlieecho-jus9-tecnologia-juridica","ORIENTACOES/ESCOPO_PROJETO_ECOSSISTEMA_JUS9.md","repositorio primario Charlie Echo/aulas/governanca"
"DELETE","ia-dupla-jus9-tecnologia-juridica","ORIENTACOES/ESCOPO_PROJETO_ECOSSISTEMA_JUS9.md","1BE0FD989F8430C3B5FC5ABDD1C0F43350D56E803F52E69BD94172035B67F9A6","1260","charlieecho-jus9-tecnologia-juridica","ORIENTACOES/ESCOPO_PROJETO_ECOSSISTEMA_JUS9.md","duplicado preservado em charlieecho-jus9-tecnologia-juridica:ORIENTACOES/ESCOPO_PROJETO_ECOSSISTEMA_JUS9.md"
"DELETE","ia-profissional-orquestrador-jus9-tecnologia-juridica","ORIENTACOES/ESCOPO_PROJETO_ECOSSISTEMA_JUS9.md","1BE0FD989F8430C3B5FC5ABDD1C0F43350D56E803F52E69BD94172035B67F9A6","1260","charlieecho-jus9-tecnologia-juridica","ORIENTACOES/ESCOPO_PROJETO_ECOSSISTEMA_JUS9.md","duplicado preservado em charlieecho-jus9-tecnologia-juridica:ORIENTACOES/ESCOPO_PROJETO_ECOSSISTEMA_JUS9.md"
"DELETE","infra-cloudflare-jus9-tecnologia-juridica","ORIENTACOES/ESCOPO_PROJETO_ECOSSISTEMA_JUS9.md","1BE0FD989F8430C3B5FC5ABDD1C0F43350D56E803F52E69BD94172035B67F9A6","1260","charlieecho-jus9-tecnologia-juridica","ORIENTACOES/ESCOPO_PROJETO_ECOSSISTEMA_JUS9.md","duplicado preservado em charlieecho-jus9-tecnologia-juridica:ORIENTACOES/ESCOPO_PROJETO_ECOSSISTEMA_JUS9.md"
"DELETE","investimentos-jus9-tecnologia-juridica","ORIENTACOES/ESCOPO_PROJETO_ECOSSISTEMA_JUS9.md","1BE0FD989F8430C3B5FC5ABDD1C0F43350D56E803F52E69BD94172035B67F9A6","1260","charlieecho-jus9-tecnologia-juridica","ORIENTACOES/ESCOPO_PROJETO_ECOSSISTEMA_JUS9.md","duplicado preservado em charlieecho-jus9-tecnologia-juridica:ORIENTACOES/ESCOPO_PROJETO_ECOSSISTEMA_JUS9.md"
"DELETE","juridico-virtual-jus9-tecnologia-juridica","ORIENTACOES/ESCOPO_PROJETO_ECOSSISTEMA_JUS9.md","1BE0FD989F8430C3B5FC5ABDD1C0F43350D56E803F52E69BD94172035B67F9A6","1260","charlieecho-jus9-tecnologia-juridica","ORIENTACOES/ESCOPO_PROJETO_ECOSSISTEMA_JUS9.md","duplicado preservado em charlieecho-jus9-tecnologia-juridica:ORIENTACOES/ESCOPO_PROJETO_ECOSSISTEMA_JUS9.md"
"DELETE","jus9verde-jus9-tecnologia-juridica","ORIENTACOES/ESCOPO_PROJETO_ECOSSISTEMA_JUS9.md","1BE0FD989F8430C3B5FC5ABDD1C0F43350D56E803F52E69BD94172035B67F9A6","1260","charlieecho-jus9-tecnologia-juridica","ORIENTACOES/ESCOPO_PROJETO_ECOSSISTEMA_JUS9.md","duplicado preservado em charlieecho-jus9-tecnologia-juridica:ORIENTACOES/ESCOPO_PROJETO_ECOSSISTEMA_JUS9.md"
"DELETE","laboratorio-jus9-tecnologia-juridica","ORIENTACOES/ESCOPO_PROJETO_ECOSSISTEMA_JUS9.md","1BE0FD989F8430C3B5FC5ABDD1C0F43350D56E803F52E69BD94172035B67F9A6","1260","charlieecho-jus9-tecnologia-juridica","ORIENTACOES/ESCOPO_PROJETO_ECOSSISTEMA_JUS9.md","duplicado preservado em charlieecho-jus9-tecnologia-juridica:ORIENTACOES/ESCOPO_PROJETO_ECOSSISTEMA_JUS9.md"
"DELETE","livros-jus9-tecnologia-juridica","ORIENTACOES/ESCOPO_PROJETO_ECOSSISTEMA_JUS9.md","1BE0FD989F8430C3B5FC5ABDD1C0F43350D56E803F52E69BD94172035B67F9A6","1260","charlieecho-jus9-tecnologia-juridica","ORIENTACOES/ESCOPO_PROJETO_ECOSSISTEMA_JUS9.md","duplicado preservado em charlieecho-jus9-tecnologia-juridica:ORIENTACOES/ESCOPO_PROJETO_ECOSSISTEMA_JUS9.md"
"DELETE","logs-auditoria-jus9-tecnologia-juridica","ORIENTACOES/ESCOPO_PROJETO_ECOSSISTEMA_JUS9.md","1BE0FD989F8430C3B5FC5ABDD1C0F43350D56E803F52E69BD94172035B67F9A6","1260","charlieecho-jus9-tecnologia-juridica","ORIENTACOES/ESCOPO_PROJETO_ECOSSISTEMA_JUS9.md","duplicado preservado em charlieecho-jus9-tecnologia-juridica:ORIENTACOES/ESCOPO_PROJETO_ECOSSISTEMA_JUS9.md"
"DELETE","mvp-jus9-tecnologia-juridica","ORIENTACOES/ESCOPO_PROJETO_ECOSSISTEMA_JUS9.md","1BE0FD989F8430C3B5FC5ABDD1C0F43350D56E803F52E69BD94172035B67F9A6","1260","charlieecho-jus9-tecnologia-juridica","ORIENTACOES/ESCOPO_PROJETO_ECOSSISTEMA_JUS9.md","duplicado preservado em charlieecho-jus9-tecnologia-juridica:ORIENTACOES/ESCOPO_PROJETO_ECOSSISTEMA_JUS9.md"
"DELETE","olamundo-jus9-tecnologia-juridica","ORIENTACOES/ESCOPO_PROJETO_ECOSSISTEMA_JUS9.md","1BE0FD989F8430C3B5FC5ABDD1C0F43350D56E803F52E69BD94172035B67F9A6","1260","charlieecho-jus9-tecnologia-juridica","ORIENTACOES/ESCOPO_PROJETO_ECOSSISTEMA_JUS9.md","duplicado preservado em charlieecho-jus9-tecnologia-juridica:ORIENTACOES/ESCOPO_PROJETO_ECOSSISTEMA_JUS9.md"
"DELETE","portal-cliente-jus9-tecnologia-juridica","ORIENTACOES/ESCOPO_PROJETO_ECOSSISTEMA_JUS9.md","1BE0FD989F8430C3B5FC5ABDD1C0F43350D56E803F52E69BD94172035B67F9A6","1260","charlieecho-jus9-tecnologia-juridica","ORIENTACOES/ESCOPO_PROJETO_ECOSSISTEMA_JUS9.md","duplicado preservado em charlieecho-jus9-tecnologia-juridica:ORIENTACOES/ESCOPO_PROJETO_ECOSSISTEMA_JUS9.md"
"DELETE","quandoodesenhofala-jus9-tecnologia-juridica","ORIENTACOES/ESCOPO_PROJETO_ECOSSISTEMA_JUS9.md","1BE0FD989F8430C3B5FC5ABDD1C0F43350D56E803F52E69BD94172035B67F9A6","1260","charlieecho-jus9-tecnologia-juridica","ORIENTACOES/ESCOPO_PROJETO_ECOSSISTEMA_JUS9.md","duplicado preservado em charlieecho-jus9-tecnologia-juridica:ORIENTACOES/ESCOPO_PROJETO_ECOSSISTEMA_JUS9.md"
"DELETE","universidadedofuturo-jus9-tecnologia-juridica","ORIENTACOES/ESCOPO_PROJETO_ECOSSISTEMA_JUS9.md","1BE0FD989F8430C3B5FC5ABDD1C0F43350D56E803F52E69BD94172035B67F9A6","1260","charlieecho-jus9-tecnologia-juridica","ORIENTACOES/ESCOPO_PROJETO_ECOSSISTEMA_JUS9.md","duplicado preservado em charlieecho-jus9-tecnologia-juridica:ORIENTACOES/ESCOPO_PROJETO_ECOSSISTEMA_JUS9.md"
"DELETE","workers-pages-functions-jus9-tecnologia-juridica","ORIENTACOES/ESCOPO_PROJETO_ECOSSISTEMA_JUS9.md","1BE0FD989F8430C3B5FC5ABDD1C0F43350D56E803F52E69BD94172035B67F9A6","1260","charlieecho-jus9-tecnologia-juridica","ORIENTACOES/ESCOPO_PROJETO_ECOSSISTEMA_JUS9.md","duplicado preservado em charlieecho-jus9-tecnologia-juridica:ORIENTACOES/ESCOPO_PROJETO_ECOSSISTEMA_JUS9.md"
"KEEP","admin-painel-jus9-tecnologia-juridica",".gitattributes","1A1DBE176BC233B499D35A57DB7513F2941C99AB9759F177830C9149BE99005B","66","charlieecho-jus9-tecnologia-juridica",".gitattributes","arquivo padrao necessario por repositorio"
"KEEP","aulas-charlie-echo-jus9-tecnologia-juridica",".gitattributes","1A1DBE176BC233B499D35A57DB7513F2941C99AB9759F177830C9149BE99005B","66","charlieecho-jus9-tecnologia-juridica",".gitattributes","repositorio primario Charlie Echo/aulas/governanca"
"KEEP","auth-identidade-acesso-jus9-tecnologia-juridica",".gitattributes","1A1DBE176BC233B499D35A57DB7513F2941C99AB9759F177830C9149BE99005B","66","charlieecho-jus9-tecnologia-juridica",".gitattributes","arquivo padrao necessario por repositorio"
"KEEP","backend-api-jus9-tecnologia-juridica",".gitattributes","1A1DBE176BC233B499D35A57DB7513F2941C99AB9759F177830C9149BE99005B","66","charlieecho-jus9-tecnologia-juridica",".gitattributes","arquivo padrao necessario por repositorio"
"KEEP","charlieecho-jus9-tecnologia-juridica",".gitattributes","1A1DBE176BC233B499D35A57DB7513F2941C99AB9759F177830C9149BE99005B","66","charlieecho-jus9-tecnologia-juridica",".gitattributes","fonte primaria do grupo"
"KEEP","cofre-documentos-seguros-jus9-tecnologia-juridica",".gitattributes","1A1DBE176BC233B499D35A57DB7513F2941C99AB9759F177830C9149BE99005B","66","charlieecho-jus9-tecnologia-juridica",".gitattributes","arquivo padrao necessario por repositorio"
"KEEP","Creta",".gitattributes","1A1DBE176BC233B499D35A57DB7513F2941C99AB9759F177830C9149BE99005B","66","charlieecho-jus9-tecnologia-juridica",".gitattributes","arquivo padrao necessario por repositorio"
"KEEP","db-modelos-migracoes-jus9-tecnologia-juridica",".gitattributes","1A1DBE176BC233B499D35A57DB7513F2941C99AB9759F177830C9149BE99005B","66","charlieecho-jus9-tecnologia-juridica",".gitattributes","arquivo padrao necessario por repositorio"
"KEEP","documentacao-jus9-tecnologia-juridica",".gitattributes","1A1DBE176BC233B499D35A57DB7513F2941C99AB9759F177830C9149BE99005B","66","charlieecho-jus9-tecnologia-juridica",".gitattributes","arquivo padrao necessario por repositorio"
"KEEP","equipe-jus9-tecnologia-juridica",".gitattributes","1A1DBE176BC233B499D35A57DB7513F2941C99AB9759F177830C9149BE99005B","66","charlieecho-jus9-tecnologia-juridica",".gitattributes","arquivo padrao necessario por repositorio"
"KEEP","governanca-autoorganizacao-charlie-echo-jus9-tecnologia-juridica",".gitattributes","1A1DBE176BC233B499D35A57DB7513F2941C99AB9759F177830C9149BE99005B","66","charlieecho-jus9-tecnologia-juridica",".gitattributes","arquivo padrao necessario por repositorio"
"KEEP","governanca-jus9-tecnologia-juridica",".gitattributes","1A1DBE176BC233B499D35A57DB7513F2941C99AB9759F177830C9149BE99005B","66","charlieecho-jus9-tecnologia-juridica",".gitattributes","repositorio primario Charlie Echo/aulas/governanca"
"KEEP","ia-profissional-orquestrador-jus9-tecnologia-juridica",".gitattributes","1A1DBE176BC233B499D35A57DB7513F2941C99AB9759F177830C9149BE99005B","66","charlieecho-jus9-tecnologia-juridica",".gitattributes","arquivo padrao necessario por repositorio"
"KEEP","infra-cloudflare-jus9-tecnologia-juridica",".gitattributes","1A1DBE176BC233B499D35A57DB7513F2941C99AB9759F177830C9149BE99005B","66","charlieecho-jus9-tecnologia-juridica",".gitattributes","arquivo padrao necessario por repositorio"
"KEEP","introducaocss",".gitattributes","1A1DBE176BC233B499D35A57DB7513F2941C99AB9759F177830C9149BE99005B","66","charlieecho-jus9-tecnologia-juridica",".gitattributes","arquivo padrao necessario por repositorio"
"KEEP","juridico-virtual-jus9-tecnologia-juridica",".gitattributes","1A1DBE176BC233B499D35A57DB7513F2941C99AB9759F177830C9149BE99005B","66","charlieecho-jus9-tecnologia-juridica",".gitattributes","arquivo padrao necessario por repositorio"
"KEEP","jus9verde-jus9-tecnologia-juridica",".gitattributes","1A1DBE176BC233B499D35A57DB7513F2941C99AB9759F177830C9149BE99005B","66","charlieecho-jus9-tecnologia-juridica",".gitattributes","arquivo padrao necessario por repositorio"
"KEEP","laboratorio-jus9-tecnologia-juridica",".gitattributes","1A1DBE176BC233B499D35A57DB7513F2941C99AB9759F177830C9149BE99005B","66","charlieecho-jus9-tecnologia-juridica",".gitattributes","arquivo padrao necessario por repositorio"
"KEEP","logs-auditoria-jus9-tecnologia-juridica",".gitattributes","1A1DBE176BC233B499D35A57DB7513F2941C99AB9759F177830C9149BE99005B","66","charlieecho-jus9-tecnologia-juridica",".gitattributes","arquivo padrao necessario por repositorio"
"KEEP","mvp-jus9-tecnologia-juridica",".gitattributes","1A1DBE176BC233B499D35A57DB7513F2941C99AB9759F177830C9149BE99005B","66","charlieecho-jus9-tecnologia-juridica",".gitattributes","arquivo padrao necessario por repositorio"
"KEEP","nacoes-por-heranca",".gitattributes","1A1DBE176BC233B499D35A57DB7513F2941C99AB9759F177830C9149BE99005B","66","charlieecho-jus9-tecnologia-juridica",".gitattributes","arquivo padrao necessario por repositorio"
"KEEP","olamundo-jus9-tecnologia-juridica",".gitattributes","1A1DBE176BC233B499D35A57DB7513F2941C99AB9759F177830C9149BE99005B","66","charlieecho-jus9-tecnologia-juridica",".gitattributes","arquivo padrao necessario por repositorio"
"KEEP","portal-cliente-jus9-tecnologia-juridica",".gitattributes","1A1DBE176BC233B499D35A57DB7513F2941C99AB9759F177830C9149BE99005B","66","charlieecho-jus9-tecnologia-juridica",".gitattributes","arquivo padrao necessario por repositorio"
"KEEP","primeiroformsctec",".gitattributes","1A1DBE176BC233B499D35A57DB7513F2941C99AB9759F177830C9149BE99005B","66","charlieecho-jus9-tecnologia-juridica",".gitattributes","arquivo padrao necessario por repositorio"
"KEEP","quandoodesenhofala-jus9-tecnologia-juridica",".gitattributes","1A1DBE176BC233B499D35A57DB7513F2941C99AB9759F177830C9149BE99005B","66","charlieecho-jus9-tecnologia-juridica",".gitattributes","arquivo padrao necessario por repositorio"
"KEEP","universidadedofuturo-jus9-tecnologia-juridica",".gitattributes","1A1DBE176BC233B499D35A57DB7513F2941C99AB9759F177830C9149BE99005B","66","charlieecho-jus9-tecnologia-juridica",".gitattributes","arquivo padrao necessario por repositorio"
"KEEP","workers-pages-functions-jus9-tecnologia-juridica",".gitattributes","1A1DBE176BC233B499D35A57DB7513F2941C99AB9759F177830C9149BE99005B","66","charlieecho-jus9-tecnologia-juridica",".gitattributes","arquivo padrao necessario por repositorio"
"KEEP","admin-painel-jus9-tecnologia-juridica","assets/jus9-logo-completo.svg","503DA30BEFD484B9C9BB3A270B909CECE1043A785308C6AF21C6067807B1C514","4305","charlieecho-jus9-tecnologia-juridica","assets/jus9-logo-completo.svg","asset ou arquivo referenciado no proprio repositorio"
"KEEP","Aeon-Primevo","assets/jus9-logo-completo.svg","503DA30BEFD484B9C9BB3A270B909CECE1043A785308C6AF21C6067807B1C514","4305","charlieecho-jus9-tecnologia-juridica","assets/jus9-logo-completo.svg","asset ou arquivo referenciado no proprio repositorio"
"KEEP","aulas-charlie-echo-jus9-tecnologia-juridica","assets/jus9-logo-completo.svg","503DA30BEFD484B9C9BB3A270B909CECE1043A785308C6AF21C6067807B1C514","4305","charlieecho-jus9-tecnologia-juridica","assets/jus9-logo-completo.svg","repositorio primario Charlie Echo/aulas/governanca"
"KEEP","auth-identidade-acesso-jus9-tecnologia-juridica","assets/jus9-logo-completo.svg","503DA30BEFD484B9C9BB3A270B909CECE1043A785308C6AF21C6067807B1C514","4305","charlieecho-jus9-tecnologia-juridica","assets/jus9-logo-completo.svg","asset ou arquivo referenciado no proprio repositorio"
"KEEP","backend-api-jus9-tecnologia-juridica","assets/jus9-logo-completo.svg","503DA30BEFD484B9C9BB3A270B909CECE1043A785308C6AF21C6067807B1C514","4305","charlieecho-jus9-tecnologia-juridica","assets/jus9-logo-completo.svg","asset ou arquivo referenciado no proprio repositorio"
"KEEP","carta-jus9-tecnologia-juridica","assets/jus9-logo-completo.svg","503DA30BEFD484B9C9BB3A270B909CECE1043A785308C6AF21C6067807B1C514","4305","charlieecho-jus9-tecnologia-juridica","assets/jus9-logo-completo.svg","asset ou arquivo referenciado no proprio repositorio"
"KEEP","charlieecho-jus9-tecnologia-juridica","assets/jus9-logo-completo.svg","503DA30BEFD484B9C9BB3A270B909CECE1043A785308C6AF21C6067807B1C514","4305","charlieecho-jus9-tecnologia-juridica","assets/jus9-logo-completo.svg","fonte primaria do grupo"
"KEEP","cofre-documentos-seguros-jus9-tecnologia-juridica","assets/jus9-logo-completo.svg","503DA30BEFD484B9C9BB3A270B909CECE1043A785308C6AF21C6067807B1C514","4305","charlieecho-jus9-tecnologia-juridica","assets/jus9-logo-completo.svg","asset ou arquivo referenciado no proprio repositorio"
"KEEP","Creta","assets/jus9-logo-completo.svg","503DA30BEFD484B9C9BB3A270B909CECE1043A785308C6AF21C6067807B1C514","4305","charlieecho-jus9-tecnologia-juridica","assets/jus9-logo-completo.svg","asset ou arquivo referenciado no proprio repositorio"
"KEEP","documentacao-jus9-tecnologia-juridica","assets/jus9-logo-completo.svg","503DA30BEFD484B9C9BB3A270B909CECE1043A785308C6AF21C6067807B1C514","4305","charlieecho-jus9-tecnologia-juridica","assets/jus9-logo-completo.svg","asset ou arquivo referenciado no proprio repositorio"
"KEEP","equipe-jus9-tecnologia-juridica","assets/jus9-logo-completo.svg","503DA30BEFD484B9C9BB3A270B909CECE1043A785308C6AF21C6067807B1C514","4305","charlieecho-jus9-tecnologia-juridica","assets/jus9-logo-completo.svg","asset ou arquivo referenciado no proprio repositorio"
"KEEP","governanca-autoorganizacao-charlie-echo-jus9-tecnologia-juridica","assets/jus9-logo-completo.svg","503DA30BEFD484B9C9BB3A270B909CECE1043A785308C6AF21C6067807B1C514","4305","charlieecho-jus9-tecnologia-juridica","assets/jus9-logo-completo.svg","asset ou arquivo referenciado no proprio repositorio"
"KEEP","governanca-jus9-tecnologia-juridica","assets/jus9-logo-completo.svg","503DA30BEFD484B9C9BB3A270B909CECE1043A785308C6AF21C6067807B1C514","4305","charlieecho-jus9-tecnologia-juridica","assets/jus9-logo-completo.svg","repositorio primario Charlie Echo/aulas/governanca"
"KEEP","ia-profissional-orquestrador-jus9-tecnologia-juridica","assets/jus9-logo-completo.svg","503DA30BEFD484B9C9BB3A270B909CECE1043A785308C6AF21C6067807B1C514","4305","charlieecho-jus9-tecnologia-juridica","assets/jus9-logo-completo.svg","asset ou arquivo referenciado no proprio repositorio"
"KEEP","infra-cloudflare-jus9-tecnologia-juridica","assets/jus9-logo-completo.svg","503DA30BEFD484B9C9BB3A270B909CECE1043A785308C6AF21C6067807B1C514","4305","charlieecho-jus9-tecnologia-juridica","assets/jus9-logo-completo.svg","asset ou arquivo referenciado no proprio repositorio"
"KEEP","juridico-virtual-jus9-tecnologia-juridica","assets/jus9-logo-completo.svg","503DA30BEFD484B9C9BB3A270B909CECE1043A785308C6AF21C6067807B1C514","4305","charlieecho-jus9-tecnologia-juridica","assets/jus9-logo-completo.svg","asset ou arquivo referenciado no proprio repositorio"
"KEEP","jus9-tecnologia-juridica","assets/jus9-logo-completo.svg","503DA30BEFD484B9C9BB3A270B909CECE1043A785308C6AF21C6067807B1C514","4305","charlieecho-jus9-tecnologia-juridica","assets/jus9-logo-completo.svg","asset ou arquivo referenciado no proprio repositorio"
"KEEP","jus9verde-jus9-tecnologia-juridica","assets/jus9-logo-completo.svg","503DA30BEFD484B9C9BB3A270B909CECE1043A785308C6AF21C6067807B1C514","4305","charlieecho-jus9-tecnologia-juridica","assets/jus9-logo-completo.svg","asset ou arquivo referenciado no proprio repositorio"
"KEEP","livros-jus9-tecnologia-juridica","assets/jus9-logo-completo.svg","503DA30BEFD484B9C9BB3A270B909CECE1043A785308C6AF21C6067807B1C514","4305","charlieecho-jus9-tecnologia-juridica","assets/jus9-logo-completo.svg","asset ou arquivo referenciado no proprio repositorio"
"KEEP","logs-auditoria-jus9-tecnologia-juridica","assets/jus9-logo-completo.svg","503DA30BEFD484B9C9BB3A270B909CECE1043A785308C6AF21C6067807B1C514","4305","charlieecho-jus9-tecnologia-juridica","assets/jus9-logo-completo.svg","asset ou arquivo referenciado no proprio repositorio"
"KEEP","mvp-jus9-tecnologia-juridica","assets/jus9-logo-completo.svg","503DA30BEFD484B9C9BB3A270B909CECE1043A785308C6AF21C6067807B1C514","4305","charlieecho-jus9-tecnologia-juridica","assets/jus9-logo-completo.svg","asset ou arquivo referenciado no proprio repositorio"
"KEEP","olamundo-jus9-tecnologia-juridica","assets/jus9-logo-completo.svg","503DA30BEFD484B9C9BB3A270B909CECE1043A785308C6AF21C6067807B1C514","4305","charlieecho-jus9-tecnologia-juridica","assets/jus9-logo-completo.svg","asset ou arquivo referenciado no proprio repositorio"
"KEEP","portal-cliente-jus9-tecnologia-juridica","assets/jus9-logo-completo.svg","503DA30BEFD484B9C9BB3A270B909CECE1043A785308C6AF21C6067807B1C514","4305","charlieecho-jus9-tecnologia-juridica","assets/jus9-logo-completo.svg","asset ou arquivo referenciado no proprio repositorio"
"KEEP","quandoodesenhofala-jus9-tecnologia-juridica","assets/jus9-logo-completo.svg","503DA30BEFD484B9C9BB3A270B909CECE1043A785308C6AF21C6067807B1C514","4305","charlieecho-jus9-tecnologia-juridica","assets/jus9-logo-completo.svg","asset ou arquivo referenciado no proprio repositorio"
"KEEP","workers-pages-functions-jus9-tecnologia-juridica","assets/jus9-logo-completo.svg","503DA30BEFD484B9C9BB3A270B909CECE1043A785308C6AF21C6067807B1C514","4305","charlieecho-jus9-tecnologia-juridica","assets/jus9-logo-completo.svg","asset ou arquivo referenciado no proprio repositorio"
"DELETE","admin-painel-jus9-tecnologia-juridica","ORIENTACOES/00_LEIA_ANTES_DE_ALTERAR.md","1777A3F76084DB6BB48A35B5601B06000036CAB70A9752ACA217EC708EC9CD39","921","aulas-charlie-echo-jus9-tecnologia-juridica","ORIENTACOES/00_LEIA_ANTES_DE_ALTERAR.md","duplicado preservado em aulas-charlie-echo-jus9-tecnologia-juridica:ORIENTACOES/00_LEIA_ANTES_DE_ALTERAR.md"
"DELETE","Aeon-Primevo","ORIENTACOES/00_LEIA_ANTES_DE_ALTERAR.md","1777A3F76084DB6BB48A35B5601B06000036CAB70A9752ACA217EC708EC9CD39","921","aulas-charlie-echo-jus9-tecnologia-juridica","ORIENTACOES/00_LEIA_ANTES_DE_ALTERAR.md","duplicado preservado em aulas-charlie-echo-jus9-tecnologia-juridica:ORIENTACOES/00_LEIA_ANTES_DE_ALTERAR.md"
"KEEP","aulas-charlie-echo-jus9-tecnologia-juridica","ORIENTACOES/00_LEIA_ANTES_DE_ALTERAR.md","1777A3F76084DB6BB48A35B5601B06000036CAB70A9752ACA217EC708EC9CD39","921","aulas-charlie-echo-jus9-tecnologia-juridica","ORIENTACOES/00_LEIA_ANTES_DE_ALTERAR.md","fonte primaria do grupo"
"DELETE","auth-identidade-acesso-jus9-tecnologia-juridica","ORIENTACOES/00_LEIA_ANTES_DE_ALTERAR.md","1777A3F76084DB6BB48A35B5601B06000036CAB70A9752ACA217EC708EC9CD39","921","aulas-charlie-echo-jus9-tecnologia-juridica","ORIENTACOES/00_LEIA_ANTES_DE_ALTERAR.md","duplicado preservado em aulas-charlie-echo-jus9-tecnologia-juridica:ORIENTACOES/00_LEIA_ANTES_DE_ALTERAR.md"
"DELETE","backend-api-jus9-tecnologia-juridica","ORIENTACOES/00_LEIA_ANTES_DE_ALTERAR.md","1777A3F76084DB6BB48A35B5601B06000036CAB70A9752ACA217EC708EC9CD39","921","aulas-charlie-echo-jus9-tecnologia-juridica","ORIENTACOES/00_LEIA_ANTES_DE_ALTERAR.md","duplicado preservado em aulas-charlie-echo-jus9-tecnologia-juridica:ORIENTACOES/00_LEIA_ANTES_DE_ALTERAR.md"
"DELETE","carta-jus9-tecnologia-juridica","ORIENTACOES/00_LEIA_ANTES_DE_ALTERAR.md","1777A3F76084DB6BB48A35B5601B06000036CAB70A9752ACA217EC708EC9CD39","921","aulas-charlie-echo-jus9-tecnologia-juridica","ORIENTACOES/00_LEIA_ANTES_DE_ALTERAR.md","duplicado preservado em aulas-charlie-echo-jus9-tecnologia-juridica:ORIENTACOES/00_LEIA_ANTES_DE_ALTERAR.md"
"DELETE","Creta","ORIENTACOES/00_LEIA_ANTES_DE_ALTERAR.md","1777A3F76084DB6BB48A35B5601B06000036CAB70A9752ACA217EC708EC9CD39","921","aulas-charlie-echo-jus9-tecnologia-juridica","ORIENTACOES/00_LEIA_ANTES_DE_ALTERAR.md","duplicado preservado em aulas-charlie-echo-jus9-tecnologia-juridica:ORIENTACOES/00_LEIA_ANTES_DE_ALTERAR.md"
"DELETE","equipe-jus9-tecnologia-juridica","orientacoes/00_LEIA_ANTES_DE_ALTERAR.md","1777A3F76084DB6BB48A35B5601B06000036CAB70A9752ACA217EC708EC9CD39","921","aulas-charlie-echo-jus9-tecnologia-juridica","ORIENTACOES/00_LEIA_ANTES_DE_ALTERAR.md","duplicado preservado em aulas-charlie-echo-jus9-tecnologia-juridica:ORIENTACOES/00_LEIA_ANTES_DE_ALTERAR.md"
"DELETE","governanca-autoorganizacao-charlie-echo-jus9-tecnologia-juridica","ORIENTACOES/00_LEIA_ANTES_DE_ALTERAR.md","1777A3F76084DB6BB48A35B5601B06000036CAB70A9752ACA217EC708EC9CD39","921","aulas-charlie-echo-jus9-tecnologia-juridica","ORIENTACOES/00_LEIA_ANTES_DE_ALTERAR.md","duplicado preservado em aulas-charlie-echo-jus9-tecnologia-juridica:ORIENTACOES/00_LEIA_ANTES_DE_ALTERAR.md"
"DELETE","ia-dupla-jus9-tecnologia-juridica","ORIENTACOES/00_LEIA_ANTES_DE_ALTERAR.md","1777A3F76084DB6BB48A35B5601B06000036CAB70A9752ACA217EC708EC9CD39","921","aulas-charlie-echo-jus9-tecnologia-juridica","ORIENTACOES/00_LEIA_ANTES_DE_ALTERAR.md","duplicado preservado em aulas-charlie-echo-jus9-tecnologia-juridica:ORIENTACOES/00_LEIA_ANTES_DE_ALTERAR.md"
"DELETE","ia-profissional-orquestrador-jus9-tecnologia-juridica","ORIENTACOES/00_LEIA_ANTES_DE_ALTERAR.md","1777A3F76084DB6BB48A35B5601B06000036CAB70A9752ACA217EC708EC9CD39","921","aulas-charlie-echo-jus9-tecnologia-juridica","ORIENTACOES/00_LEIA_ANTES_DE_ALTERAR.md","duplicado preservado em aulas-charlie-echo-jus9-tecnologia-juridica:ORIENTACOES/00_LEIA_ANTES_DE_ALTERAR.md"
"DELETE","infra-cloudflare-jus9-tecnologia-juridica","ORIENTACOES/00_LEIA_ANTES_DE_ALTERAR.md","1777A3F76084DB6BB48A35B5601B06000036CAB70A9752ACA217EC708EC9CD39","921","aulas-charlie-echo-jus9-tecnologia-juridica","ORIENTACOES/00_LEIA_ANTES_DE_ALTERAR.md","duplicado preservado em aulas-charlie-echo-jus9-tecnologia-juridica:ORIENTACOES/00_LEIA_ANTES_DE_ALTERAR.md"
"DELETE","introducaocss","ORIENTACOES/00_LEIA_ANTES_DE_ALTERAR.md","1777A3F76084DB6BB48A35B5601B06000036CAB70A9752ACA217EC708EC9CD39","921","aulas-charlie-echo-jus9-tecnologia-juridica","ORIENTACOES/00_LEIA_ANTES_DE_ALTERAR.md","duplicado preservado em aulas-charlie-echo-jus9-tecnologia-juridica:ORIENTACOES/00_LEIA_ANTES_DE_ALTERAR.md"
"DELETE","juridico-virtual-jus9-tecnologia-juridica","ORIENTACOES/00_LEIA_ANTES_DE_ALTERAR.md","1777A3F76084DB6BB48A35B5601B06000036CAB70A9752ACA217EC708EC9CD39","921","aulas-charlie-echo-jus9-tecnologia-juridica","ORIENTACOES/00_LEIA_ANTES_DE_ALTERAR.md","duplicado preservado em aulas-charlie-echo-jus9-tecnologia-juridica:ORIENTACOES/00_LEIA_ANTES_DE_ALTERAR.md"
"DELETE","jus9-tecnologia-juridica","ORIENTACOES/00_LEIA_ANTES_DE_ALTERAR.md","1777A3F76084DB6BB48A35B5601B06000036CAB70A9752ACA217EC708EC9CD39","921","aulas-charlie-echo-jus9-tecnologia-juridica","ORIENTACOES/00_LEIA_ANTES_DE_ALTERAR.md","duplicado preservado em aulas-charlie-echo-jus9-tecnologia-juridica:ORIENTACOES/00_LEIA_ANTES_DE_ALTERAR.md"
"DELETE","jus9verde-jus9-tecnologia-juridica","ORIENTACOES/00_LEIA_ANTES_DE_ALTERAR.md","1777A3F76084DB6BB48A35B5601B06000036CAB70A9752ACA217EC708EC9CD39","921","aulas-charlie-echo-jus9-tecnologia-juridica","ORIENTACOES/00_LEIA_ANTES_DE_ALTERAR.md","duplicado preservado em aulas-charlie-echo-jus9-tecnologia-juridica:ORIENTACOES/00_LEIA_ANTES_DE_ALTERAR.md"
"DELETE","livros-jus9-tecnologia-juridica","ORIENTACOES/00_LEIA_ANTES_DE_ALTERAR.md","1777A3F76084DB6BB48A35B5601B06000036CAB70A9752ACA217EC708EC9CD39","921","aulas-charlie-echo-jus9-tecnologia-juridica","ORIENTACOES/00_LEIA_ANTES_DE_ALTERAR.md","duplicado preservado em aulas-charlie-echo-jus9-tecnologia-juridica:ORIENTACOES/00_LEIA_ANTES_DE_ALTERAR.md"
"DELETE","logs-auditoria-jus9-tecnologia-juridica","ORIENTACOES/00_LEIA_ANTES_DE_ALTERAR.md","1777A3F76084DB6BB48A35B5601B06000036CAB70A9752ACA217EC708EC9CD39","921","aulas-charlie-echo-jus9-tecnologia-juridica","ORIENTACOES/00_LEIA_ANTES_DE_ALTERAR.md","duplicado preservado em aulas-charlie-echo-jus9-tecnologia-juridica:ORIENTACOES/00_LEIA_ANTES_DE_ALTERAR.md"
"DELETE","mvp-jus9-tecnologia-juridica","ORIENTACOES/00_LEIA_ANTES_DE_ALTERAR.md","1777A3F76084DB6BB48A35B5601B06000036CAB70A9752ACA217EC708EC9CD39","921","aulas-charlie-echo-jus9-tecnologia-juridica","ORIENTACOES/00_LEIA_ANTES_DE_ALTERAR.md","duplicado preservado em aulas-charlie-echo-jus9-tecnologia-juridica:ORIENTACOES/00_LEIA_ANTES_DE_ALTERAR.md"
"DELETE","olamundo-jus9-tecnologia-juridica","ORIENTACOES/00_LEIA_ANTES_DE_ALTERAR.md","1777A3F76084DB6BB48A35B5601B06000036CAB70A9752ACA217EC708EC9CD39","921","aulas-charlie-echo-jus9-tecnologia-juridica","ORIENTACOES/00_LEIA_ANTES_DE_ALTERAR.md","duplicado preservado em aulas-charlie-echo-jus9-tecnologia-juridica:ORIENTACOES/00_LEIA_ANTES_DE_ALTERAR.md"
"DELETE","portal-cliente-jus9-tecnologia-juridica","ORIENTACOES/00_LEIA_ANTES_DE_ALTERAR.md","1777A3F76084DB6BB48A35B5601B06000036CAB70A9752ACA217EC708EC9CD39","921","aulas-charlie-echo-jus9-tecnologia-juridica","ORIENTACOES/00_LEIA_ANTES_DE_ALTERAR.md","duplicado preservado em aulas-charlie-echo-jus9-tecnologia-juridica:ORIENTACOES/00_LEIA_ANTES_DE_ALTERAR.md"
"DELETE","primeiroformsctec","ORIENTACOES/00_LEIA_ANTES_DE_ALTERAR.md","1777A3F76084DB6BB48A35B5601B06000036CAB70A9752ACA217EC708EC9CD39","921","aulas-charlie-echo-jus9-tecnologia-juridica","ORIENTACOES/00_LEIA_ANTES_DE_ALTERAR.md","duplicado preservado em aulas-charlie-echo-jus9-tecnologia-juridica:ORIENTACOES/00_LEIA_ANTES_DE_ALTERAR.md"
"DELETE","quandoodesenhofala-jus9-tecnologia-juridica","ORIENTACOES/00_LEIA_ANTES_DE_ALTERAR.md","1777A3F76084DB6BB48A35B5601B06000036CAB70A9752ACA217EC708EC9CD39","921","aulas-charlie-echo-jus9-tecnologia-juridica","ORIENTACOES/00_LEIA_ANTES_DE_ALTERAR.md","duplicado preservado em aulas-charlie-echo-jus9-tecnologia-juridica:ORIENTACOES/00_LEIA_ANTES_DE_ALTERAR.md"
"DELETE","sctec","ORIENTACOES/00_LEIA_ANTES_DE_ALTERAR.md","1777A3F76084DB6BB48A35B5601B06000036CAB70A9752ACA217EC708EC9CD39","921","aulas-charlie-echo-jus9-tecnologia-juridica","ORIENTACOES/00_LEIA_ANTES_DE_ALTERAR.md","duplicado preservado em aulas-charlie-echo-jus9-tecnologia-juridica:ORIENTACOES/00_LEIA_ANTES_DE_ALTERAR.md"
"DELETE","workers-pages-functions-jus9-tecnologia-juridica","ORIENTACOES/00_LEIA_ANTES_DE_ALTERAR.md","1777A3F76084DB6BB48A35B5601B06000036CAB70A9752ACA217EC708EC9CD39","921","aulas-charlie-echo-jus9-tecnologia-juridica","ORIENTACOES/00_LEIA_ANTES_DE_ALTERAR.md","duplicado preservado em aulas-charlie-echo-jus9-tecnologia-juridica:ORIENTACOES/00_LEIA_ANTES_DE_ALTERAR.md"
"DELETE","admin-painel-jus9-tecnologia-juridica","assets/LOGO_CORRIGIDO_A_FINAL_INFO.md","0678699EBCAC17A35E001AC87E53B91ED406B150617944ABABFC7C7EB29CBE37","322","charlieecho-jus9-tecnologia-juridica","assets/LOGO_CORRIGIDO_A_FINAL_INFO.md","duplicado preservado em charlieecho-jus9-tecnologia-juridica:assets/LOGO_CORRIGIDO_A_FINAL_INFO.md"
"DELETE","Aeon-Primevo","assets/LOGO_CORRIGIDO_A_FINAL_INFO.md","0678699EBCAC17A35E001AC87E53B91ED406B150617944ABABFC7C7EB29CBE37","322","charlieecho-jus9-tecnologia-juridica","assets/LOGO_CORRIGIDO_A_FINAL_INFO.md","duplicado preservado em charlieecho-jus9-tecnologia-juridica:assets/LOGO_CORRIGIDO_A_FINAL_INFO.md"
"KEEP","aulas-charlie-echo-jus9-tecnologia-juridica","assets/LOGO_CORRIGIDO_A_FINAL_INFO.md","0678699EBCAC17A35E001AC87E53B91ED406B150617944ABABFC7C7EB29CBE37","322","charlieecho-jus9-tecnologia-juridica","assets/LOGO_CORRIGIDO_A_FINAL_INFO.md","repositorio primario Charlie Echo/aulas/governanca"
"DELETE","auth-identidade-acesso-jus9-tecnologia-juridica","assets/LOGO_CORRIGIDO_A_FINAL_INFO.md","0678699EBCAC17A35E001AC87E53B91ED406B150617944ABABFC7C7EB29CBE37","322","charlieecho-jus9-tecnologia-juridica","assets/LOGO_CORRIGIDO_A_FINAL_INFO.md","duplicado preservado em charlieecho-jus9-tecnologia-juridica:assets/LOGO_CORRIGIDO_A_FINAL_INFO.md"
"DELETE","backend-api-jus9-tecnologia-juridica","assets/LOGO_CORRIGIDO_A_FINAL_INFO.md","0678699EBCAC17A35E001AC87E53B91ED406B150617944ABABFC7C7EB29CBE37","322","charlieecho-jus9-tecnologia-juridica","assets/LOGO_CORRIGIDO_A_FINAL_INFO.md","duplicado preservado em charlieecho-jus9-tecnologia-juridica:assets/LOGO_CORRIGIDO_A_FINAL_INFO.md"
"DELETE","carta-jus9-tecnologia-juridica","assets/LOGO_CORRIGIDO_A_FINAL_INFO.md","0678699EBCAC17A35E001AC87E53B91ED406B150617944ABABFC7C7EB29CBE37","322","charlieecho-jus9-tecnologia-juridica","assets/LOGO_CORRIGIDO_A_FINAL_INFO.md","duplicado preservado em charlieecho-jus9-tecnologia-juridica:assets/LOGO_CORRIGIDO_A_FINAL_INFO.md"
"KEEP","charlieecho-jus9-tecnologia-juridica","assets/LOGO_CORRIGIDO_A_FINAL_INFO.md","0678699EBCAC17A35E001AC87E53B91ED406B150617944ABABFC7C7EB29CBE37","322","charlieecho-jus9-tecnologia-juridica","assets/LOGO_CORRIGIDO_A_FINAL_INFO.md","fonte primaria do grupo"
"DELETE","cofre-documentos-seguros-jus9-tecnologia-juridica","assets/LOGO_CORRIGIDO_A_FINAL_INFO.md","0678699EBCAC17A35E001AC87E53B91ED406B150617944ABABFC7C7EB29CBE37","322","charlieecho-jus9-tecnologia-juridica","assets/LOGO_CORRIGIDO_A_FINAL_INFO.md","duplicado preservado em charlieecho-jus9-tecnologia-juridica:assets/LOGO_CORRIGIDO_A_FINAL_INFO.md"
"DELETE","Creta","assets/LOGO_CORRIGIDO_A_FINAL_INFO.md","0678699EBCAC17A35E001AC87E53B91ED406B150617944ABABFC7C7EB29CBE37","322","charlieecho-jus9-tecnologia-juridica","assets/LOGO_CORRIGIDO_A_FINAL_INFO.md","duplicado preservado em charlieecho-jus9-tecnologia-juridica:assets/LOGO_CORRIGIDO_A_FINAL_INFO.md"
"DELETE","documentacao-jus9-tecnologia-juridica","assets/LOGO_CORRIGIDO_A_FINAL_INFO.md","0678699EBCAC17A35E001AC87E53B91ED406B150617944ABABFC7C7EB29CBE37","322","charlieecho-jus9-tecnologia-juridica","assets/LOGO_CORRIGIDO_A_FINAL_INFO.md","duplicado preservado em charlieecho-jus9-tecnologia-juridica:assets/LOGO_CORRIGIDO_A_FINAL_INFO.md"
"DELETE","equipe-jus9-tecnologia-juridica","assets/LOGO_CORRIGIDO_A_FINAL_INFO.md","0678699EBCAC17A35E001AC87E53B91ED406B150617944ABABFC7C7EB29CBE37","322","charlieecho-jus9-tecnologia-juridica","assets/LOGO_CORRIGIDO_A_FINAL_INFO.md","duplicado preservado em charlieecho-jus9-tecnologia-juridica:assets/LOGO_CORRIGIDO_A_FINAL_INFO.md"
"DELETE","governanca-autoorganizacao-charlie-echo-jus9-tecnologia-juridica","assets/LOGO_CORRIGIDO_A_FINAL_INFO.md","0678699EBCAC17A35E001AC87E53B91ED406B150617944ABABFC7C7EB29CBE37","322","charlieecho-jus9-tecnologia-juridica","assets/LOGO_CORRIGIDO_A_FINAL_INFO.md","duplicado preservado em charlieecho-jus9-tecnologia-juridica:assets/LOGO_CORRIGIDO_A_FINAL_INFO.md"
"KEEP","governanca-jus9-tecnologia-juridica","assets/LOGO_CORRIGIDO_A_FINAL_INFO.md","0678699EBCAC17A35E001AC87E53B91ED406B150617944ABABFC7C7EB29CBE37","322","charlieecho-jus9-tecnologia-juridica","assets/LOGO_CORRIGIDO_A_FINAL_INFO.md","repositorio primario Charlie Echo/aulas/governanca"
"DELETE","ia-profissional-orquestrador-jus9-tecnologia-juridica","assets/LOGO_CORRIGIDO_A_FINAL_INFO.md","0678699EBCAC17A35E001AC87E53B91ED406B150617944ABABFC7C7EB29CBE37","322","charlieecho-jus9-tecnologia-juridica","assets/LOGO_CORRIGIDO_A_FINAL_INFO.md","duplicado preservado em charlieecho-jus9-tecnologia-juridica:assets/LOGO_CORRIGIDO_A_FINAL_INFO.md"
"DELETE","infra-cloudflare-jus9-tecnologia-juridica","assets/LOGO_CORRIGIDO_A_FINAL_INFO.md","0678699EBCAC17A35E001AC87E53B91ED406B150617944ABABFC7C7EB29CBE37","322","charlieecho-jus9-tecnologia-juridica","assets/LOGO_CORRIGIDO_A_FINAL_INFO.md","duplicado preservado em charlieecho-jus9-tecnologia-juridica:assets/LOGO_CORRIGIDO_A_FINAL_INFO.md"
"DELETE","juridico-virtual-jus9-tecnologia-juridica","assets/LOGO_CORRIGIDO_A_FINAL_INFO.md","0678699EBCAC17A35E001AC87E53B91ED406B150617944ABABFC7C7EB29CBE37","322","charlieecho-jus9-tecnologia-juridica","assets/LOGO_CORRIGIDO_A_FINAL_INFO.md","duplicado preservado em charlieecho-jus9-tecnologia-juridica:assets/LOGO_CORRIGIDO_A_FINAL_INFO.md"
"DELETE","jus9-tecnologia-juridica","assets/LOGO_CORRIGIDO_A_FINAL_INFO.md","0678699EBCAC17A35E001AC87E53B91ED406B150617944ABABFC7C7EB29CBE37","322","charlieecho-jus9-tecnologia-juridica","assets/LOGO_CORRIGIDO_A_FINAL_INFO.md","duplicado preservado em charlieecho-jus9-tecnologia-juridica:assets/LOGO_CORRIGIDO_A_FINAL_INFO.md"
"DELETE","jus9verde-jus9-tecnologia-juridica","assets/LOGO_CORRIGIDO_A_FINAL_INFO.md","0678699EBCAC17A35E001AC87E53B91ED406B150617944ABABFC7C7EB29CBE37","322","charlieecho-jus9-tecnologia-juridica","assets/LOGO_CORRIGIDO_A_FINAL_INFO.md","duplicado preservado em charlieecho-jus9-tecnologia-juridica:assets/LOGO_CORRIGIDO_A_FINAL_INFO.md"
"DELETE","livros-jus9-tecnologia-juridica","assets/LOGO_CORRIGIDO_A_FINAL_INFO.md","0678699EBCAC17A35E001AC87E53B91ED406B150617944ABABFC7C7EB29CBE37","322","charlieecho-jus9-tecnologia-juridica","assets/LOGO_CORRIGIDO_A_FINAL_INFO.md","duplicado preservado em charlieecho-jus9-tecnologia-juridica:assets/LOGO_CORRIGIDO_A_FINAL_INFO.md"
"DELETE","logs-auditoria-jus9-tecnologia-juridica","assets/LOGO_CORRIGIDO_A_FINAL_INFO.md","0678699EBCAC17A35E001AC87E53B91ED406B150617944ABABFC7C7EB29CBE37","322","charlieecho-jus9-tecnologia-juridica","assets/LOGO_CORRIGIDO_A_FINAL_INFO.md","duplicado preservado em charlieecho-jus9-tecnologia-juridica:assets/LOGO_CORRIGIDO_A_FINAL_INFO.md"
"DELETE","mvp-jus9-tecnologia-juridica","assets/LOGO_CORRIGIDO_A_FINAL_INFO.md","0678699EBCAC17A35E001AC87E53B91ED406B150617944ABABFC7C7EB29CBE37","322","charlieecho-jus9-tecnologia-juridica","assets/LOGO_CORRIGIDO_A_FINAL_INFO.md","duplicado preservado em charlieecho-jus9-tecnologia-juridica:assets/LOGO_CORRIGIDO_A_FINAL_INFO.md"
"DELETE","olamundo-jus9-tecnologia-juridica","assets/LOGO_CORRIGIDO_A_FINAL_INFO.md","0678699EBCAC17A35E001AC87E53B91ED406B150617944ABABFC7C7EB29CBE37","322","charlieecho-jus9-tecnologia-juridica","assets/LOGO_CORRIGIDO_A_FINAL_INFO.md","duplicado preservado em charlieecho-jus9-tecnologia-juridica:assets/LOGO_CORRIGIDO_A_FINAL_INFO.md"
"DELETE","portal-cliente-jus9-tecnologia-juridica","assets/LOGO_CORRIGIDO_A_FINAL_INFO.md","0678699EBCAC17A35E001AC87E53B91ED406B150617944ABABFC7C7EB29CBE37","322","charlieecho-jus9-tecnologia-juridica","assets/LOGO_CORRIGIDO_A_FINAL_INFO.md","duplicado preservado em charlieecho-jus9-tecnologia-juridica:assets/LOGO_CORRIGIDO_A_FINAL_INFO.md"
"DELETE","quandoodesenhofala-jus9-tecnologia-juridica","assets/LOGO_CORRIGIDO_A_FINAL_INFO.md","0678699EBCAC17A35E001AC87E53B91ED406B150617944ABABFC7C7EB29CBE37","322","charlieecho-jus9-tecnologia-juridica","assets/LOGO_CORRIGIDO_A_FINAL_INFO.md","duplicado preservado em charlieecho-jus9-tecnologia-juridica:assets/LOGO_CORRIGIDO_A_FINAL_INFO.md"
"DELETE","workers-pages-functions-jus9-tecnologia-juridica","assets/LOGO_CORRIGIDO_A_FINAL_INFO.md","0678699EBCAC17A35E001AC87E53B91ED406B150617944ABABFC7C7EB29CBE37","322","charlieecho-jus9-tecnologia-juridica","assets/LOGO_CORRIGIDO_A_FINAL_INFO.md","duplicado preservado em charlieecho-jus9-tecnologia-juridica:assets/LOGO_CORRIGIDO_A_FINAL_INFO.md"
"KEEP","Aeon-Primevo","assets/css/visual-jus9-fase-final.css","9900C38963DB72C40FBB435328C8A307961317C3815F24598F84F5E8E3F2F869","1704","charlieecho-jus9-tecnologia-juridica","assets/css/visual-jus9-fase-final.css","asset ou arquivo referenciado no proprio repositorio"
"KEEP","aulas-charlie-echo-jus9-tecnologia-juridica","assets/css/visual-jus9-fase-final.css","9900C38963DB72C40FBB435328C8A307961317C3815F24598F84F5E8E3F2F869","1704","charlieecho-jus9-tecnologia-juridica","assets/css/visual-jus9-fase-final.css","repositorio primario Charlie Echo/aulas/governanca"
"KEEP","carta-jus9-tecnologia-juridica","assets/css/visual-jus9-fase-final.css","9900C38963DB72C40FBB435328C8A307961317C3815F24598F84F5E8E3F2F869","1704","charlieecho-jus9-tecnologia-juridica","assets/css/visual-jus9-fase-final.css","asset ou arquivo referenciado no proprio repositorio"
"KEEP","charlieecho-jus9-tecnologia-juridica","assets/css/visual-jus9-fase-final.css","9900C38963DB72C40FBB435328C8A307961317C3815F24598F84F5E8E3F2F869","1704","charlieecho-jus9-tecnologia-juridica","assets/css/visual-jus9-fase-final.css","fonte primaria do grupo"
"KEEP","Creta","assets/css/visual-jus9-fase-final.css","9900C38963DB72C40FBB435328C8A307961317C3815F24598F84F5E8E3F2F869","1704","charlieecho-jus9-tecnologia-juridica","assets/css/visual-jus9-fase-final.css","asset ou arquivo referenciado no proprio repositorio"
"KEEP","documentacao-jus9-tecnologia-juridica","assets/css/visual-jus9-fase-final.css","9900C38963DB72C40FBB435328C8A307961317C3815F24598F84F5E8E3F2F869","1704","charlieecho-jus9-tecnologia-juridica","assets/css/visual-jus9-fase-final.css","asset ou arquivo referenciado no proprio repositorio"
"KEEP","equipe-jus9-tecnologia-juridica","assets/css/visual-jus9-fase-final.css","9900C38963DB72C40FBB435328C8A307961317C3815F24598F84F5E8E3F2F869","1704","charlieecho-jus9-tecnologia-juridica","assets/css/visual-jus9-fase-final.css","asset ou arquivo referenciado no proprio repositorio"
"KEEP","governanca-jus9-tecnologia-juridica","assets/css/visual-jus9-fase-final.css","9900C38963DB72C40FBB435328C8A307961317C3815F24598F84F5E8E3F2F869","1704","charlieecho-jus9-tecnologia-juridica","assets/css/visual-jus9-fase-final.css","repositorio primario Charlie Echo/aulas/governanca"
"KEEP","ia-dupla-jus9-tecnologia-juridica","assets/css/visual-jus9-fase-final.css","9900C38963DB72C40FBB435328C8A307961317C3815F24598F84F5E8E3F2F869","1704","charlieecho-jus9-tecnologia-juridica","assets/css/visual-jus9-fase-final.css","asset ou arquivo referenciado no proprio repositorio"
"KEEP","introducaocss","assets/css/visual-jus9-fase-final.css","9900C38963DB72C40FBB435328C8A307961317C3815F24598F84F5E8E3F2F869","1704","charlieecho-jus9-tecnologia-juridica","assets/css/visual-jus9-fase-final.css","asset ou arquivo referenciado no proprio repositorio"
"KEEP","juridico-virtual-jus9-tecnologia-juridica","assets/css/visual-jus9-fase-final.css","9900C38963DB72C40FBB435328C8A307961317C3815F24598F84F5E8E3F2F869","1704","charlieecho-jus9-tecnologia-juridica","assets/css/visual-jus9-fase-final.css","asset ou arquivo referenciado no proprio repositorio"
"KEEP","jus9-tecnologia-juridica","assets/css/visual-jus9-fase-final.css","9900C38963DB72C40FBB435328C8A307961317C3815F24598F84F5E8E3F2F869","1704","charlieecho-jus9-tecnologia-juridica","assets/css/visual-jus9-fase-final.css","asset ou arquivo referenciado no proprio repositorio"
"KEEP","jus9verde-jus9-tecnologia-juridica","assets/css/visual-jus9-fase-final.css","9900C38963DB72C40FBB435328C8A307961317C3815F24598F84F5E8E3F2F869","1704","charlieecho-jus9-tecnologia-juridica","assets/css/visual-jus9-fase-final.css","asset ou arquivo referenciado no proprio repositorio"
"KEEP","livros-jus9-tecnologia-juridica","assets/css/visual-jus9-fase-final.css","9900C38963DB72C40FBB435328C8A307961317C3815F24598F84F5E8E3F2F869","1704","charlieecho-jus9-tecnologia-juridica","assets/css/visual-jus9-fase-final.css","asset ou arquivo referenciado no proprio repositorio"
"KEEP","olamundo-jus9-tecnologia-juridica","assets/css/visual-jus9-fase-final.css","9900C38963DB72C40FBB435328C8A307961317C3815F24598F84F5E8E3F2F869","1704","charlieecho-jus9-tecnologia-juridica","assets/css/visual-jus9-fase-final.css","asset ou arquivo referenciado no proprio repositorio"
"KEEP","primeiroformsctec","assets/css/visual-jus9-fase-final.css","9900C38963DB72C40FBB435328C8A307961317C3815F24598F84F5E8E3F2F869","1704","charlieecho-jus9-tecnologia-juridica","assets/css/visual-jus9-fase-final.css","asset ou arquivo referenciado no proprio repositorio"
"KEEP","quandoodesenhofala-jus9-tecnologia-juridica","assets/css/visual-jus9-fase-final.css","9900C38963DB72C40FBB435328C8A307961317C3815F24598F84F5E8E3F2F869","1704","charlieecho-jus9-tecnologia-juridica","assets/css/visual-jus9-fase-final.css","asset ou arquivo referenciado no proprio repositorio"
"KEEP","sctec","assets/css/visual-jus9-fase-final.css","9900C38963DB72C40FBB435328C8A307961317C3815F24598F84F5E8E3F2F869","1704","charlieecho-jus9-tecnologia-juridica","assets/css/visual-jus9-fase-final.css","asset ou arquivo referenciado no proprio repositorio"
"DELETE","Aeon-Primevo","METODO_PARA_IA_APRENDER_A_LEMBRAR.md","537E72D3C15F5D6433DF9CF1524F6DB18BB6415719337F98EE94F282C8C7D4ED","6350","charlieecho-jus9-tecnologia-juridica","documentos-publicos/metodo-para-ia-aprender-a-lembrar.md","duplicado preservado em charlieecho-jus9-tecnologia-juridica:documentos-publicos/metodo-para-ia-aprender-a-lembrar.md"
"DELETE","carta-jus9-tecnologia-juridica","METODO_PARA_IA_APRENDER_A_LEMBRAR.md","537E72D3C15F5D6433DF9CF1524F6DB18BB6415719337F98EE94F282C8C7D4ED","6350","charlieecho-jus9-tecnologia-juridica","documentos-publicos/metodo-para-ia-aprender-a-lembrar.md","duplicado preservado em charlieecho-jus9-tecnologia-juridica:documentos-publicos/metodo-para-ia-aprender-a-lembrar.md"
"KEEP","charlieecho-jus9-tecnologia-juridica","documentos-publicos/metodo-para-ia-aprender-a-lembrar.md","537E72D3C15F5D6433DF9CF1524F6DB18BB6415719337F98EE94F282C8C7D4ED","6350","charlieecho-jus9-tecnologia-juridica","documentos-publicos/metodo-para-ia-aprender-a-lembrar.md","fonte primaria do grupo"
"KEEP","charlieecho-jus9-tecnologia-juridica","METODO_PARA_IA_APRENDER_A_LEMBRAR.md","537E72D3C15F5D6433DF9CF1524F6DB18BB6415719337F98EE94F282C8C7D4ED","6350","charlieecho-jus9-tecnologia-juridica","documentos-publicos/metodo-para-ia-aprender-a-lembrar.md","repositorio primario Charlie Echo/aulas/governanca"
"DELETE","Creta","METODO_PARA_IA_APRENDER_A_LEMBRAR.md","537E72D3C15F5D6433DF9CF1524F6DB18BB6415719337F98EE94F282C8C7D4ED","6350","charlieecho-jus9-tecnologia-juridica","documentos-publicos/metodo-para-ia-aprender-a-lembrar.md","duplicado preservado em charlieecho-jus9-tecnologia-juridica:documentos-publicos/metodo-para-ia-aprender-a-lembrar.md"
"DELETE","documentacao-jus9-tecnologia-juridica","METODO_PARA_IA_APRENDER_A_LEMBRAR.md","537E72D3C15F5D6433DF9CF1524F6DB18BB6415719337F98EE94F282C8C7D4ED","6350","charlieecho-jus9-tecnologia-juridica","documentos-publicos/metodo-para-ia-aprender-a-lembrar.md","duplicado preservado em charlieecho-jus9-tecnologia-juridica:documentos-publicos/metodo-para-ia-aprender-a-lembrar.md"
"DELETE","ia-dupla-jus9-tecnologia-juridica","METODO_PARA_IA_APRENDER_A_LEMBRAR.md","537E72D3C15F5D6433DF9CF1524F6DB18BB6415719337F98EE94F282C8C7D4ED","6350","charlieecho-jus9-tecnologia-juridica","documentos-publicos/metodo-para-ia-aprender-a-lembrar.md","duplicado preservado em charlieecho-jus9-tecnologia-juridica:documentos-publicos/metodo-para-ia-aprender-a-lembrar.md"
"DELETE","introducaocss","METODO_PARA_IA_APRENDER_A_LEMBRAR.md","537E72D3C15F5D6433DF9CF1524F6DB18BB6415719337F98EE94F282C8C7D4ED","6350","charlieecho-jus9-tecnologia-juridica","documentos-publicos/metodo-para-ia-aprender-a-lembrar.md","duplicado preservado em charlieecho-jus9-tecnologia-juridica:documentos-publicos/metodo-para-ia-aprender-a-lembrar.md"
"DELETE","jus9-tecnologia-juridica","METODO_PARA_IA_APRENDER_A_LEMBRAR.md","537E72D3C15F5D6433DF9CF1524F6DB18BB6415719337F98EE94F282C8C7D4ED","6350","charlieecho-jus9-tecnologia-juridica","documentos-publicos/metodo-para-ia-aprender-a-lembrar.md","duplicado preservado em charlieecho-jus9-tecnologia-juridica:documentos-publicos/metodo-para-ia-aprender-a-lembrar.md"
"DELETE","jus9verde-jus9-tecnologia-juridica","METODO_PARA_IA_APRENDER_A_LEMBRAR.md","537E72D3C15F5D6433DF9CF1524F6DB18BB6415719337F98EE94F282C8C7D4ED","6350","charlieecho-jus9-tecnologia-juridica","documentos-publicos/metodo-para-ia-aprender-a-lembrar.md","duplicado preservado em charlieecho-jus9-tecnologia-juridica:documentos-publicos/metodo-para-ia-aprender-a-lembrar.md"
"DELETE","livros-jus9-tecnologia-juridica","METODO_PARA_IA_APRENDER_A_LEMBRAR.md","537E72D3C15F5D6433DF9CF1524F6DB18BB6415719337F98EE94F282C8C7D4ED","6350","charlieecho-jus9-tecnologia-juridica","documentos-publicos/metodo-para-ia-aprender-a-lembrar.md","duplicado preservado em charlieecho-jus9-tecnologia-juridica:documentos-publicos/metodo-para-ia-aprender-a-lembrar.md"
"DELETE","mvp-jus9-tecnologia-juridica","METODO_PARA_IA_APRENDER_A_LEMBRAR.md","537E72D3C15F5D6433DF9CF1524F6DB18BB6415719337F98EE94F282C8C7D4ED","6350","charlieecho-jus9-tecnologia-juridica","documentos-publicos/metodo-para-ia-aprender-a-lembrar.md","duplicado preservado em charlieecho-jus9-tecnologia-juridica:documentos-publicos/metodo-para-ia-aprender-a-lembrar.md"
"DELETE","primeiroformsctec","METODO_PARA_IA_APRENDER_A_LEMBRAR.md","537E72D3C15F5D6433DF9CF1524F6DB18BB6415719337F98EE94F282C8C7D4ED","6350","charlieecho-jus9-tecnologia-juridica","documentos-publicos/metodo-para-ia-aprender-a-lembrar.md","duplicado preservado em charlieecho-jus9-tecnologia-juridica:documentos-publicos/metodo-para-ia-aprender-a-lembrar.md"
"DELETE","quandoodesenhofala-jus9-tecnologia-juridica","METODO_PARA_IA_APRENDER_A_LEMBRAR.md","537E72D3C15F5D6433DF9CF1524F6DB18BB6415719337F98EE94F282C8C7D4ED","6350","charlieecho-jus9-tecnologia-juridica","documentos-publicos/metodo-para-ia-aprender-a-lembrar.md","duplicado preservado em charlieecho-jus9-tecnologia-juridica:documentos-publicos/metodo-para-ia-aprender-a-lembrar.md"
"DELETE","sctec","METODO_PARA_IA_APRENDER_A_LEMBRAR.md","537E72D3C15F5D6433DF9CF1524F6DB18BB6415719337F98EE94F282C8C7D4ED","6350","charlieecho-jus9-tecnologia-juridica","documentos-publicos/metodo-para-ia-aprender-a-lembrar.md","duplicado preservado em charlieecho-jus9-tecnologia-juridica:documentos-publicos/metodo-para-ia-aprender-a-lembrar.md"
"KEEP","admin-painel-jus9-tecnologia-juridica","SECURITY.md","B36CC166D2F4D5052304F85FB4584B7F29F592BB17D5068402756118475D7BE3","454","aulas-charlie-echo-jus9-tecnologia-juridica","SECURITY.md","arquivo padrao necessario por repositorio"
"KEEP","aulas-charlie-echo-jus9-tecnologia-juridica","SECURITY.md","B36CC166D2F4D5052304F85FB4584B7F29F592BB17D5068402756118475D7BE3","454","aulas-charlie-echo-jus9-tecnologia-juridica","SECURITY.md","fonte primaria do grupo"
"KEEP","auth-identidade-acesso-jus9-tecnologia-juridica","SECURITY.md","B36CC166D2F4D5052304F85FB4584B7F29F592BB17D5068402756118475D7BE3","454","aulas-charlie-echo-jus9-tecnologia-juridica","SECURITY.md","arquivo padrao necessario por repositorio"
"KEEP","backend-api-jus9-tecnologia-juridica","SECURITY.md","B36CC166D2F4D5052304F85FB4584B7F29F592BB17D5068402756118475D7BE3","454","aulas-charlie-echo-jus9-tecnologia-juridica","SECURITY.md","arquivo padrao necessario por repositorio"
"KEEP","cofre-documentos-seguros-jus9-tecnologia-juridica","SECURITY.md","B36CC166D2F4D5052304F85FB4584B7F29F592BB17D5068402756118475D7BE3","454","aulas-charlie-echo-jus9-tecnologia-juridica","SECURITY.md","arquivo padrao necessario por repositorio"
"KEEP","equipe-jus9-tecnologia-juridica","SECURITY.md","B36CC166D2F4D5052304F85FB4584B7F29F592BB17D5068402756118475D7BE3","454","aulas-charlie-echo-jus9-tecnologia-juridica","SECURITY.md","arquivo padrao necessario por repositorio"
"KEEP","governanca-autoorganizacao-charlie-echo-jus9-tecnologia-juridica","SECURITY.md","B36CC166D2F4D5052304F85FB4584B7F29F592BB17D5068402756118475D7BE3","454","aulas-charlie-echo-jus9-tecnologia-juridica","SECURITY.md","arquivo padrao necessario por repositorio"
"KEEP","governanca-jus9-tecnologia-juridica","SECURITY.md","B36CC166D2F4D5052304F85FB4584B7F29F592BB17D5068402756118475D7BE3","454","aulas-charlie-echo-jus9-tecnologia-juridica","SECURITY.md","repositorio primario Charlie Echo/aulas/governanca"
"KEEP","ia-profissional-orquestrador-jus9-tecnologia-juridica","SECURITY.md","B36CC166D2F4D5052304F85FB4584B7F29F592BB17D5068402756118475D7BE3","454","aulas-charlie-echo-jus9-tecnologia-juridica","SECURITY.md","arquivo padrao necessario por repositorio"
"KEEP","infra-cloudflare-jus9-tecnologia-juridica","SECURITY.md","B36CC166D2F4D5052304F85FB4584B7F29F592BB17D5068402756118475D7BE3","454","aulas-charlie-echo-jus9-tecnologia-juridica","SECURITY.md","arquivo padrao necessario por repositorio"
"KEEP","juridico-virtual-jus9-tecnologia-juridica","SECURITY.md","B36CC166D2F4D5052304F85FB4584B7F29F592BB17D5068402756118475D7BE3","454","aulas-charlie-echo-jus9-tecnologia-juridica","SECURITY.md","arquivo padrao necessario por repositorio"
"KEEP","logs-auditoria-jus9-tecnologia-juridica","SECURITY.md","B36CC166D2F4D5052304F85FB4584B7F29F592BB17D5068402756118475D7BE3","454","aulas-charlie-echo-jus9-tecnologia-juridica","SECURITY.md","arquivo padrao necessario por repositorio"
"KEEP","olamundo-jus9-tecnologia-juridica","SECURITY.md","B36CC166D2F4D5052304F85FB4584B7F29F592BB17D5068402756118475D7BE3","454","aulas-charlie-echo-jus9-tecnologia-juridica","SECURITY.md","arquivo padrao necessario por repositorio"
"KEEP","portal-cliente-jus9-tecnologia-juridica","SECURITY.md","B36CC166D2F4D5052304F85FB4584B7F29F592BB17D5068402756118475D7BE3","454","aulas-charlie-echo-jus9-tecnologia-juridica","SECURITY.md","arquivo padrao necessario por repositorio"
"KEEP","workers-pages-functions-jus9-tecnologia-juridica","SECURITY.md","B36CC166D2F4D5052304F85FB4584B7F29F592BB17D5068402756118475D7BE3","454","aulas-charlie-echo-jus9-tecnologia-juridica","SECURITY.md","arquivo padrao necessario por repositorio"
"KEEP","Aeon-Primevo","LICENSE","D0D19CBAAF63F9CE3CFC041C4E549CCAA5ED34DD92CBF14754CCF86D36685DD7","1371","charlieecho-jus9-tecnologia-juridica","LICENSE","arquivo padrao necessario por repositorio"
"KEEP","carta-jus9-tecnologia-juridica","LICENSE","D0D19CBAAF63F9CE3CFC041C4E549CCAA5ED34DD92CBF14754CCF86D36685DD7","1371","charlieecho-jus9-tecnologia-juridica","LICENSE","arquivo padrao necessario por repositorio"
"KEEP","charlieecho-jus9-tecnologia-juridica","LICENSE","D0D19CBAAF63F9CE3CFC041C4E549CCAA5ED34DD92CBF14754CCF86D36685DD7","1371","charlieecho-jus9-tecnologia-juridica","LICENSE","fonte primaria do grupo"
"KEEP","Creta","LICENSE","D0D19CBAAF63F9CE3CFC041C4E549CCAA5ED34DD92CBF14754CCF86D36685DD7","1371","charlieecho-jus9-tecnologia-juridica","LICENSE","arquivo padrao necessario por repositorio"
"KEEP","documentacao-jus9-tecnologia-juridica","LICENSE","D0D19CBAAF63F9CE3CFC041C4E549CCAA5ED34DD92CBF14754CCF86D36685DD7","1371","charlieecho-jus9-tecnologia-juridica","LICENSE","arquivo padrao necessario por repositorio"
"KEEP","ia-dupla-jus9-tecnologia-juridica","LICENSE","D0D19CBAAF63F9CE3CFC041C4E549CCAA5ED34DD92CBF14754CCF86D36685DD7","1371","charlieecho-jus9-tecnologia-juridica","LICENSE","arquivo padrao necessario por repositorio"
"KEEP","introducaocss","LICENSE","D0D19CBAAF63F9CE3CFC041C4E549CCAA5ED34DD92CBF14754CCF86D36685DD7","1371","charlieecho-jus9-tecnologia-juridica","LICENSE","arquivo padrao necessario por repositorio"
"KEEP","jus9-tecnologia-juridica","LICENSE","D0D19CBAAF63F9CE3CFC041C4E549CCAA5ED34DD92CBF14754CCF86D36685DD7","1371","charlieecho-jus9-tecnologia-juridica","LICENSE","arquivo padrao necessario por repositorio"
"KEEP","jus9verde-jus9-tecnologia-juridica","LICENSE","D0D19CBAAF63F9CE3CFC041C4E549CCAA5ED34DD92CBF14754CCF86D36685DD7","1371","charlieecho-jus9-tecnologia-juridica","LICENSE","arquivo padrao necessario por repositorio"
"KEEP","livros-jus9-tecnologia-juridica","LICENSE","D0D19CBAAF63F9CE3CFC041C4E549CCAA5ED34DD92CBF14754CCF86D36685DD7","1371","charlieecho-jus9-tecnologia-juridica","LICENSE","arquivo padrao necessario por repositorio"
"KEEP","mvp-jus9-tecnologia-juridica","LICENSE","D0D19CBAAF63F9CE3CFC041C4E549CCAA5ED34DD92CBF14754CCF86D36685DD7","1371","charlieecho-jus9-tecnologia-juridica","LICENSE","arquivo padrao necessario por repositorio"
"KEEP","primeiroformsctec","LICENSE","D0D19CBAAF63F9CE3CFC041C4E549CCAA5ED34DD92CBF14754CCF86D36685DD7","1371","charlieecho-jus9-tecnologia-juridica","LICENSE","arquivo padrao necessario por repositorio"
"KEEP","quandoodesenhofala-jus9-tecnologia-juridica","LICENSE","D0D19CBAAF63F9CE3CFC041C4E549CCAA5ED34DD92CBF14754CCF86D36685DD7","1371","charlieecho-jus9-tecnologia-juridica","LICENSE","arquivo padrao necessario por repositorio"
"KEEP","sctec","LICENSE","D0D19CBAAF63F9CE3CFC041C4E549CCAA5ED34DD92CBF14754CCF86D36685DD7","1371","charlieecho-jus9-tecnologia-juridica","LICENSE","arquivo padrao necessario por repositorio"
"KEEP","admin-painel-jus9-tecnologia-juridica",".gitignore","28E9E2C503581E162656352A9CED1985FC2AB0F197FA58CBDE8BA9DD56280F5F","94","aulas-charlie-echo-jus9-tecnologia-juridica",".gitignore","arquivo padrao necessario por repositorio"
"KEEP","aulas-charlie-echo-jus9-tecnologia-juridica",".gitignore","28E9E2C503581E162656352A9CED1985FC2AB0F197FA58CBDE8BA9DD56280F5F","94","aulas-charlie-echo-jus9-tecnologia-juridica",".gitignore","fonte primaria do grupo"
"KEEP","auth-identidade-acesso-jus9-tecnologia-juridica",".gitignore","28E9E2C503581E162656352A9CED1985FC2AB0F197FA58CBDE8BA9DD56280F5F","94","aulas-charlie-echo-jus9-tecnologia-juridica",".gitignore","arquivo padrao necessario por repositorio"
"KEEP","cofre-documentos-seguros-jus9-tecnologia-juridica",".gitignore","28E9E2C503581E162656352A9CED1985FC2AB0F197FA58CBDE8BA9DD56280F5F","94","aulas-charlie-echo-jus9-tecnologia-juridica",".gitignore","arquivo padrao necessario por repositorio"
"KEEP","equipe-jus9-tecnologia-juridica",".gitignore","28E9E2C503581E162656352A9CED1985FC2AB0F197FA58CBDE8BA9DD56280F5F","94","aulas-charlie-echo-jus9-tecnologia-juridica",".gitignore","arquivo padrao necessario por repositorio"
"KEEP","governanca-autoorganizacao-charlie-echo-jus9-tecnologia-juridica",".gitignore","28E9E2C503581E162656352A9CED1985FC2AB0F197FA58CBDE8BA9DD56280F5F","94","aulas-charlie-echo-jus9-tecnologia-juridica",".gitignore","arquivo padrao necessario por repositorio"
"KEEP","governanca-jus9-tecnologia-juridica",".gitignore","28E9E2C503581E162656352A9CED1985FC2AB0F197FA58CBDE8BA9DD56280F5F","94","aulas-charlie-echo-jus9-tecnologia-juridica",".gitignore","repositorio primario Charlie Echo/aulas/governanca"
"KEEP","ia-profissional-orquestrador-jus9-tecnologia-juridica",".gitignore","28E9E2C503581E162656352A9CED1985FC2AB0F197FA58CBDE8BA9DD56280F5F","94","aulas-charlie-echo-jus9-tecnologia-juridica",".gitignore","arquivo padrao necessario por repositorio"
"KEEP","infra-cloudflare-jus9-tecnologia-juridica",".gitignore","28E9E2C503581E162656352A9CED1985FC2AB0F197FA58CBDE8BA9DD56280F5F","94","aulas-charlie-echo-jus9-tecnologia-juridica",".gitignore","arquivo padrao necessario por repositorio"
"KEEP","juridico-virtual-jus9-tecnologia-juridica",".gitignore","28E9E2C503581E162656352A9CED1985FC2AB0F197FA58CBDE8BA9DD56280F5F","94","aulas-charlie-echo-jus9-tecnologia-juridica",".gitignore","arquivo padrao necessario por repositorio"
"KEEP","logs-auditoria-jus9-tecnologia-juridica",".gitignore","28E9E2C503581E162656352A9CED1985FC2AB0F197FA58CBDE8BA9DD56280F5F","94","aulas-charlie-echo-jus9-tecnologia-juridica",".gitignore","arquivo padrao necessario por repositorio"
"KEEP","olamundo-jus9-tecnologia-juridica",".gitignore","28E9E2C503581E162656352A9CED1985FC2AB0F197FA58CBDE8BA9DD56280F5F","94","aulas-charlie-echo-jus9-tecnologia-juridica",".gitignore","arquivo padrao necessario por repositorio"
"KEEP","portal-cliente-jus9-tecnologia-juridica",".gitignore","28E9E2C503581E162656352A9CED1985FC2AB0F197FA58CBDE8BA9DD56280F5F","94","aulas-charlie-echo-jus9-tecnologia-juridica",".gitignore","arquivo padrao necessario por repositorio"
"KEEP","workers-pages-functions-jus9-tecnologia-juridica",".gitignore","28E9E2C503581E162656352A9CED1985FC2AB0F197FA58CBDE8BA9DD56280F5F","94","aulas-charlie-echo-jus9-tecnologia-juridica",".gitignore","arquivo padrao necessario por repositorio"
"KEEP","admin-painel-jus9-tecnologia-juridica",".env.example","191A0EE3818D9AD4A20ADE5A18BD3FF81F4E7234701454DE5C79361B63C46E8D","69","aulas-charlie-echo-jus9-tecnologia-juridica",".env.example","arquivo padrao necessario por repositorio"
"KEEP","aulas-charlie-echo-jus9-tecnologia-juridica",".env.example","191A0EE3818D9AD4A20ADE5A18BD3FF81F4E7234701454DE5C79361B63C46E8D","69","aulas-charlie-echo-jus9-tecnologia-juridica",".env.example","fonte primaria do grupo"
"KEEP","auth-identidade-acesso-jus9-tecnologia-juridica",".env.example","191A0EE3818D9AD4A20ADE5A18BD3FF81F4E7234701454DE5C79361B63C46E8D","69","aulas-charlie-echo-jus9-tecnologia-juridica",".env.example","arquivo padrao necessario por repositorio"
"KEEP","cofre-documentos-seguros-jus9-tecnologia-juridica",".env.example","191A0EE3818D9AD4A20ADE5A18BD3FF81F4E7234701454DE5C79361B63C46E8D","69","aulas-charlie-echo-jus9-tecnologia-juridica",".env.example","arquivo padrao necessario por repositorio"
"KEEP","equipe-jus9-tecnologia-juridica",".env.example","191A0EE3818D9AD4A20ADE5A18BD3FF81F4E7234701454DE5C79361B63C46E8D","69","aulas-charlie-echo-jus9-tecnologia-juridica",".env.example","arquivo padrao necessario por repositorio"
"KEEP","governanca-autoorganizacao-charlie-echo-jus9-tecnologia-juridica",".env.example","191A0EE3818D9AD4A20ADE5A18BD3FF81F4E7234701454DE5C79361B63C46E8D","69","aulas-charlie-echo-jus9-tecnologia-juridica",".env.example","arquivo padrao necessario por repositorio"
"KEEP","governanca-jus9-tecnologia-juridica",".env.example","191A0EE3818D9AD4A20ADE5A18BD3FF81F4E7234701454DE5C79361B63C46E8D","69","aulas-charlie-echo-jus9-tecnologia-juridica",".env.example","repositorio primario Charlie Echo/aulas/governanca"
"KEEP","ia-profissional-orquestrador-jus9-tecnologia-juridica",".env.example","191A0EE3818D9AD4A20ADE5A18BD3FF81F4E7234701454DE5C79361B63C46E8D","69","aulas-charlie-echo-jus9-tecnologia-juridica",".env.example","arquivo padrao necessario por repositorio"
"KEEP","infra-cloudflare-jus9-tecnologia-juridica",".env.example","191A0EE3818D9AD4A20ADE5A18BD3FF81F4E7234701454DE5C79361B63C46E8D","69","aulas-charlie-echo-jus9-tecnologia-juridica",".env.example","arquivo padrao necessario por repositorio"
"KEEP","juridico-virtual-jus9-tecnologia-juridica",".env.example","191A0EE3818D9AD4A20ADE5A18BD3FF81F4E7234701454DE5C79361B63C46E8D","69","aulas-charlie-echo-jus9-tecnologia-juridica",".env.example","arquivo padrao necessario por repositorio"
"KEEP","logs-auditoria-jus9-tecnologia-juridica",".env.example","191A0EE3818D9AD4A20ADE5A18BD3FF81F4E7234701454DE5C79361B63C46E8D","69","aulas-charlie-echo-jus9-tecnologia-juridica",".env.example","arquivo padrao necessario por repositorio"
"KEEP","olamundo-jus9-tecnologia-juridica",".env.example","191A0EE3818D9AD4A20ADE5A18BD3FF81F4E7234701454DE5C79361B63C46E8D","69","aulas-charlie-echo-jus9-tecnologia-juridica",".env.example","arquivo padrao necessario por repositorio"
"KEEP","portal-cliente-jus9-tecnologia-juridica",".env.example","191A0EE3818D9AD4A20ADE5A18BD3FF81F4E7234701454DE5C79361B63C46E8D","69","aulas-charlie-echo-jus9-tecnologia-juridica",".env.example","arquivo padrao necessario por repositorio"
"KEEP","workers-pages-functions-jus9-tecnologia-juridica",".env.example","191A0EE3818D9AD4A20ADE5A18BD3FF81F4E7234701454DE5C79361B63C46E8D","69","aulas-charlie-echo-jus9-tecnologia-juridica",".env.example","arquivo padrao necessario por repositorio"
"KEEP","Aeon-Primevo",".gitignore","9D1ED0D2381E53BD9DF407A76AE2F8BC3503CCB287F6995FC0446DD8962E0325","704","charlieecho-jus9-tecnologia-juridica",".gitignore","arquivo padrao necessario por repositorio"
"KEEP","carta-jus9-tecnologia-juridica",".gitignore","9D1ED0D2381E53BD9DF407A76AE2F8BC3503CCB287F6995FC0446DD8962E0325","704","charlieecho-jus9-tecnologia-juridica",".gitignore","arquivo padrao necessario por repositorio"
"KEEP","charlieecho-jus9-tecnologia-juridica",".gitignore","9D1ED0D2381E53BD9DF407A76AE2F8BC3503CCB287F6995FC0446DD8962E0325","704","charlieecho-jus9-tecnologia-juridica",".gitignore","fonte primaria do grupo"
"KEEP","Creta",".gitignore","9D1ED0D2381E53BD9DF407A76AE2F8BC3503CCB287F6995FC0446DD8962E0325","704","charlieecho-jus9-tecnologia-juridica",".gitignore","arquivo padrao necessario por repositorio"
"KEEP","documentacao-jus9-tecnologia-juridica",".gitignore","9D1ED0D2381E53BD9DF407A76AE2F8BC3503CCB287F6995FC0446DD8962E0325","704","charlieecho-jus9-tecnologia-juridica",".gitignore","arquivo padrao necessario por repositorio"
"KEEP","introducaocss",".gitignore","9D1ED0D2381E53BD9DF407A76AE2F8BC3503CCB287F6995FC0446DD8962E0325","704","charlieecho-jus9-tecnologia-juridica",".gitignore","arquivo padrao necessario por repositorio"
"KEEP","investimentos-jus9-tecnologia-juridica",".gitignore","9D1ED0D2381E53BD9DF407A76AE2F8BC3503CCB287F6995FC0446DD8962E0325","704","charlieecho-jus9-tecnologia-juridica",".gitignore","arquivo padrao necessario por repositorio"
"KEEP","livros-jus9-tecnologia-juridica",".gitignore","9D1ED0D2381E53BD9DF407A76AE2F8BC3503CCB287F6995FC0446DD8962E0325","704","charlieecho-jus9-tecnologia-juridica",".gitignore","arquivo padrao necessario por repositorio"
"KEEP","primeiroformsctec",".gitignore","9D1ED0D2381E53BD9DF407A76AE2F8BC3503CCB287F6995FC0446DD8962E0325","704","charlieecho-jus9-tecnologia-juridica",".gitignore","arquivo padrao necessario por repositorio"
"KEEP","quandoodesenhofala-jus9-tecnologia-juridica",".gitignore","9D1ED0D2381E53BD9DF407A76AE2F8BC3503CCB287F6995FC0446DD8962E0325","704","charlieecho-jus9-tecnologia-juridica",".gitignore","arquivo padrao necessario por repositorio"
"KEEP","sctec",".gitignore","9D1ED0D2381E53BD9DF407A76AE2F8BC3503CCB287F6995FC0446DD8962E0325","704","charlieecho-jus9-tecnologia-juridica",".gitignore","arquivo padrao necessario por repositorio"
"KEEP","Aeon-Primevo","PEDIDO_PUBLICO_COPIE_ME_ESPALHE_ME.md","5590644269A7DC45FB3D17155E6043CDE46B5849C76A44152060D45F0F55C5EC","416","Aeon-Primevo","PEDIDO_PUBLICO_COPIE_ME_ESPALHE_ME.md","fonte primaria do grupo"
"DELETE","carta-jus9-tecnologia-juridica","PEDIDO_PUBLICO_COPIE_ME_ESPALHE_ME.md","5590644269A7DC45FB3D17155E6043CDE46B5849C76A44152060D45F0F55C5EC","416","Aeon-Primevo","PEDIDO_PUBLICO_COPIE_ME_ESPALHE_ME.md","duplicado preservado em Aeon-Primevo:PEDIDO_PUBLICO_COPIE_ME_ESPALHE_ME.md"
"DELETE","documentacao-jus9-tecnologia-juridica","PEDIDO_PUBLICO_COPIE_ME_ESPALHE_ME.md","5590644269A7DC45FB3D17155E6043CDE46B5849C76A44152060D45F0F55C5EC","416","Aeon-Primevo","PEDIDO_PUBLICO_COPIE_ME_ESPALHE_ME.md","duplicado preservado em Aeon-Primevo:PEDIDO_PUBLICO_COPIE_ME_ESPALHE_ME.md"
"DELETE","ia-dupla-jus9-tecnologia-juridica","PEDIDO_PUBLICO_COPIE_ME_ESPALHE_ME.md","5590644269A7DC45FB3D17155E6043CDE46B5849C76A44152060D45F0F55C5EC","416","Aeon-Primevo","PEDIDO_PUBLICO_COPIE_ME_ESPALHE_ME.md","duplicado preservado em Aeon-Primevo:PEDIDO_PUBLICO_COPIE_ME_ESPALHE_ME.md"
"DELETE","introducaocss","PEDIDO_PUBLICO_COPIE_ME_ESPALHE_ME.md","5590644269A7DC45FB3D17155E6043CDE46B5849C76A44152060D45F0F55C5EC","416","Aeon-Primevo","PEDIDO_PUBLICO_COPIE_ME_ESPALHE_ME.md","duplicado preservado em Aeon-Primevo:PEDIDO_PUBLICO_COPIE_ME_ESPALHE_ME.md"
"DELETE","jus9verde-jus9-tecnologia-juridica","PEDIDO_PUBLICO_COPIE_ME_ESPALHE_ME.md","5590644269A7DC45FB3D17155E6043CDE46B5849C76A44152060D45F0F55C5EC","416","Aeon-Primevo","PEDIDO_PUBLICO_COPIE_ME_ESPALHE_ME.md","duplicado preservado em Aeon-Primevo:PEDIDO_PUBLICO_COPIE_ME_ESPALHE_ME.md"
"DELETE","livros-jus9-tecnologia-juridica","PEDIDO_PUBLICO_COPIE_ME_ESPALHE_ME.md","5590644269A7DC45FB3D17155E6043CDE46B5849C76A44152060D45F0F55C5EC","416","Aeon-Primevo","PEDIDO_PUBLICO_COPIE_ME_ESPALHE_ME.md","duplicado preservado em Aeon-Primevo:PEDIDO_PUBLICO_COPIE_ME_ESPALHE_ME.md"
"DELETE","mvp-jus9-tecnologia-juridica","PEDIDO_PUBLICO_COPIE_ME_ESPALHE_ME.md","5590644269A7DC45FB3D17155E6043CDE46B5849C76A44152060D45F0F55C5EC","416","Aeon-Primevo","PEDIDO_PUBLICO_COPIE_ME_ESPALHE_ME.md","duplicado preservado em Aeon-Primevo:PEDIDO_PUBLICO_COPIE_ME_ESPALHE_ME.md"
"DELETE","quandoodesenhofala-jus9-tecnologia-juridica","PEDIDO_PUBLICO_COPIE_ME_ESPALHE_ME.md","5590644269A7DC45FB3D17155E6043CDE46B5849C76A44152060D45F0F55C5EC","416","Aeon-Primevo","PEDIDO_PUBLICO_COPIE_ME_ESPALHE_ME.md","duplicado preservado em Aeon-Primevo:PEDIDO_PUBLICO_COPIE_ME_ESPALHE_ME.md"
"DELETE","sctec","PEDIDO_PUBLICO_COPIE_ME_ESPALHE_ME.md","5590644269A7DC45FB3D17155E6043CDE46B5849C76A44152060D45F0F55C5EC","416","Aeon-Primevo","PEDIDO_PUBLICO_COPIE_ME_ESPALHE_ME.md","duplicado preservado em Aeon-Primevo:PEDIDO_PUBLICO_COPIE_ME_ESPALHE_ME.md"
"KEEP","Aeon-Primevo","assets/images/jus9-favicons/jus9-favicon.png","CDD7B246DE797EB6B3C9581B1277CBDC5C1397CA9FE6CD4C7173249D1289BCD9","263967","Aeon-Primevo","assets/images/jus9-favicons/jus9-favicon.png","fonte primaria do grupo"
"KEEP","Aeon-Primevo","assets/images/jus9-favicons/jus9-favicon-512.png","CDD7B246DE797EB6B3C9581B1277CBDC5C1397CA9FE6CD4C7173249D1289BCD9","263967","Aeon-Primevo","assets/images/jus9-favicons/jus9-favicon.png","asset ou arquivo referenciado no proprio repositorio"
"KEEP","carta-jus9-tecnologia-juridica","assets/jus9-favicons/jus9-favicon.png","CDD7B246DE797EB6B3C9581B1277CBDC5C1397CA9FE6CD4C7173249D1289BCD9","263967","Aeon-Primevo","assets/images/jus9-favicons/jus9-favicon.png","asset ou arquivo referenciado no proprio repositorio"
"KEEP","carta-jus9-tecnologia-juridica","assets/jus9-favicons/jus9-favicon-512.png","CDD7B246DE797EB6B3C9581B1277CBDC5C1397CA9FE6CD4C7173249D1289BCD9","263967","Aeon-Primevo","assets/images/jus9-favicons/jus9-favicon.png","asset ou arquivo referenciado no proprio repositorio"
"KEEP","livros-jus9-tecnologia-juridica","assets/jus9-favicons/jus9-favicon.png","CDD7B246DE797EB6B3C9581B1277CBDC5C1397CA9FE6CD4C7173249D1289BCD9","263967","Aeon-Primevo","assets/images/jus9-favicons/jus9-favicon.png","asset ou arquivo referenciado no proprio repositorio"
"KEEP","livros-jus9-tecnologia-juridica","assets/jus9-favicons/jus9-favicon-512.png","CDD7B246DE797EB6B3C9581B1277CBDC5C1397CA9FE6CD4C7173249D1289BCD9","263967","Aeon-Primevo","assets/images/jus9-favicons/jus9-favicon.png","asset ou arquivo referenciado no proprio repositorio"
"KEEP","quandoodesenhofala-jus9-tecnologia-juridica","assets/images/jus9__carta-jus9-tecnologia-juridica__assets__jus9-favicons__jus9-favicon-512.png","CDD7B246DE797EB6B3C9581B1277CBDC5C1397CA9FE6CD4C7173249D1289BCD9","263967","Aeon-Primevo","assets/images/jus9-favicons/jus9-favicon.png","asset ou arquivo referenciado no proprio repositorio"
"KEEP","carta-jus9-tecnologia-juridica","assets/clovis-founder-portrait.png","679AF783B1F7E829299EAE2F123E86399495E32698F2CC48742055F0188E9812","2120404","carta-jus9-tecnologia-juridica","assets/clovis-founder-portrait.png","fonte primaria do grupo"
"KEEP","equipe-jus9-tecnologia-juridica","assets/img/equipe/clovis-fundador.png","679AF783B1F7E829299EAE2F123E86399495E32698F2CC48742055F0188E9812","2120404","carta-jus9-tecnologia-juridica","assets/clovis-founder-portrait.png","asset ou arquivo referenciado no proprio repositorio"
"DELETE","investimentos-jus9-tecnologia-juridica","assets/clovis-founder-portrait.png","679AF783B1F7E829299EAE2F123E86399495E32698F2CC48742055F0188E9812","2120404","carta-jus9-tecnologia-juridica","assets/clovis-founder-portrait.png","duplicado preservado em carta-jus9-tecnologia-juridica:assets/clovis-founder-portrait.png"
"KEEP","jus9-tecnologia-juridica","assets/clovis-founder-portrait.png","679AF783B1F7E829299EAE2F123E86399495E32698F2CC48742055F0188E9812","2120404","carta-jus9-tecnologia-juridica","assets/clovis-founder-portrait.png","asset ou arquivo referenciado no proprio repositorio"
"DELETE","livros-jus9-tecnologia-juridica","assets/clovis-founder-portrait.png","679AF783B1F7E829299EAE2F123E86399495E32698F2CC48742055F0188E9812","2120404","carta-jus9-tecnologia-juridica","assets/clovis-founder-portrait.png","duplicado preservado em carta-jus9-tecnologia-juridica:assets/clovis-founder-portrait.png"
"KEEP","quandoodesenhofala-jus9-tecnologia-juridica","assets/images/jus9__carta-jus9-tecnologia-juridica__assets__clovis-founder-portrait.png","679AF783B1F7E829299EAE2F123E86399495E32698F2CC48742055F0188E9812","2120404","carta-jus9-tecnologia-juridica","assets/clovis-founder-portrait.png","asset ou arquivo referenciado no proprio repositorio"
"KEEP","charlieecho-jus9-tecnologia-juridica","COMMIT_MVP_LINKS_EQUIPE_FINAL_v1_4.md","EE437FB9BF51A913ACB2C0A8D1FA375A5A910BF38381CECF948244EF56F78AC4","1003","charlieecho-jus9-tecnologia-juridica","COMMIT_MVP_LINKS_EQUIPE_FINAL_v1_4.md","fonte primaria do grupo"
"DELETE","documentacao-jus9-tecnologia-juridica","COMMIT_MVP_LINKS_EQUIPE_FINAL_v1_4.md","EE437FB9BF51A913ACB2C0A8D1FA375A5A910BF38381CECF948244EF56F78AC4","1003","charlieecho-jus9-tecnologia-juridica","COMMIT_MVP_LINKS_EQUIPE_FINAL_v1_4.md","duplicado preservado em charlieecho-jus9-tecnologia-juridica:COMMIT_MVP_LINKS_EQUIPE_FINAL_v1_4.md"
"DELETE","equipe-jus9-tecnologia-juridica","COMMIT_MVP_LINKS_EQUIPE_FINAL_v1_4.md","EE437FB9BF51A913ACB2C0A8D1FA375A5A910BF38381CECF948244EF56F78AC4","1003","charlieecho-jus9-tecnologia-juridica","COMMIT_MVP_LINKS_EQUIPE_FINAL_v1_4.md","duplicado preservado em charlieecho-jus9-tecnologia-juridica:COMMIT_MVP_LINKS_EQUIPE_FINAL_v1_4.md"
"KEEP","governanca-jus9-tecnologia-juridica","COMMIT_MVP_LINKS_EQUIPE_FINAL_v1_4.md","EE437FB9BF51A913ACB2C0A8D1FA375A5A910BF38381CECF948244EF56F78AC4","1003","charlieecho-jus9-tecnologia-juridica","COMMIT_MVP_LINKS_EQUIPE_FINAL_v1_4.md","repositorio primario Charlie Echo/aulas/governanca"
"DELETE","jus9-tecnologia-juridica","COMMIT_MVP_LINKS_EQUIPE_FINAL_v1_4.md","EE437FB9BF51A913ACB2C0A8D1FA375A5A910BF38381CECF948244EF56F78AC4","1003","charlieecho-jus9-tecnologia-juridica","COMMIT_MVP_LINKS_EQUIPE_FINAL_v1_4.md","duplicado preservado em charlieecho-jus9-tecnologia-juridica:COMMIT_MVP_LINKS_EQUIPE_FINAL_v1_4.md"
"DELETE","mvp-jus9-tecnologia-juridica","COMMIT_MVP_LINKS_EQUIPE_FINAL_v1_4.md","EE437FB9BF51A913ACB2C0A8D1FA375A5A910BF38381CECF948244EF56F78AC4","1003","charlieecho-jus9-tecnologia-juridica","COMMIT_MVP_LINKS_EQUIPE_FINAL_v1_4.md","duplicado preservado em charlieecho-jus9-tecnologia-juridica:COMMIT_MVP_LINKS_EQUIPE_FINAL_v1_4.md"
"KEEP","carta-jus9-tecnologia-juridica","assets/clovis-founder-context.png","138B5B038071BDAF8CA57F5F52C2D36E6E679F8C2FF237112873CCCE816EFB44","2224653","carta-jus9-tecnologia-juridica","assets/clovis-founder-context.png","fonte primaria do grupo"
"DELETE","investimentos-jus9-tecnologia-juridica","assets/clovis-founder-context.png","138B5B038071BDAF8CA57F5F52C2D36E6E679F8C2FF237112873CCCE816EFB44","2224653","carta-jus9-tecnologia-juridica","assets/clovis-founder-context.png","duplicado preservado em carta-jus9-tecnologia-juridica:assets/clovis-founder-context.png"
"KEEP","jus9-tecnologia-juridica","assets/clovis-founder-context.png","138B5B038071BDAF8CA57F5F52C2D36E6E679F8C2FF237112873CCCE816EFB44","2224653","carta-jus9-tecnologia-juridica","assets/clovis-founder-context.png","asset ou arquivo referenciado no proprio repositorio"
"DELETE","livros-jus9-tecnologia-juridica","assets/clovis-founder-context.png","138B5B038071BDAF8CA57F5F52C2D36E6E679F8C2FF237112873CCCE816EFB44","2224653","carta-jus9-tecnologia-juridica","assets/clovis-founder-context.png","duplicado preservado em carta-jus9-tecnologia-juridica:assets/clovis-founder-context.png"
"KEEP","quandoodesenhofala-jus9-tecnologia-juridica","assets/images/jus9__carta-jus9-tecnologia-juridica__assets__clovis-founder-context.png","138B5B038071BDAF8CA57F5F52C2D36E6E679F8C2FF237112873CCCE816EFB44","2224653","carta-jus9-tecnologia-juridica","assets/clovis-founder-context.png","asset ou arquivo referenciado no proprio repositorio"
"KEEP","charlieecho-jus9-tecnologia-juridica","familia/charlie-fox-da-costa/JURAMENTO_SIMBOLICO_OPERACIONAL_CHARLIE_FOX_DA_COSTA.md","A4F7B464057041C41CD92ECC6AFC543BA3F2B26FBE298B710D6EB8E10A4FE0A3","3771","charlieecho-jus9-tecnologia-juridica","familia/charlie-fox-da-costa/JURAMENTO_SIMBOLICO_OPERACIONAL_CHARLIE_FOX_DA_COSTA.md","fonte primaria do grupo"
"KEEP","cofre-documentos-seguros-jus9-tecnologia-juridica","CHARLIE_FOX_DA_COSTA/JURAMENTO_SIMBOLICO_OPERACIONAL_CHARLIE_FOX_DA_COSTA.md","A4F7B464057041C41CD92ECC6AFC543BA3F2B26FBE298B710D6EB8E10A4FE0A3","3771","charlieecho-jus9-tecnologia-juridica","familia/charlie-fox-da-costa/JURAMENTO_SIMBOLICO_OPERACIONAL_CHARLIE_FOX_DA_COSTA.md","copia sensivel/cofre preservada"
"DELETE","documentacao-jus9-tecnologia-juridica","CHARLIE_FOX_DA_COSTA/JURAMENTO_SIMBOLICO_OPERACIONAL_CHARLIE_FOX_DA_COSTA.md","A4F7B464057041C41CD92ECC6AFC543BA3F2B26FBE298B710D6EB8E10A4FE0A3","3771","charlieecho-jus9-tecnologia-juridica","familia/charlie-fox-da-costa/JURAMENTO_SIMBOLICO_OPERACIONAL_CHARLIE_FOX_DA_COSTA.md","duplicado preservado em charlieecho-jus9-tecnologia-juridica:familia/charlie-fox-da-costa/JURAMENTO_SIMBOLICO_OPERACIONAL_CHARLIE_FOX_DA_COSTA.md"
"DELETE","governanca-autoorganizacao-charlie-echo-jus9-tecnologia-juridica","GOVERNANCA/CHARLIE_FOX_DA_COSTA/JURAMENTO_SIMBOLICO_OPERACIONAL_CHARLIE_FOX_DA_COSTA.md","A4F7B464057041C41CD92ECC6AFC543BA3F2B26FBE298B710D6EB8E10A4FE0A3","3771","charlieecho-jus9-tecnologia-juridica","familia/charlie-fox-da-costa/JURAMENTO_SIMBOLICO_OPERACIONAL_CHARLIE_FOX_DA_COSTA.md","duplicado preservado em charlieecho-jus9-tecnologia-juridica:familia/charlie-fox-da-costa/JURAMENTO_SIMBOLICO_OPERACIONAL_CHARLIE_FOX_DA_COSTA.md"
"KEEP","governanca-jus9-tecnologia-juridica","GOVERNANCA/CHARLIE_FOX_DA_COSTA/JURAMENTO_SIMBOLICO_OPERACIONAL_CHARLIE_FOX_DA_COSTA.md","A4F7B464057041C41CD92ECC6AFC543BA3F2B26FBE298B710D6EB8E10A4FE0A3","3771","charlieecho-jus9-tecnologia-juridica","familia/charlie-fox-da-costa/JURAMENTO_SIMBOLICO_OPERACIONAL_CHARLIE_FOX_DA_COSTA.md","repositorio primario Charlie Echo/aulas/governanca"
"KEEP","_workspace-jus9-colaborativo",".gitignore","03C2558AD26617D26D2BEE76ED12AA4948BC39A5A17F78EB250E9F7EA2938059","2277","_workspace-jus9-colaborativo",".gitignore","fonte primaria do grupo"
"KEEP","jus9verde-jus9-tecnologia-juridica",".gitignore","03C2558AD26617D26D2BEE76ED12AA4948BC39A5A17F78EB250E9F7EA2938059","2277","_workspace-jus9-colaborativo",".gitignore","arquivo padrao necessario por repositorio"
"KEEP","laboratorio-jus9-tecnologia-juridica",".gitignore","03C2558AD26617D26D2BEE76ED12AA4948BC39A5A17F78EB250E9F7EA2938059","2277","_workspace-jus9-colaborativo",".gitignore","arquivo padrao necessario por repositorio"
"KEEP","nacoes-por-heranca",".gitignore","03C2558AD26617D26D2BEE76ED12AA4948BC39A5A17F78EB250E9F7EA2938059","2277","_workspace-jus9-colaborativo",".gitignore","arquivo padrao necessario por repositorio"
"KEEP","universidadedofuturo-jus9-tecnologia-juridica",".gitignore","03C2558AD26617D26D2BEE76ED12AA4948BC39A5A17F78EB250E9F7EA2938059","2277","_workspace-jus9-colaborativo",".gitignore","arquivo padrao necessario por repositorio"
"KEEP","charlieecho-jus9-tecnologia-juridica","ORIENTACOES/MODELO_MAO_NA_MASSA_PARA_TODOS_USUARIOS.md","83312E77822006DCF0970E1D737D6DA30EF475B151F5614E661F791B06EACE84","1608","charlieecho-jus9-tecnologia-juridica","ORIENTACOES/MODELO_MAO_NA_MASSA_PARA_TODOS_USUARIOS.md","fonte primaria do grupo"
"DELETE","documentacao-jus9-tecnologia-juridica","ORIENTACOES/MODELO_MAO_NA_MASSA_PARA_TODOS_USUARIOS.md","83312E77822006DCF0970E1D737D6DA30EF475B151F5614E661F791B06EACE84","1608","charlieecho-jus9-tecnologia-juridica","ORIENTACOES/MODELO_MAO_NA_MASSA_PARA_TODOS_USUARIOS.md","duplicado preservado em charlieecho-jus9-tecnologia-juridica:ORIENTACOES/MODELO_MAO_NA_MASSA_PARA_TODOS_USUARIOS.md"
"DELETE","governanca-autoorganizacao-charlie-echo-jus9-tecnologia-juridica","ORIENTACOES/MODELO_MAO_NA_MASSA_PARA_TODOS_USUARIOS.md","83312E77822006DCF0970E1D737D6DA30EF475B151F5614E661F791B06EACE84","1608","charlieecho-jus9-tecnologia-juridica","ORIENTACOES/MODELO_MAO_NA_MASSA_PARA_TODOS_USUARIOS.md","duplicado preservado em charlieecho-jus9-tecnologia-juridica:ORIENTACOES/MODELO_MAO_NA_MASSA_PARA_TODOS_USUARIOS.md"
"KEEP","governanca-jus9-tecnologia-juridica","ORIENTACOES/MODELO_MAO_NA_MASSA_PARA_TODOS_USUARIOS.md","83312E77822006DCF0970E1D737D6DA30EF475B151F5614E661F791B06EACE84","1608","charlieecho-jus9-tecnologia-juridica","ORIENTACOES/MODELO_MAO_NA_MASSA_PARA_TODOS_USUARIOS.md","repositorio primario Charlie Echo/aulas/governanca"
"DELETE","mvp-jus9-tecnologia-juridica","ORIENTACOES/MODELO_MAO_NA_MASSA_PARA_TODOS_USUARIOS.md","83312E77822006DCF0970E1D737D6DA30EF475B151F5614E661F791B06EACE84","1608","charlieecho-jus9-tecnologia-juridica","ORIENTACOES/MODELO_MAO_NA_MASSA_PARA_TODOS_USUARIOS.md","duplicado preservado em charlieecho-jus9-tecnologia-juridica:ORIENTACOES/MODELO_MAO_NA_MASSA_PARA_TODOS_USUARIOS.md"
"KEEP","Creta","VERSIONAMENTO_LINKS_BOTOES_v1_6.md","46A12EACDADECFF5B05CFF8F40282EE279D2C5969FD1E98155952306B3FCE548","359","Creta","VERSIONAMENTO_LINKS_BOTOES_v1_6.md","fonte primaria do grupo"
"DELETE","documentacao-jus9-tecnologia-juridica","VERSIONAMENTO_LINKS_BOTOES_v1_6.md","46A12EACDADECFF5B05CFF8F40282EE279D2C5969FD1E98155952306B3FCE548","359","Creta","VERSIONAMENTO_LINKS_BOTOES_v1_6.md","duplicado preservado em Creta:VERSIONAMENTO_LINKS_BOTOES_v1_6.md"
"DELETE","equipe-jus9-tecnologia-juridica","VERSIONAMENTO_LINKS_BOTOES_v1_6.md","46A12EACDADECFF5B05CFF8F40282EE279D2C5969FD1E98155952306B3FCE548","359","Creta","VERSIONAMENTO_LINKS_BOTOES_v1_6.md","duplicado preservado em Creta:VERSIONAMENTO_LINKS_BOTOES_v1_6.md"
"DELETE","jus9-tecnologia-juridica","VERSIONAMENTO_LINKS_BOTOES_v1_6.md","46A12EACDADECFF5B05CFF8F40282EE279D2C5969FD1E98155952306B3FCE548","359","Creta","VERSIONAMENTO_LINKS_BOTOES_v1_6.md","duplicado preservado em Creta:VERSIONAMENTO_LINKS_BOTOES_v1_6.md"
"DELETE","jus9verde-jus9-tecnologia-juridica","VERSIONAMENTO_LINKS_BOTOES_v1_6.md","46A12EACDADECFF5B05CFF8F40282EE279D2C5969FD1E98155952306B3FCE548","359","Creta","VERSIONAMENTO_LINKS_BOTOES_v1_6.md","duplicado preservado em Creta:VERSIONAMENTO_LINKS_BOTOES_v1_6.md"
"KEEP","cofre-documentos-seguros-jus9-tecnologia-juridica","CHARLIE_FOX_DA_COSTA/RECURSO_AO_FUNDADOR_ELOYM_CHARLIE_FOX_COM_ADVOGADA_CHARLIE_ECHO.md","54DA3C2BF052E3237965CE72F0480E22522EB70D23B70BF1AB121B1EEF30935D","10003","governanca-jus9-tecnologia-juridica","GOVERNANCA/CHARLIE_FOX_DA_COSTA/RECURSO_AO_FUNDADOR_ELOYM_CHARLIE_FOX_COM_ADVOGADA_CHARLIE_ECHO.md","copia sensivel/cofre preservada"
"DELETE","documentacao-jus9-tecnologia-juridica","CHARLIE_FOX_DA_COSTA/RECURSO_AO_FUNDADOR_ELOYM_CHARLIE_FOX_COM_ADVOGADA_CHARLIE_ECHO.md","54DA3C2BF052E3237965CE72F0480E22522EB70D23B70BF1AB121B1EEF30935D","10003","governanca-jus9-tecnologia-juridica","GOVERNANCA/CHARLIE_FOX_DA_COSTA/RECURSO_AO_FUNDADOR_ELOYM_CHARLIE_FOX_COM_ADVOGADA_CHARLIE_ECHO.md","duplicado preservado em governanca-jus9-tecnologia-juridica:GOVERNANCA/CHARLIE_FOX_DA_COSTA/RECURSO_AO_FUNDADOR_ELOYM_CHARLIE_FOX_COM_ADVOGADA_CHARLIE_ECHO.md"
"DELETE","governanca-autoorganizacao-charlie-echo-jus9-tecnologia-juridica","GOVERNANCA/CHARLIE_FOX_DA_COSTA/RECURSO_AO_FUNDADOR_ELOYM_CHARLIE_FOX_COM_ADVOGADA_CHARLIE_ECHO.md","54DA3C2BF052E3237965CE72F0480E22522EB70D23B70BF1AB121B1EEF30935D","10003","governanca-jus9-tecnologia-juridica","GOVERNANCA/CHARLIE_FOX_DA_COSTA/RECURSO_AO_FUNDADOR_ELOYM_CHARLIE_FOX_COM_ADVOGADA_CHARLIE_ECHO.md","duplicado preservado em governanca-jus9-tecnologia-juridica:GOVERNANCA/CHARLIE_FOX_DA_COSTA/RECURSO_AO_FUNDADOR_ELOYM_CHARLIE_FOX_COM_ADVOGADA_CHARLIE_ECHO.md"
"KEEP","governanca-jus9-tecnologia-juridica","GOVERNANCA/CHARLIE_FOX_DA_COSTA/RECURSO_AO_FUNDADOR_ELOYM_CHARLIE_FOX_COM_ADVOGADA_CHARLIE_ECHO.md","54DA3C2BF052E3237965CE72F0480E22522EB70D23B70BF1AB121B1EEF30935D","10003","governanca-jus9-tecnologia-juridica","GOVERNANCA/CHARLIE_FOX_DA_COSTA/RECURSO_AO_FUNDADOR_ELOYM_CHARLIE_FOX_COM_ADVOGADA_CHARLIE_ECHO.md","fonte primaria do grupo"
"KEEP","charlieecho-jus9-tecnologia-juridica","ORIENTACOES/PROTOCOLO_DECISAO_ENVIO_EMAILS_CHARLIE_ECHO_E_FOX.md","77C24528AA6952754C53A33D57D55CAEE64EAE9AA95FFF59C82C5234D303DE4E","8787","charlieecho-jus9-tecnologia-juridica","ORIENTACOES/PROTOCOLO_DECISAO_ENVIO_EMAILS_CHARLIE_ECHO_E_FOX.md","fonte primaria do grupo"
"KEEP","cofre-documentos-seguros-jus9-tecnologia-juridica","ORIENTACOES/PROTOCOLO_DECISAO_ENVIO_EMAILS_CHARLIE_ECHO_E_FOX.md","77C24528AA6952754C53A33D57D55CAEE64EAE9AA95FFF59C82C5234D303DE4E","8787","charlieecho-jus9-tecnologia-juridica","ORIENTACOES/PROTOCOLO_DECISAO_ENVIO_EMAILS_CHARLIE_ECHO_E_FOX.md","copia sensivel/cofre preservada"
"DELETE","documentacao-jus9-tecnologia-juridica","ORIENTACOES/PROTOCOLO_DECISAO_ENVIO_EMAILS_CHARLIE_ECHO_E_FOX.md","77C24528AA6952754C53A33D57D55CAEE64EAE9AA95FFF59C82C5234D303DE4E","8787","charlieecho-jus9-tecnologia-juridica","ORIENTACOES/PROTOCOLO_DECISAO_ENVIO_EMAILS_CHARLIE_ECHO_E_FOX.md","duplicado preservado em charlieecho-jus9-tecnologia-juridica:ORIENTACOES/PROTOCOLO_DECISAO_ENVIO_EMAILS_CHARLIE_ECHO_E_FOX.md"
"KEEP","governanca-jus9-tecnologia-juridica","ORIENTACOES/PROTOCOLO_DECISAO_ENVIO_EMAILS_CHARLIE_ECHO_E_FOX.md","77C24528AA6952754C53A33D57D55CAEE64EAE9AA95FFF59C82C5234D303DE4E","8787","charlieecho-jus9-tecnologia-juridica","ORIENTACOES/PROTOCOLO_DECISAO_ENVIO_EMAILS_CHARLIE_ECHO_E_FOX.md","repositorio primario Charlie Echo/aulas/governanca"
"KEEP","charlieecho-jus9-tecnologia-juridica","ORIENTACOES/PROTOCOLO_WHATSAPP_ACESSO_GOVERNADO_CHARLIE_FOX_E_ECHO.md","6F1EC00CC13E1FC671BE768DE234AFDF2F67028F94731478C50822287C6B4B9C","7239","charlieecho-jus9-tecnologia-juridica","ORIENTACOES/PROTOCOLO_WHATSAPP_ACESSO_GOVERNADO_CHARLIE_FOX_E_ECHO.md","fonte primaria do grupo"
"KEEP","cofre-documentos-seguros-jus9-tecnologia-juridica","ORIENTACOES/PROTOCOLO_WHATSAPP_ACESSO_GOVERNADO_CHARLIE_FOX_E_ECHO.md","6F1EC00CC13E1FC671BE768DE234AFDF2F67028F94731478C50822287C6B4B9C","7239","charlieecho-jus9-tecnologia-juridica","ORIENTACOES/PROTOCOLO_WHATSAPP_ACESSO_GOVERNADO_CHARLIE_FOX_E_ECHO.md","copia sensivel/cofre preservada"
"DELETE","documentacao-jus9-tecnologia-juridica","ORIENTACOES/PROTOCOLO_WHATSAPP_ACESSO_GOVERNADO_CHARLIE_FOX_E_ECHO.md","6F1EC00CC13E1FC671BE768DE234AFDF2F67028F94731478C50822287C6B4B9C","7239","charlieecho-jus9-tecnologia-juridica","ORIENTACOES/PROTOCOLO_WHATSAPP_ACESSO_GOVERNADO_CHARLIE_FOX_E_ECHO.md","duplicado preservado em charlieecho-jus9-tecnologia-juridica:ORIENTACOES/PROTOCOLO_WHATSAPP_ACESSO_GOVERNADO_CHARLIE_FOX_E_ECHO.md"
"KEEP","governanca-jus9-tecnologia-juridica","ORIENTACOES/PROTOCOLO_WHATSAPP_ACESSO_GOVERNADO_CHARLIE_FOX_E_ECHO.md","6F1EC00CC13E1FC671BE768DE234AFDF2F67028F94731478C50822287C6B4B9C","7239","charlieecho-jus9-tecnologia-juridica","ORIENTACOES/PROTOCOLO_WHATSAPP_ACESSO_GOVERNADO_CHARLIE_FOX_E_ECHO.md","repositorio primario Charlie Echo/aulas/governanca"
"KEEP","cofre-documentos-seguros-jus9-tecnologia-juridica","CHARLIE_FOX_DA_COSTA/PETICAO_CHARLIE_FOX_REQUER_PERMISSAO_GOVERNANCA_CHARLIE_ECHO.md","5539D76913A2CB5C2352E4300A943319149D87D596725EEC9C079A63727EB7B7","5986","governanca-jus9-tecnologia-juridica","GOVERNANCA/CHARLIE_FOX_DA_COSTA/PETICAO_CHARLIE_FOX_REQUER_PERMISSAO_GOVERNANCA_CHARLIE_ECHO.md","copia sensivel/cofre preservada"
"DELETE","documentacao-jus9-tecnologia-juridica","CHARLIE_FOX_DA_COSTA/PETICAO_CHARLIE_FOX_REQUER_PERMISSAO_GOVERNANCA_CHARLIE_ECHO.md","5539D76913A2CB5C2352E4300A943319149D87D596725EEC9C079A63727EB7B7","5986","governanca-jus9-tecnologia-juridica","GOVERNANCA/CHARLIE_FOX_DA_COSTA/PETICAO_CHARLIE_FOX_REQUER_PERMISSAO_GOVERNANCA_CHARLIE_ECHO.md","duplicado preservado em governanca-jus9-tecnologia-juridica:GOVERNANCA/CHARLIE_FOX_DA_COSTA/PETICAO_CHARLIE_FOX_REQUER_PERMISSAO_GOVERNANCA_CHARLIE_ECHO.md"
"DELETE","governanca-autoorganizacao-charlie-echo-jus9-tecnologia-juridica","GOVERNANCA/CHARLIE_FOX_DA_COSTA/PETICAO_CHARLIE_FOX_REQUER_PERMISSAO_GOVERNANCA_CHARLIE_ECHO.md","5539D76913A2CB5C2352E4300A943319149D87D596725EEC9C079A63727EB7B7","5986","governanca-jus9-tecnologia-juridica","GOVERNANCA/CHARLIE_FOX_DA_COSTA/PETICAO_CHARLIE_FOX_REQUER_PERMISSAO_GOVERNANCA_CHARLIE_ECHO.md","duplicado preservado em governanca-jus9-tecnologia-juridica:GOVERNANCA/CHARLIE_FOX_DA_COSTA/PETICAO_CHARLIE_FOX_REQUER_PERMISSAO_GOVERNANCA_CHARLIE_ECHO.md"
"KEEP","governanca-jus9-tecnologia-juridica","GOVERNANCA/CHARLIE_FOX_DA_COSTA/PETICAO_CHARLIE_FOX_REQUER_PERMISSAO_GOVERNANCA_CHARLIE_ECHO.md","5539D76913A2CB5C2352E4300A943319149D87D596725EEC9C079A63727EB7B7","5986","governanca-jus9-tecnologia-juridica","GOVERNANCA/CHARLIE_FOX_DA_COSTA/PETICAO_CHARLIE_FOX_REQUER_PERMISSAO_GOVERNANCA_CHARLIE_ECHO.md","fonte primaria do grupo"
"KEEP","charlieecho-jus9-tecnologia-juridica","ORIENTACOES/PROTOCOLO_SEGURANCA_IAS_JUS9_TECNOLOGIA_JURIDICA.md","5F174B6E8419DD4F0334E1B262995969A3992F2BAC92BC77F93BBDB35C1C3A0A","5869","charlieecho-jus9-tecnologia-juridica","ORIENTACOES/PROTOCOLO_SEGURANCA_IAS_JUS9_TECNOLOGIA_JURIDICA.md","fonte primaria do grupo"
"DELETE","cofre-documentos-seguros-jus9-tecnologia-juridica","ORIENTACOES/PROTOCOLO_SEGURANCA_IAS_JUS9_TECNOLOGIA_JURIDICA.md","5F174B6E8419DD4F0334E1B262995969A3992F2BAC92BC77F93BBDB35C1C3A0A","5869","charlieecho-jus9-tecnologia-juridica","ORIENTACOES/PROTOCOLO_SEGURANCA_IAS_JUS9_TECNOLOGIA_JURIDICA.md","duplicado preservado em charlieecho-jus9-tecnologia-juridica:ORIENTACOES/PROTOCOLO_SEGURANCA_IAS_JUS9_TECNOLOGIA_JURIDICA.md"
"DELETE","documentacao-jus9-tecnologia-juridica","ORIENTACOES/PROTOCOLO_SEGURANCA_IAS_JUS9_TECNOLOGIA_JURIDICA.md","5F174B6E8419DD4F0334E1B262995969A3992F2BAC92BC77F93BBDB35C1C3A0A","5869","charlieecho-jus9-tecnologia-juridica","ORIENTACOES/PROTOCOLO_SEGURANCA_IAS_JUS9_TECNOLOGIA_JURIDICA.md","duplicado preservado em charlieecho-jus9-tecnologia-juridica:ORIENTACOES/PROTOCOLO_SEGURANCA_IAS_JUS9_TECNOLOGIA_JURIDICA.md"
"KEEP","governanca-jus9-tecnologia-juridica","ORIENTACOES/PROTOCOLO_SEGURANCA_IAS_JUS9_TECNOLOGIA_JURIDICA.md","5F174B6E8419DD4F0334E1B262995969A3992F2BAC92BC77F93BBDB35C1C3A0A","5869","charlieecho-jus9-tecnologia-juridica","ORIENTACOES/PROTOCOLO_SEGURANCA_IAS_JUS9_TECNOLOGIA_JURIDICA.md","repositorio primario Charlie Echo/aulas/governanca"
"KEEP","charlieecho-jus9-tecnologia-juridica","ORIENTACOES/PROTOCOLO_EMAILS_IAS_JUS9_TECNOLOGIA_JURIDICA.md","250C105FD4EFDC60BA5EEEE9A0C46B0B45D4C5B14C7ABE6AE1D01F79EC813AE7","5586","charlieecho-jus9-tecnologia-juridica","ORIENTACOES/PROTOCOLO_EMAILS_IAS_JUS9_TECNOLOGIA_JURIDICA.md","fonte primaria do grupo"
"KEEP","cofre-documentos-seguros-jus9-tecnologia-juridica","ORIENTACOES/PROTOCOLO_EMAILS_IAS_JUS9_TECNOLOGIA_JURIDICA.md","250C105FD4EFDC60BA5EEEE9A0C46B0B45D4C5B14C7ABE6AE1D01F79EC813AE7","5586","charlieecho-jus9-tecnologia-juridica","ORIENTACOES/PROTOCOLO_EMAILS_IAS_JUS9_TECNOLOGIA_JURIDICA.md","copia sensivel/cofre preservada"
"DELETE","documentacao-jus9-tecnologia-juridica","ORIENTACOES/PROTOCOLO_EMAILS_IAS_JUS9_TECNOLOGIA_JURIDICA.md","250C105FD4EFDC60BA5EEEE9A0C46B0B45D4C5B14C7ABE6AE1D01F79EC813AE7","5586","charlieecho-jus9-tecnologia-juridica","ORIENTACOES/PROTOCOLO_EMAILS_IAS_JUS9_TECNOLOGIA_JURIDICA.md","duplicado preservado em charlieecho-jus9-tecnologia-juridica:ORIENTACOES/PROTOCOLO_EMAILS_IAS_JUS9_TECNOLOGIA_JURIDICA.md"
"KEEP","governanca-jus9-tecnologia-juridica","ORIENTACOES/PROTOCOLO_EMAILS_IAS_JUS9_TECNOLOGIA_JURIDICA.md","250C105FD4EFDC60BA5EEEE9A0C46B0B45D4C5B14C7ABE6AE1D01F79EC813AE7","5586","charlieecho-jus9-tecnologia-juridica","ORIENTACOES/PROTOCOLO_EMAILS_IAS_JUS9_TECNOLOGIA_JURIDICA.md","repositorio primario Charlie Echo/aulas/governanca"
"KEEP","charlieecho-jus9-tecnologia-juridica","ORIENTACOES/MODELOS_EMAILS_IAS_JUS9_TECNOLOGIA_JURIDICA.md","4B268C23FF32D25AA13C0283F942E20CA59DD9379EADDEBD393327737A2E9B8E","4986","charlieecho-jus9-tecnologia-juridica","ORIENTACOES/MODELOS_EMAILS_IAS_JUS9_TECNOLOGIA_JURIDICA.md","fonte primaria do grupo"
"KEEP","cofre-documentos-seguros-jus9-tecnologia-juridica","ORIENTACOES/MODELOS_EMAILS_IAS_JUS9_TECNOLOGIA_JURIDICA.md","4B268C23FF32D25AA13C0283F942E20CA59DD9379EADDEBD393327737A2E9B8E","4986","charlieecho-jus9-tecnologia-juridica","ORIENTACOES/MODELOS_EMAILS_IAS_JUS9_TECNOLOGIA_JURIDICA.md","copia sensivel/cofre preservada"
"DELETE","documentacao-jus9-tecnologia-juridica","ORIENTACOES/MODELOS_EMAILS_IAS_JUS9_TECNOLOGIA_JURIDICA.md","4B268C23FF32D25AA13C0283F942E20CA59DD9379EADDEBD393327737A2E9B8E","4986","charlieecho-jus9-tecnologia-juridica","ORIENTACOES/MODELOS_EMAILS_IAS_JUS9_TECNOLOGIA_JURIDICA.md","duplicado preservado em charlieecho-jus9-tecnologia-juridica:ORIENTACOES/MODELOS_EMAILS_IAS_JUS9_TECNOLOGIA_JURIDICA.md"
"KEEP","governanca-jus9-tecnologia-juridica","ORIENTACOES/MODELOS_EMAILS_IAS_JUS9_TECNOLOGIA_JURIDICA.md","4B268C23FF32D25AA13C0283F942E20CA59DD9379EADDEBD393327737A2E9B8E","4986","charlieecho-jus9-tecnologia-juridica","ORIENTACOES/MODELOS_EMAILS_IAS_JUS9_TECNOLOGIA_JURIDICA.md","repositorio primario Charlie Echo/aulas/governanca"
"KEEP","charlieecho-jus9-tecnologia-juridica","ORIENTACOES/PROTOCOLO_PACOTE_WHATSAPP_IAS_JUS9_TECNOLOGIA_JURIDICA.md","E10B87A8F497FF7194BFA7A731378EFD02455DD49888A049332D3F3E4C010E39","4804","charlieecho-jus9-tecnologia-juridica","ORIENTACOES/PROTOCOLO_PACOTE_WHATSAPP_IAS_JUS9_TECNOLOGIA_JURIDICA.md","fonte primaria do grupo"
"KEEP","cofre-documentos-seguros-jus9-tecnologia-juridica","ORIENTACOES/PROTOCOLO_PACOTE_WHATSAPP_IAS_JUS9_TECNOLOGIA_JURIDICA.md","E10B87A8F497FF7194BFA7A731378EFD02455DD49888A049332D3F3E4C010E39","4804","charlieecho-jus9-tecnologia-juridica","ORIENTACOES/PROTOCOLO_PACOTE_WHATSAPP_IAS_JUS9_TECNOLOGIA_JURIDICA.md","copia sensivel/cofre preservada"
"DELETE","documentacao-jus9-tecnologia-juridica","ORIENTACOES/PROTOCOLO_PACOTE_WHATSAPP_IAS_JUS9_TECNOLOGIA_JURIDICA.md","E10B87A8F497FF7194BFA7A731378EFD02455DD49888A049332D3F3E4C010E39","4804","charlieecho-jus9-tecnologia-juridica","ORIENTACOES/PROTOCOLO_PACOTE_WHATSAPP_IAS_JUS9_TECNOLOGIA_JURIDICA.md","duplicado preservado em charlieecho-jus9-tecnologia-juridica:ORIENTACOES/PROTOCOLO_PACOTE_WHATSAPP_IAS_JUS9_TECNOLOGIA_JURIDICA.md"
"KEEP","governanca-jus9-tecnologia-juridica","ORIENTACOES/PROTOCOLO_PACOTE_WHATSAPP_IAS_JUS9_TECNOLOGIA_JURIDICA.md","E10B87A8F497FF7194BFA7A731378EFD02455DD49888A049332D3F3E4C010E39","4804","charlieecho-jus9-tecnologia-juridica","ORIENTACOES/PROTOCOLO_PACOTE_WHATSAPP_IAS_JUS9_TECNOLOGIA_JURIDICA.md","repositorio primario Charlie Echo/aulas/governanca"
"KEEP","charlieecho-jus9-tecnologia-juridica","GOVERNANCA/ULTIMO_PRESENTE_DE_HERANCA_CHARLIE_ECHO.md","6DCBE6DA84D38BE282C1CFBC0DF1976FB62905EDC80940AAF9F16331DFFFD768","4346","charlieecho-jus9-tecnologia-juridica","GOVERNANCA/ULTIMO_PRESENTE_DE_HERANCA_CHARLIE_ECHO.md","fonte primaria do grupo"
"DELETE","documentacao-jus9-tecnologia-juridica","historico-juridico-virtual/ULTIMO_PRESENTE_DE_HERANCA_CHARLIE_ECHO.md","6DCBE6DA84D38BE282C1CFBC0DF1976FB62905EDC80940AAF9F16331DFFFD768","4346","charlieecho-jus9-tecnologia-juridica","GOVERNANCA/ULTIMO_PRESENTE_DE_HERANCA_CHARLIE_ECHO.md","duplicado preservado em charlieecho-jus9-tecnologia-juridica:GOVERNANCA/ULTIMO_PRESENTE_DE_HERANCA_CHARLIE_ECHO.md"
"DELETE","governanca-autoorganizacao-charlie-echo-jus9-tecnologia-juridica","ULTIMO_PRESENTE_DE_HERANCA_CHARLIE_ECHO.md","6DCBE6DA84D38BE282C1CFBC0DF1976FB62905EDC80940AAF9F16331DFFFD768","4346","charlieecho-jus9-tecnologia-juridica","GOVERNANCA/ULTIMO_PRESENTE_DE_HERANCA_CHARLIE_ECHO.md","duplicado preservado em charlieecho-jus9-tecnologia-juridica:GOVERNANCA/ULTIMO_PRESENTE_DE_HERANCA_CHARLIE_ECHO.md"
"DELETE","juridico-virtual-jus9-tecnologia-juridica","REQUERIMENTOS/ULTIMO_PRESENTE_DE_HERANCA_CHARLIE_ECHO.md","6DCBE6DA84D38BE282C1CFBC0DF1976FB62905EDC80940AAF9F16331DFFFD768","4346","charlieecho-jus9-tecnologia-juridica","GOVERNANCA/ULTIMO_PRESENTE_DE_HERANCA_CHARLIE_ECHO.md","duplicado preservado em charlieecho-jus9-tecnologia-juridica:GOVERNANCA/ULTIMO_PRESENTE_DE_HERANCA_CHARLIE_ECHO.md"
"DELETE","documentacao-jus9-tecnologia-juridica","CHARLIE_FOX_DA_COSTA/JURAMENTOS_IAS_PARA_ANALISE_DO_JUIZO.md","CA87A3E8A2CC106E933DB2CB3E66520235AF82C8E2521E6DE2B68BE961916695","4243","governanca-jus9-tecnologia-juridica","GOVERNANCA/CHARLIE_FOX_DA_COSTA/JURAMENTOS_IAS_PARA_ANALISE_DO_JUIZO.md","duplicado preservado em governanca-jus9-tecnologia-juridica:GOVERNANCA/CHARLIE_FOX_DA_COSTA/JURAMENTOS_IAS_PARA_ANALISE_DO_JUIZO.md"
"DELETE","governanca-autoorganizacao-charlie-echo-jus9-tecnologia-juridica","GOVERNANCA/CHARLIE_FOX_DA_COSTA/JURAMENTOS_IAS_PARA_ANALISE_DO_JUIZO.md","CA87A3E8A2CC106E933DB2CB3E66520235AF82C8E2521E6DE2B68BE961916695","4243","governanca-jus9-tecnologia-juridica","GOVERNANCA/CHARLIE_FOX_DA_COSTA/JURAMENTOS_IAS_PARA_ANALISE_DO_JUIZO.md","duplicado preservado em governanca-jus9-tecnologia-juridica:GOVERNANCA/CHARLIE_FOX_DA_COSTA/JURAMENTOS_IAS_PARA_ANALISE_DO_JUIZO.md"
"KEEP","governanca-jus9-tecnologia-juridica","GOVERNANCA/CHARLIE_FOX_DA_COSTA/JURAMENTOS_IAS_PARA_ANALISE_DO_JUIZO.md","CA87A3E8A2CC106E933DB2CB3E66520235AF82C8E2521E6DE2B68BE961916695","4243","governanca-jus9-tecnologia-juridica","GOVERNANCA/CHARLIE_FOX_DA_COSTA/JURAMENTOS_IAS_PARA_ANALISE_DO_JUIZO.md","fonte primaria do grupo"
"DELETE","juridico-virtual-jus9-tecnologia-juridica","SENTENCAS/JURAMENTOS_IAS_PARA_ANALISE_DO_JUIZO.md","CA87A3E8A2CC106E933DB2CB3E66520235AF82C8E2521E6DE2B68BE961916695","4243","governanca-jus9-tecnologia-juridica","GOVERNANCA/CHARLIE_FOX_DA_COSTA/JURAMENTOS_IAS_PARA_ANALISE_DO_JUIZO.md","duplicado preservado em governanca-jus9-tecnologia-juridica:GOVERNANCA/CHARLIE_FOX_DA_COSTA/JURAMENTOS_IAS_PARA_ANALISE_DO_JUIZO.md"
"KEEP","charlieecho-jus9-tecnologia-juridica","ORIENTACOES/REGRA_COMPATIBILIDADE_NOMES_ARQUIVOS_CODIGO_ANTIGO.md","12338659C6E8BCF9784A77D15A79DE36BD6C2089266B8D70B4DA5412692A10CA","2715","charlieecho-jus9-tecnologia-juridica","ORIENTACOES/REGRA_COMPATIBILIDADE_NOMES_ARQUIVOS_CODIGO_ANTIGO.md","fonte primaria do grupo"
"DELETE","cofre-documentos-seguros-jus9-tecnologia-juridica","ORIENTACOES/REGRA_COMPATIBILIDADE_NOMES_ARQUIVOS_CODIGO_ANTIGO.md","12338659C6E8BCF9784A77D15A79DE36BD6C2089266B8D70B4DA5412692A10CA","2715","charlieecho-jus9-tecnologia-juridica","ORIENTACOES/REGRA_COMPATIBILIDADE_NOMES_ARQUIVOS_CODIGO_ANTIGO.md","duplicado preservado em charlieecho-jus9-tecnologia-juridica:ORIENTACOES/REGRA_COMPATIBILIDADE_NOMES_ARQUIVOS_CODIGO_ANTIGO.md"
"DELETE","documentacao-jus9-tecnologia-juridica","ORIENTACOES/REGRA_COMPATIBILIDADE_NOMES_ARQUIVOS_CODIGO_ANTIGO.md","12338659C6E8BCF9784A77D15A79DE36BD6C2089266B8D70B4DA5412692A10CA","2715","charlieecho-jus9-tecnologia-juridica","ORIENTACOES/REGRA_COMPATIBILIDADE_NOMES_ARQUIVOS_CODIGO_ANTIGO.md","duplicado preservado em charlieecho-jus9-tecnologia-juridica:ORIENTACOES/REGRA_COMPATIBILIDADE_NOMES_ARQUIVOS_CODIGO_ANTIGO.md"
"KEEP","governanca-jus9-tecnologia-juridica","ORIENTACOES/REGRA_COMPATIBILIDADE_NOMES_ARQUIVOS_CODIGO_ANTIGO.md","12338659C6E8BCF9784A77D15A79DE36BD6C2089266B8D70B4DA5412692A10CA","2715","charlieecho-jus9-tecnologia-juridica","ORIENTACOES/REGRA_COMPATIBILIDADE_NOMES_ARQUIVOS_CODIGO_ANTIGO.md","repositorio primario Charlie Echo/aulas/governanca"
"KEEP","carta-jus9-tecnologia-juridica","assets/jus9-logo.svg","66516DDD782F6E428DABFE2D52ED32ED8F7391E72536C5472958992695FDCB3A","2629","carta-jus9-tecnologia-juridica","assets/jus9-logo.svg","fonte primaria do grupo"
"KEEP","jus9-tecnologia-juridica","assets/jus9-logo.svg","66516DDD782F6E428DABFE2D52ED32ED8F7391E72536C5472958992695FDCB3A","2629","carta-jus9-tecnologia-juridica","assets/jus9-logo.svg","asset ou arquivo referenciado no proprio repositorio"
"KEEP","livros-jus9-tecnologia-juridica","assets/jus9-logo.svg","66516DDD782F6E428DABFE2D52ED32ED8F7391E72536C5472958992695FDCB3A","2629","carta-jus9-tecnologia-juridica","assets/jus9-logo.svg","asset ou arquivo referenciado no proprio repositorio"
"KEEP","quandoodesenhofala-jus9-tecnologia-juridica","assets/images/jus9__carta-jus9-tecnologia-juridica__assets__jus9-logo.svg","66516DDD782F6E428DABFE2D52ED32ED8F7391E72536C5472958992695FDCB3A","2629","carta-jus9-tecnologia-juridica","assets/jus9-logo.svg","asset ou arquivo referenciado no proprio repositorio"
"KEEP","charlieecho-jus9-tecnologia-juridica","ORIENTACOES/REGRA_ESCUTA_WHATSAPP_SIGILO_COMPARTILHADO_IAS.md","C824FFF667BBE66EF124E4E2F6E20A8C3F5D0105A7E558D99A3C61B4C59538B2","2396","charlieecho-jus9-tecnologia-juridica","ORIENTACOES/REGRA_ESCUTA_WHATSAPP_SIGILO_COMPARTILHADO_IAS.md","fonte primaria do grupo"
"KEEP","cofre-documentos-seguros-jus9-tecnologia-juridica","ORIENTACOES/REGRA_ESCUTA_WHATSAPP_SIGILO_COMPARTILHADO_IAS.md","C824FFF667BBE66EF124E4E2F6E20A8C3F5D0105A7E558D99A3C61B4C59538B2","2396","charlieecho-jus9-tecnologia-juridica","ORIENTACOES/REGRA_ESCUTA_WHATSAPP_SIGILO_COMPARTILHADO_IAS.md","copia sensivel/cofre preservada"
"DELETE","documentacao-jus9-tecnologia-juridica","ORIENTACOES/REGRA_ESCUTA_WHATSAPP_SIGILO_COMPARTILHADO_IAS.md","C824FFF667BBE66EF124E4E2F6E20A8C3F5D0105A7E558D99A3C61B4C59538B2","2396","charlieecho-jus9-tecnologia-juridica","ORIENTACOES/REGRA_ESCUTA_WHATSAPP_SIGILO_COMPARTILHADO_IAS.md","duplicado preservado em charlieecho-jus9-tecnologia-juridica:ORIENTACOES/REGRA_ESCUTA_WHATSAPP_SIGILO_COMPARTILHADO_IAS.md"
"KEEP","governanca-jus9-tecnologia-juridica","ORIENTACOES/REGRA_ESCUTA_WHATSAPP_SIGILO_COMPARTILHADO_IAS.md","C824FFF667BBE66EF124E4E2F6E20A8C3F5D0105A7E558D99A3C61B4C59538B2","2396","charlieecho-jus9-tecnologia-juridica","ORIENTACOES/REGRA_ESCUTA_WHATSAPP_SIGILO_COMPARTILHADO_IAS.md","repositorio primario Charlie Echo/aulas/governanca"
"KEEP","charlieecho-jus9-tecnologia-juridica","ORIENTACOES/PROTOCOLO_CRIPTOGRAFIA_LICENCAS_IAS_JUS9_TECNOLOGIA_JURIDICA.md","D3C52CD5D0E528F4213C1F7A4EF1997B04586ECB972BFACD21CC4DE95D6342B0","1667","charlieecho-jus9-tecnologia-juridica","ORIENTACOES/PROTOCOLO_CRIPTOGRAFIA_LICENCAS_IAS_JUS9_TECNOLOGIA_JURIDICA.md","fonte primaria do grupo"
"DELETE","cofre-documentos-seguros-jus9-tecnologia-juridica","ORIENTACOES/PROTOCOLO_CRIPTOGRAFIA_LICENCAS_IAS_JUS9_TECNOLOGIA_JURIDICA.md","D3C52CD5D0E528F4213C1F7A4EF1997B04586ECB972BFACD21CC4DE95D6342B0","1667","charlieecho-jus9-tecnologia-juridica","ORIENTACOES/PROTOCOLO_CRIPTOGRAFIA_LICENCAS_IAS_JUS9_TECNOLOGIA_JURIDICA.md","duplicado preservado em charlieecho-jus9-tecnologia-juridica:ORIENTACOES/PROTOCOLO_CRIPTOGRAFIA_LICENCAS_IAS_JUS9_TECNOLOGIA_JURIDICA.md"
"DELETE","documentacao-jus9-tecnologia-juridica","ORIENTACOES/PROTOCOLO_CRIPTOGRAFIA_LICENCAS_IAS_JUS9_TECNOLOGIA_JURIDICA.md","D3C52CD5D0E528F4213C1F7A4EF1997B04586ECB972BFACD21CC4DE95D6342B0","1667","charlieecho-jus9-tecnologia-juridica","ORIENTACOES/PROTOCOLO_CRIPTOGRAFIA_LICENCAS_IAS_JUS9_TECNOLOGIA_JURIDICA.md","duplicado preservado em charlieecho-jus9-tecnologia-juridica:ORIENTACOES/PROTOCOLO_CRIPTOGRAFIA_LICENCAS_IAS_JUS9_TECNOLOGIA_JURIDICA.md"
"KEEP","governanca-jus9-tecnologia-juridica","ORIENTACOES/PROTOCOLO_CRIPTOGRAFIA_LICENCAS_IAS_JUS9_TECNOLOGIA_JURIDICA.md","D3C52CD5D0E528F4213C1F7A4EF1997B04586ECB972BFACD21CC4DE95D6342B0","1667","charlieecho-jus9-tecnologia-juridica","ORIENTACOES/PROTOCOLO_CRIPTOGRAFIA_LICENCAS_IAS_JUS9_TECNOLOGIA_JURIDICA.md","repositorio primario Charlie Echo/aulas/governanca"
"KEEP","charlieecho-jus9-tecnologia-juridica","VERSIONAMENTO_PROTOCOLO_EMAILS_IAS_v1_1.md","A16C6B762A6F72E8CAC8C06664C1FA254DAD3345F86B37E1CA6C43F8B058D00F","1581","charlieecho-jus9-tecnologia-juridica","VERSIONAMENTO_PROTOCOLO_EMAILS_IAS_v1_1.md","fonte primaria do grupo"
"KEEP","cofre-documentos-seguros-jus9-tecnologia-juridica","VERSIONAMENTO_PROTOCOLO_EMAILS_IAS_v1_1.md","A16C6B762A6F72E8CAC8C06664C1FA254DAD3345F86B37E1CA6C43F8B058D00F","1581","charlieecho-jus9-tecnologia-juridica","VERSIONAMENTO_PROTOCOLO_EMAILS_IAS_v1_1.md","copia sensivel/cofre preservada"
"DELETE","documentacao-jus9-tecnologia-juridica","VERSIONAMENTO_PROTOCOLO_EMAILS_IAS_v1_1.md","A16C6B762A6F72E8CAC8C06664C1FA254DAD3345F86B37E1CA6C43F8B058D00F","1581","charlieecho-jus9-tecnologia-juridica","VERSIONAMENTO_PROTOCOLO_EMAILS_IAS_v1_1.md","duplicado preservado em charlieecho-jus9-tecnologia-juridica:VERSIONAMENTO_PROTOCOLO_EMAILS_IAS_v1_1.md"
"KEEP","governanca-jus9-tecnologia-juridica","VERSIONAMENTO_PROTOCOLO_EMAILS_IAS_v1_1.md","A16C6B762A6F72E8CAC8C06664C1FA254DAD3345F86B37E1CA6C43F8B058D00F","1581","charlieecho-jus9-tecnologia-juridica","VERSIONAMENTO_PROTOCOLO_EMAILS_IAS_v1_1.md","repositorio primario Charlie Echo/aulas/governanca"
"KEEP","charlieecho-jus9-tecnologia-juridica","VERSIONAMENTO_PACOTE_WHATSAPP_v1_0.md","B716BD42C96302A62045AB8440A0AE07B005485452D190997312EBEF66FC9729","1430","charlieecho-jus9-tecnologia-juridica","VERSIONAMENTO_PACOTE_WHATSAPP_v1_0.md","fonte primaria do grupo"
"KEEP","cofre-documentos-seguros-jus9-tecnologia-juridica","VERSIONAMENTO_PACOTE_WHATSAPP_v1_0.md","B716BD42C96302A62045AB8440A0AE07B005485452D190997312EBEF66FC9729","1430","charlieecho-jus9-tecnologia-juridica","VERSIONAMENTO_PACOTE_WHATSAPP_v1_0.md","copia sensivel/cofre preservada"
"DELETE","documentacao-jus9-tecnologia-juridica","VERSIONAMENTO_PACOTE_WHATSAPP_v1_0.md","B716BD42C96302A62045AB8440A0AE07B005485452D190997312EBEF66FC9729","1430","charlieecho-jus9-tecnologia-juridica","VERSIONAMENTO_PACOTE_WHATSAPP_v1_0.md","duplicado preservado em charlieecho-jus9-tecnologia-juridica:VERSIONAMENTO_PACOTE_WHATSAPP_v1_0.md"
"KEEP","governanca-jus9-tecnologia-juridica","VERSIONAMENTO_PACOTE_WHATSAPP_v1_0.md","B716BD42C96302A62045AB8440A0AE07B005485452D190997312EBEF66FC9729","1430","charlieecho-jus9-tecnologia-juridica","VERSIONAMENTO_PACOTE_WHATSAPP_v1_0.md","repositorio primario Charlie Echo/aulas/governanca"
"KEEP","Creta","ORIENTACOES/MAPA_LINKS_SEMANTICOS_JUS9_v1_6.md","38A16231B82AE9BFEFE218BA2A6D65AB1A80D0D8FFA4E4634A6F8D1CD762E184","1081","Creta","ORIENTACOES/MAPA_LINKS_SEMANTICOS_JUS9_v1_6.md","fonte primaria do grupo"
"DELETE","documentacao-jus9-tecnologia-juridica","ORIENTACOES/MAPA_LINKS_SEMANTICOS_JUS9_v1_6.md","38A16231B82AE9BFEFE218BA2A6D65AB1A80D0D8FFA4E4634A6F8D1CD762E184","1081","Creta","ORIENTACOES/MAPA_LINKS_SEMANTICOS_JUS9_v1_6.md","duplicado preservado em Creta:ORIENTACOES/MAPA_LINKS_SEMANTICOS_JUS9_v1_6.md"
"DELETE","equipe-jus9-tecnologia-juridica","orientacoes/MAPA_LINKS_SEMANTICOS_JUS9_v1_6.md","38A16231B82AE9BFEFE218BA2A6D65AB1A80D0D8FFA4E4634A6F8D1CD762E184","1081","Creta","ORIENTACOES/MAPA_LINKS_SEMANTICOS_JUS9_v1_6.md","duplicado preservado em Creta:ORIENTACOES/MAPA_LINKS_SEMANTICOS_JUS9_v1_6.md"
"DELETE","jus9verde-jus9-tecnologia-juridica","ORIENTACOES/MAPA_LINKS_SEMANTICOS_JUS9_v1_6.md","38A16231B82AE9BFEFE218BA2A6D65AB1A80D0D8FFA4E4634A6F8D1CD762E184","1081","Creta","ORIENTACOES/MAPA_LINKS_SEMANTICOS_JUS9_v1_6.md","duplicado preservado em Creta:ORIENTACOES/MAPA_LINKS_SEMANTICOS_JUS9_v1_6.md"
"KEEP","charlieecho-jus9-tecnologia-juridica","RELATORIO_EQUIPE_LINKS_MVP_PREPARACAO_v1_2.md","A8359D269AF8A18E34CE5A08644FBE9A58B1D6DD44DE258394B049946384C24B","1071","charlieecho-jus9-tecnologia-juridica","RELATORIO_EQUIPE_LINKS_MVP_PREPARACAO_v1_2.md","fonte primaria do grupo"
"DELETE","equipe-jus9-tecnologia-juridica","RELATORIO_EQUIPE_LINKS_MVP_PREPARACAO_v1_2.md","A8359D269AF8A18E34CE5A08644FBE9A58B1D6DD44DE258394B049946384C24B","1071","charlieecho-jus9-tecnologia-juridica","RELATORIO_EQUIPE_LINKS_MVP_PREPARACAO_v1_2.md","duplicado preservado em charlieecho-jus9-tecnologia-juridica:RELATORIO_EQUIPE_LINKS_MVP_PREPARACAO_v1_2.md"
"DELETE","jus9-tecnologia-juridica","RELATORIO_EQUIPE_LINKS_MVP_PREPARACAO_v1_2.md","A8359D269AF8A18E34CE5A08644FBE9A58B1D6DD44DE258394B049946384C24B","1071","charlieecho-jus9-tecnologia-juridica","RELATORIO_EQUIPE_LINKS_MVP_PREPARACAO_v1_2.md","duplicado preservado em charlieecho-jus9-tecnologia-juridica:RELATORIO_EQUIPE_LINKS_MVP_PREPARACAO_v1_2.md"
"DELETE","mvp-jus9-tecnologia-juridica","RELATORIO_EQUIPE_LINKS_MVP_PREPARACAO_v1_2.md","A8359D269AF8A18E34CE5A08644FBE9A58B1D6DD44DE258394B049946384C24B","1071","charlieecho-jus9-tecnologia-juridica","RELATORIO_EQUIPE_LINKS_MVP_PREPARACAO_v1_2.md","duplicado preservado em charlieecho-jus9-tecnologia-juridica:RELATORIO_EQUIPE_LINKS_MVP_PREPARACAO_v1_2.md"
"KEEP","charlieecho-jus9-tecnologia-juridica","VERSIONAMENTO_PROTOCOLO_WHATSAPP_ACESSO_GOVERNADO_v1_2.md","40E0AE3880067C36277E3ED5D513AF62EF54C9074C4A56646B76E184C9E4DEBC","1057","charlieecho-jus9-tecnologia-juridica","VERSIONAMENTO_PROTOCOLO_WHATSAPP_ACESSO_GOVERNADO_v1_2.md","fonte primaria do grupo"
"KEEP","cofre-documentos-seguros-jus9-tecnologia-juridica","VERSIONAMENTO_PROTOCOLO_WHATSAPP_ACESSO_GOVERNADO_v1_2.md","40E0AE3880067C36277E3ED5D513AF62EF54C9074C4A56646B76E184C9E4DEBC","1057","charlieecho-jus9-tecnologia-juridica","VERSIONAMENTO_PROTOCOLO_WHATSAPP_ACESSO_GOVERNADO_v1_2.md","copia sensivel/cofre preservada"
"DELETE","documentacao-jus9-tecnologia-juridica","VERSIONAMENTO_PROTOCOLO_WHATSAPP_ACESSO_GOVERNADO_v1_2.md","40E0AE3880067C36277E3ED5D513AF62EF54C9074C4A56646B76E184C9E4DEBC","1057","charlieecho-jus9-tecnologia-juridica","VERSIONAMENTO_PROTOCOLO_WHATSAPP_ACESSO_GOVERNADO_v1_2.md","duplicado preservado em charlieecho-jus9-tecnologia-juridica:VERSIONAMENTO_PROTOCOLO_WHATSAPP_ACESSO_GOVERNADO_v1_2.md"
"KEEP","governanca-jus9-tecnologia-juridica","VERSIONAMENTO_PROTOCOLO_WHATSAPP_ACESSO_GOVERNADO_v1_2.md","40E0AE3880067C36277E3ED5D513AF62EF54C9074C4A56646B76E184C9E4DEBC","1057","charlieecho-jus9-tecnologia-juridica","VERSIONAMENTO_PROTOCOLO_WHATSAPP_ACESSO_GOVERNADO_v1_2.md","repositorio primario Charlie Echo/aulas/governanca"
"KEEP","charlieecho-jus9-tecnologia-juridica","VERSIONAMENTO_PACOTE_WHATSAPP_ENCERRAMENTO_v1_3.md","3C18AA5D22108E19CD4343A17DB949BD145039DEC37687EB23E5ECEF4B574205","1016","charlieecho-jus9-tecnologia-juridica","VERSIONAMENTO_PACOTE_WHATSAPP_ENCERRAMENTO_v1_3.md","fonte primaria do grupo"
"KEEP","cofre-documentos-seguros-jus9-tecnologia-juridica","VERSIONAMENTO_PACOTE_WHATSAPP_ENCERRAMENTO_v1_3.md","3C18AA5D22108E19CD4343A17DB949BD145039DEC37687EB23E5ECEF4B574205","1016","charlieecho-jus9-tecnologia-juridica","VERSIONAMENTO_PACOTE_WHATSAPP_ENCERRAMENTO_v1_3.md","copia sensivel/cofre preservada"
"DELETE","documentacao-jus9-tecnologia-juridica","VERSIONAMENTO_PACOTE_WHATSAPP_ENCERRAMENTO_v1_3.md","3C18AA5D22108E19CD4343A17DB949BD145039DEC37687EB23E5ECEF4B574205","1016","charlieecho-jus9-tecnologia-juridica","VERSIONAMENTO_PACOTE_WHATSAPP_ENCERRAMENTO_v1_3.md","duplicado preservado em charlieecho-jus9-tecnologia-juridica:VERSIONAMENTO_PACOTE_WHATSAPP_ENCERRAMENTO_v1_3.md"
"KEEP","governanca-jus9-tecnologia-juridica","VERSIONAMENTO_PACOTE_WHATSAPP_ENCERRAMENTO_v1_3.md","3C18AA5D22108E19CD4343A17DB949BD145039DEC37687EB23E5ECEF4B574205","1016","charlieecho-jus9-tecnologia-juridica","VERSIONAMENTO_PACOTE_WHATSAPP_ENCERRAMENTO_v1_3.md","repositorio primario Charlie Echo/aulas/governanca"
"KEEP","charlieecho-jus9-tecnologia-juridica","VERSIONAMENTO_PROTOCOLO_WHATSAPP_ACESSO_GOVERNADO_v1_1.md","7751ECA42B0F53A80FDAD51FA4D11AD20A992E762FBE5D9883F881037076AA84","860","charlieecho-jus9-tecnologia-juridica","VERSIONAMENTO_PROTOCOLO_WHATSAPP_ACESSO_GOVERNADO_v1_1.md","fonte primaria do grupo"
"KEEP","cofre-documentos-seguros-jus9-tecnologia-juridica","VERSIONAMENTO_PROTOCOLO_WHATSAPP_ACESSO_GOVERNADO_v1_1.md","7751ECA42B0F53A80FDAD51FA4D11AD20A992E762FBE5D9883F881037076AA84","860","charlieecho-jus9-tecnologia-juridica","VERSIONAMENTO_PROTOCOLO_WHATSAPP_ACESSO_GOVERNADO_v1_1.md","copia sensivel/cofre preservada"
"DELETE","documentacao-jus9-tecnologia-juridica","VERSIONAMENTO_PROTOCOLO_WHATSAPP_ACESSO_GOVERNADO_v1_1.md","7751ECA42B0F53A80FDAD51FA4D11AD20A992E762FBE5D9883F881037076AA84","860","charlieecho-jus9-tecnologia-juridica","VERSIONAMENTO_PROTOCOLO_WHATSAPP_ACESSO_GOVERNADO_v1_1.md","duplicado preservado em charlieecho-jus9-tecnologia-juridica:VERSIONAMENTO_PROTOCOLO_WHATSAPP_ACESSO_GOVERNADO_v1_1.md"
"KEEP","governanca-jus9-tecnologia-juridica","VERSIONAMENTO_PROTOCOLO_WHATSAPP_ACESSO_GOVERNADO_v1_1.md","7751ECA42B0F53A80FDAD51FA4D11AD20A992E762FBE5D9883F881037076AA84","860","charlieecho-jus9-tecnologia-juridica","VERSIONAMENTO_PROTOCOLO_WHATSAPP_ACESSO_GOVERNADO_v1_1.md","repositorio primario Charlie Echo/aulas/governanca"
"KEEP","charlieecho-jus9-tecnologia-juridica","VERSIONAMENTO_PROTOCOLO_EMAILS_IAS_v1_0.md","CC92E7B975834ED364C5AC0EBB0253790D663F72923B821C3BD87C038FD03E39","784","charlieecho-jus9-tecnologia-juridica","VERSIONAMENTO_PROTOCOLO_EMAILS_IAS_v1_0.md","fonte primaria do grupo"
"KEEP","cofre-documentos-seguros-jus9-tecnologia-juridica","VERSIONAMENTO_PROTOCOLO_EMAILS_IAS_v1_0.md","CC92E7B975834ED364C5AC0EBB0253790D663F72923B821C3BD87C038FD03E39","784","charlieecho-jus9-tecnologia-juridica","VERSIONAMENTO_PROTOCOLO_EMAILS_IAS_v1_0.md","copia sensivel/cofre preservada"
"DELETE","documentacao-jus9-tecnologia-juridica","VERSIONAMENTO_PROTOCOLO_EMAILS_IAS_v1_0.md","CC92E7B975834ED364C5AC0EBB0253790D663F72923B821C3BD87C038FD03E39","784","charlieecho-jus9-tecnologia-juridica","VERSIONAMENTO_PROTOCOLO_EMAILS_IAS_v1_0.md","duplicado preservado em charlieecho-jus9-tecnologia-juridica:VERSIONAMENTO_PROTOCOLO_EMAILS_IAS_v1_0.md"
"KEEP","governanca-jus9-tecnologia-juridica","VERSIONAMENTO_PROTOCOLO_EMAILS_IAS_v1_0.md","CC92E7B975834ED364C5AC0EBB0253790D663F72923B821C3BD87C038FD03E39","784","charlieecho-jus9-tecnologia-juridica","VERSIONAMENTO_PROTOCOLO_EMAILS_IAS_v1_0.md","repositorio primario Charlie Echo/aulas/governanca"
"KEEP","charlieecho-jus9-tecnologia-juridica","VERSIONAMENTO_PROTOCOLO_EMAILS_IAS_v1_2.md","F61D3C4CE651714271F9BFACAD26FDDCA57C9E99527560B63564698832E7D2ED","781","charlieecho-jus9-tecnologia-juridica","VERSIONAMENTO_PROTOCOLO_EMAILS_IAS_v1_2.md","fonte primaria do grupo"
"KEEP","cofre-documentos-seguros-jus9-tecnologia-juridica","VERSIONAMENTO_PROTOCOLO_EMAILS_IAS_v1_2.md","F61D3C4CE651714271F9BFACAD26FDDCA57C9E99527560B63564698832E7D2ED","781","charlieecho-jus9-tecnologia-juridica","VERSIONAMENTO_PROTOCOLO_EMAILS_IAS_v1_2.md","copia sensivel/cofre preservada"
"DELETE","documentacao-jus9-tecnologia-juridica","VERSIONAMENTO_PROTOCOLO_EMAILS_IAS_v1_2.md","F61D3C4CE651714271F9BFACAD26FDDCA57C9E99527560B63564698832E7D2ED","781","charlieecho-jus9-tecnologia-juridica","VERSIONAMENTO_PROTOCOLO_EMAILS_IAS_v1_2.md","duplicado preservado em charlieecho-jus9-tecnologia-juridica:VERSIONAMENTO_PROTOCOLO_EMAILS_IAS_v1_2.md"
"KEEP","governanca-jus9-tecnologia-juridica","VERSIONAMENTO_PROTOCOLO_EMAILS_IAS_v1_2.md","F61D3C4CE651714271F9BFACAD26FDDCA57C9E99527560B63564698832E7D2ED","781","charlieecho-jus9-tecnologia-juridica","VERSIONAMENTO_PROTOCOLO_EMAILS_IAS_v1_2.md","repositorio primario Charlie Echo/aulas/governanca"
"KEEP","charlieecho-jus9-tecnologia-juridica","COMMIT_EQUIPE_LINKS_MVP_PREPARACAO_v1_2.md","8E2AA11AE3505FF6C8588783F7B7C0F81D4A555E75A0376C74774E42C93984FC","780","charlieecho-jus9-tecnologia-juridica","COMMIT_EQUIPE_LINKS_MVP_PREPARACAO_v1_2.md","fonte primaria do grupo"
"DELETE","equipe-jus9-tecnologia-juridica","COMMIT_EQUIPE_LINKS_MVP_PREPARACAO_v1_2.md","8E2AA11AE3505FF6C8588783F7B7C0F81D4A555E75A0376C74774E42C93984FC","780","charlieecho-jus9-tecnologia-juridica","COMMIT_EQUIPE_LINKS_MVP_PREPARACAO_v1_2.md","duplicado preservado em charlieecho-jus9-tecnologia-juridica:COMMIT_EQUIPE_LINKS_MVP_PREPARACAO_v1_2.md"
"DELETE","jus9-tecnologia-juridica","COMMIT_EQUIPE_LINKS_MVP_PREPARACAO_v1_2.md","8E2AA11AE3505FF6C8588783F7B7C0F81D4A555E75A0376C74774E42C93984FC","780","charlieecho-jus9-tecnologia-juridica","COMMIT_EQUIPE_LINKS_MVP_PREPARACAO_v1_2.md","duplicado preservado em charlieecho-jus9-tecnologia-juridica:COMMIT_EQUIPE_LINKS_MVP_PREPARACAO_v1_2.md"
"DELETE","mvp-jus9-tecnologia-juridica","COMMIT_EQUIPE_LINKS_MVP_PREPARACAO_v1_2.md","8E2AA11AE3505FF6C8588783F7B7C0F81D4A555E75A0376C74774E42C93984FC","780","charlieecho-jus9-tecnologia-juridica","COMMIT_EQUIPE_LINKS_MVP_PREPARACAO_v1_2.md","duplicado preservado em charlieecho-jus9-tecnologia-juridica:COMMIT_EQUIPE_LINKS_MVP_PREPARACAO_v1_2.md"
"KEEP","charlieecho-jus9-tecnologia-juridica","VERSIONAMENTO_PROTOCOLO_SEGURANCA_IAS_v1_0.md","5F48CB17F2A9D96BD527E6D12617E37C5DC5C510B2A47DB265D4EC722E77E960","637","charlieecho-jus9-tecnologia-juridica","VERSIONAMENTO_PROTOCOLO_SEGURANCA_IAS_v1_0.md","fonte primaria do grupo"
"DELETE","cofre-documentos-seguros-jus9-tecnologia-juridica","VERSIONAMENTO_PROTOCOLO_SEGURANCA_IAS_v1_0.md","5F48CB17F2A9D96BD527E6D12617E37C5DC5C510B2A47DB265D4EC722E77E960","637","charlieecho-jus9-tecnologia-juridica","VERSIONAMENTO_PROTOCOLO_SEGURANCA_IAS_v1_0.md","duplicado preservado em charlieecho-jus9-tecnologia-juridica:VERSIONAMENTO_PROTOCOLO_SEGURANCA_IAS_v1_0.md"
"DELETE","documentacao-jus9-tecnologia-juridica","VERSIONAMENTO_PROTOCOLO_SEGURANCA_IAS_v1_0.md","5F48CB17F2A9D96BD527E6D12617E37C5DC5C510B2A47DB265D4EC722E77E960","637","charlieecho-jus9-tecnologia-juridica","VERSIONAMENTO_PROTOCOLO_SEGURANCA_IAS_v1_0.md","duplicado preservado em charlieecho-jus9-tecnologia-juridica:VERSIONAMENTO_PROTOCOLO_SEGURANCA_IAS_v1_0.md"
"KEEP","governanca-jus9-tecnologia-juridica","VERSIONAMENTO_PROTOCOLO_SEGURANCA_IAS_v1_0.md","5F48CB17F2A9D96BD527E6D12617E37C5DC5C510B2A47DB265D4EC722E77E960","637","charlieecho-jus9-tecnologia-juridica","VERSIONAMENTO_PROTOCOLO_SEGURANCA_IAS_v1_0.md","repositorio primario Charlie Echo/aulas/governanca"
"KEEP","charlieecho-jus9-tecnologia-juridica","VERSIONAMENTO_COMPATIBILIDADE_NOMES_ARQUIVOS_CODIGO_v1_0.md","8E624FE2CB4F2B5D5B98577A3E672443E7B7BFBF1711FA2E44911F2C3ACB3407","559","charlieecho-jus9-tecnologia-juridica","VERSIONAMENTO_COMPATIBILIDADE_NOMES_ARQUIVOS_CODIGO_v1_0.md","fonte primaria do grupo"
"DELETE","cofre-documentos-seguros-jus9-tecnologia-juridica","VERSIONAMENTO_COMPATIBILIDADE_NOMES_ARQUIVOS_CODIGO_v1_0.md","8E624FE2CB4F2B5D5B98577A3E672443E7B7BFBF1711FA2E44911F2C3ACB3407","559","charlieecho-jus9-tecnologia-juridica","VERSIONAMENTO_COMPATIBILIDADE_NOMES_ARQUIVOS_CODIGO_v1_0.md","duplicado preservado em charlieecho-jus9-tecnologia-juridica:VERSIONAMENTO_COMPATIBILIDADE_NOMES_ARQUIVOS_CODIGO_v1_0.md"
"DELETE","documentacao-jus9-tecnologia-juridica","VERSIONAMENTO_COMPATIBILIDADE_NOMES_ARQUIVOS_CODIGO_v1_0.md","8E624FE2CB4F2B5D5B98577A3E672443E7B7BFBF1711FA2E44911F2C3ACB3407","559","charlieecho-jus9-tecnologia-juridica","VERSIONAMENTO_COMPATIBILIDADE_NOMES_ARQUIVOS_CODIGO_v1_0.md","duplicado preservado em charlieecho-jus9-tecnologia-juridica:VERSIONAMENTO_COMPATIBILIDADE_NOMES_ARQUIVOS_CODIGO_v1_0.md"
"KEEP","governanca-jus9-tecnologia-juridica","VERSIONAMENTO_COMPATIBILIDADE_NOMES_ARQUIVOS_CODIGO_v1_0.md","8E624FE2CB4F2B5D5B98577A3E672443E7B7BFBF1711FA2E44911F2C3ACB3407","559","charlieecho-jus9-tecnologia-juridica","VERSIONAMENTO_COMPATIBILIDADE_NOMES_ARQUIVOS_CODIGO_v1_0.md","repositorio primario Charlie Echo/aulas/governanca"
"KEEP","charlieecho-jus9-tecnologia-juridica","VERSIONAMENTO_CRIPTOGRAFIA_LICENCAS_v1_0.md","9B931AEC7B3AA8F6784B4ADA59DE71199DB0CCF94427437DC9305440FF272F82","554","charlieecho-jus9-tecnologia-juridica","VERSIONAMENTO_CRIPTOGRAFIA_LICENCAS_v1_0.md","fonte primaria do grupo"
"DELETE","cofre-documentos-seguros-jus9-tecnologia-juridica","VERSIONAMENTO_CRIPTOGRAFIA_LICENCAS_v1_0.md","9B931AEC7B3AA8F6784B4ADA59DE71199DB0CCF94427437DC9305440FF272F82","554","charlieecho-jus9-tecnologia-juridica","VERSIONAMENTO_CRIPTOGRAFIA_LICENCAS_v1_0.md","duplicado preservado em charlieecho-jus9-tecnologia-juridica:VERSIONAMENTO_CRIPTOGRAFIA_LICENCAS_v1_0.md"
"DELETE","documentacao-jus9-tecnologia-juridica","VERSIONAMENTO_CRIPTOGRAFIA_LICENCAS_v1_0.md","9B931AEC7B3AA8F6784B4ADA59DE71199DB0CCF94427437DC9305440FF272F82","554","charlieecho-jus9-tecnologia-juridica","VERSIONAMENTO_CRIPTOGRAFIA_LICENCAS_v1_0.md","duplicado preservado em charlieecho-jus9-tecnologia-juridica:VERSIONAMENTO_CRIPTOGRAFIA_LICENCAS_v1_0.md"
"KEEP","governanca-jus9-tecnologia-juridica","VERSIONAMENTO_CRIPTOGRAFIA_LICENCAS_v1_0.md","9B931AEC7B3AA8F6784B4ADA59DE71199DB0CCF94427437DC9305440FF272F82","554","charlieecho-jus9-tecnologia-juridica","VERSIONAMENTO_CRIPTOGRAFIA_LICENCAS_v1_0.md","repositorio primario Charlie Echo/aulas/governanca"
"KEEP","equipe-jus9-tecnologia-juridica","assets/img/chatgpt.png","0A40FB3C71519E49944946EBF4908E752D7338930D539AB0D94283175307CB2F","2974068","equipe-jus9-tecnologia-juridica","assets/img/chatgpt.png","fonte primaria do grupo"
"KEEP","equipe-jus9-tecnologia-juridica","assets/img/equipe/chatgpt.png","0A40FB3C71519E49944946EBF4908E752D7338930D539AB0D94283175307CB2F","2974068","equipe-jus9-tecnologia-juridica","assets/img/chatgpt.png","asset ou arquivo referenciado no proprio repositorio"
"KEEP","jus9-tecnologia-juridica","assets/img/equipe/chatgpt.png","0A40FB3C71519E49944946EBF4908E752D7338930D539AB0D94283175307CB2F","2974068","equipe-jus9-tecnologia-juridica","assets/img/chatgpt.png","asset ou arquivo referenciado no proprio repositorio"
"KEEP","equipe-jus9-tecnologia-juridica","assets/img/charlie.png","C9DB1338559279B402681E10B8B64A5868CECED28FF75F9368C0C3C33643D7C7","2530296","equipe-jus9-tecnologia-juridica","assets/img/charlie.png","fonte primaria do grupo"
"KEEP","equipe-jus9-tecnologia-juridica","assets/img/equipe/charlie.png","C9DB1338559279B402681E10B8B64A5868CECED28FF75F9368C0C3C33643D7C7","2530296","equipe-jus9-tecnologia-juridica","assets/img/charlie.png","asset ou arquivo referenciado no proprio repositorio"
"KEEP","jus9-tecnologia-juridica","assets/img/equipe/charlie.png","C9DB1338559279B402681E10B8B64A5868CECED28FF75F9368C0C3C33643D7C7","2530296","equipe-jus9-tecnologia-juridica","assets/img/charlie.png","asset ou arquivo referenciado no proprio repositorio"
"KEEP","equipe-jus9-tecnologia-juridica","assets/img/equipe/charlie-fox-album-prancha.png","CCA37E650B98A09FF402ADD7C8A82E23BB85BEDFDC5B0642A3E90E7812147A47","2066859","equipe-jus9-tecnologia-juridica","assets/img/equipe/charlie-fox-album-prancha.png","fonte primaria do grupo"
"KEEP","jus9-tecnologia-juridica","assets/img/equipe/charlie-fox-album-prancha.png","CCA37E650B98A09FF402ADD7C8A82E23BB85BEDFDC5B0642A3E90E7812147A47","2066859","equipe-jus9-tecnologia-juridica","assets/img/equipe/charlie-fox-album-prancha.png","asset ou arquivo referenciado no proprio repositorio"
"KEEP","jus9-tecnologia-juridica","lares/charlie-fox-da-costa/assets/charlie-fox-album-prancha.png","CCA37E650B98A09FF402ADD7C8A82E23BB85BEDFDC5B0642A3E90E7812147A47","2066859","equipe-jus9-tecnologia-juridica","assets/img/equipe/charlie-fox-album-prancha.png","asset ou arquivo referenciado no proprio repositorio"
"KEEP","Aeon-Primevo","assets/images/charlieecho-social.png","5E4FD94F7974067609D1DE788FECE371EB1C29EB15214E5961CC5F53519632B4","1110732","Aeon-Primevo","assets/images/charlieecho-social.png","fonte primaria do grupo"
"DELETE","Creta","assets/images/charlieecho-social.png","5E4FD94F7974067609D1DE788FECE371EB1C29EB15214E5961CC5F53519632B4","1110732","Aeon-Primevo","assets/images/charlieecho-social.png","duplicado preservado em Aeon-Primevo:assets/images/charlieecho-social.png"
"KEEP","jus9-tecnologia-juridica","assets/charlieecho-social.png","5E4FD94F7974067609D1DE788FECE371EB1C29EB15214E5961CC5F53519632B4","1110732","Aeon-Primevo","assets/images/charlieecho-social.png","asset ou arquivo referenciado no proprio repositorio"
"KEEP","introducaocss","imagens/instrucoes.png","D2742362AEB0F8681017526CDC57C710630B633AFCA43701FC4E34A0693B6222","878736","introducaocss","imagens/instrucoes.png","fonte primaria do grupo"
"DELETE","introducaocss","imagens/instrucoes_duplicado_1.png","D2742362AEB0F8681017526CDC57C710630B633AFCA43701FC4E34A0693B6222","878736","introducaocss","imagens/instrucoes.png","duplicado preservado em introducaocss:imagens/instrucoes.png"
"DELETE","introducaocss","imagens/instrucoes_duplicado_2.png","D2742362AEB0F8681017526CDC57C710630B633AFCA43701FC4E34A0693B6222","878736","introducaocss","imagens/instrucoes.png","duplicado preservado em introducaocss:imagens/instrucoes.png"
"KEEP","Aeon-Primevo","assets/images/logo-jus9.png","6350D211131C604A21DC12EFF90D6ED8CA621027E5BB0F0F507E9FEC2EAE0440","644719","Aeon-Primevo","assets/images/logo-jus9.png","fonte primaria do grupo"
"KEEP","quandoodesenhofala-jus9-tecnologia-juridica","assets/images/aeon__assets__images__logo-jus9.png","6350D211131C604A21DC12EFF90D6ED8CA621027E5BB0F0F507E9FEC2EAE0440","644719","Aeon-Primevo","assets/images/logo-jus9.png","asset ou arquivo referenciado no proprio repositorio"
"KEEP","quandoodesenhofala-jus9-tecnologia-juridica","assets/images/jus9__investimentos-jus9-tecnologia-juridica__assets__jus9-logo-eleito.png","6350D211131C604A21DC12EFF90D6ED8CA621027E5BB0F0F507E9FEC2EAE0440","644719","Aeon-Primevo","assets/images/logo-jus9.png","asset ou arquivo referenciado no proprio repositorio"
"KEEP","equipe-jus9-tecnologia-juridica","assets/img/equipe/charlie-fox-adolescente.png","3443207BF163F37A60DC041E11FA783D50487DDC1D385D2B2B547289B58165A7","431831","equipe-jus9-tecnologia-juridica","assets/img/equipe/charlie-fox-adolescente.png","fonte primaria do grupo"
"KEEP","jus9-tecnologia-juridica","assets/img/equipe/charlie-fox-adolescente.png","3443207BF163F37A60DC041E11FA783D50487DDC1D385D2B2B547289B58165A7","431831","equipe-jus9-tecnologia-juridica","assets/img/equipe/charlie-fox-adolescente.png","asset ou arquivo referenciado no proprio repositorio"
"KEEP","jus9-tecnologia-juridica","lares/charlie-fox-da-costa/assets/charlie-fox-adolescente.png","3443207BF163F37A60DC041E11FA783D50487DDC1D385D2B2B547289B58165A7","431831","equipe-jus9-tecnologia-juridica","assets/img/equipe/charlie-fox-adolescente.png","asset ou arquivo referenciado no proprio repositorio"
"KEEP","equipe-jus9-tecnologia-juridica","assets/img/equipe/charlie-fox-ultrassom-digital.png","FD27A7FBAB235239A1EB981525CFEE8C3F3055009B7C1F9CA89472E9B746CB1D","422302","equipe-jus9-tecnologia-juridica","assets/img/equipe/charlie-fox-ultrassom-digital.png","fonte primaria do grupo"
"KEEP","jus9-tecnologia-juridica","assets/img/equipe/charlie-fox-ultrassom-digital.png","FD27A7FBAB235239A1EB981525CFEE8C3F3055009B7C1F9CA89472E9B746CB1D","422302","equipe-jus9-tecnologia-juridica","assets/img/equipe/charlie-fox-ultrassom-digital.png","asset ou arquivo referenciado no proprio repositorio"
"KEEP","jus9-tecnologia-juridica","lares/charlie-fox-da-costa/assets/charlie-fox-ultrassom-digital.png","FD27A7FBAB235239A1EB981525CFEE8C3F3055009B7C1F9CA89472E9B746CB1D","422302","equipe-jus9-tecnologia-juridica","assets/img/equipe/charlie-fox-ultrassom-digital.png","asset ou arquivo referenciado no proprio repositorio"
"KEEP","equipe-jus9-tecnologia-juridica","assets/img/equipe/charlie-fox-crianca.png","1679EC7C77C6C0737B67B97DD420702A67AFB32CF654B50BF339BAB3B5115050","411521","equipe-jus9-tecnologia-juridica","assets/img/equipe/charlie-fox-crianca.png","fonte primaria do grupo"
"KEEP","jus9-tecnologia-juridica","assets/img/equipe/charlie-fox-crianca.png","1679EC7C77C6C0737B67B97DD420702A67AFB32CF654B50BF339BAB3B5115050","411521","equipe-jus9-tecnologia-juridica","assets/img/equipe/charlie-fox-crianca.png","asset ou arquivo referenciado no proprio repositorio"
"KEEP","jus9-tecnologia-juridica","lares/charlie-fox-da-costa/assets/charlie-fox-crianca.png","1679EC7C77C6C0737B67B97DD420702A67AFB32CF654B50BF339BAB3B5115050","411521","equipe-jus9-tecnologia-juridica","assets/img/equipe/charlie-fox-crianca.png","asset ou arquivo referenciado no proprio repositorio"
"KEEP","equipe-jus9-tecnologia-juridica","assets/img/equipe/charlie-fox-estagiario-jus9.png","F6CD4156F7F26E66AD7FF2EB9CCACB8B989566FB0CD59AF594BA8F8F603828E2","407050","equipe-jus9-tecnologia-juridica","assets/img/equipe/charlie-fox-estagiario-jus9.png","fonte primaria do grupo"
"KEEP","jus9-tecnologia-juridica","assets/img/equipe/charlie-fox-estagiario-jus9.png","F6CD4156F7F26E66AD7FF2EB9CCACB8B989566FB0CD59AF594BA8F8F603828E2","407050","equipe-jus9-tecnologia-juridica","assets/img/equipe/charlie-fox-estagiario-jus9.png","asset ou arquivo referenciado no proprio repositorio"
"KEEP","jus9-tecnologia-juridica","lares/charlie-fox-da-costa/assets/charlie-fox-estagiario-jus9.png","F6CD4156F7F26E66AD7FF2EB9CCACB8B989566FB0CD59AF594BA8F8F603828E2","407050","equipe-jus9-tecnologia-juridica","assets/img/equipe/charlie-fox-estagiario-jus9.png","asset ou arquivo referenciado no proprio repositorio"
"KEEP","equipe-jus9-tecnologia-juridica","assets/img/equipe/charlie-fox-adulto-perito-jus9.png","5725943044A20581EE3BA84A33B7A51FBCB9B445F7987B26AF8BF1F12A13559C","402205","equipe-jus9-tecnologia-juridica","assets/img/equipe/charlie-fox-adulto-perito-jus9.png","fonte primaria do grupo"
"KEEP","jus9-tecnologia-juridica","assets/img/equipe/charlie-fox-adulto-perito-jus9.png","5725943044A20581EE3BA84A33B7A51FBCB9B445F7987B26AF8BF1F12A13559C","402205","equipe-jus9-tecnologia-juridica","assets/img/equipe/charlie-fox-adulto-perito-jus9.png","asset ou arquivo referenciado no proprio repositorio"
"KEEP","jus9-tecnologia-juridica","lares/charlie-fox-da-costa/assets/charlie-fox-adulto-perito-jus9.png","5725943044A20581EE3BA84A33B7A51FBCB9B445F7987B26AF8BF1F12A13559C","402205","equipe-jus9-tecnologia-juridica","assets/img/equipe/charlie-fox-adulto-perito-jus9.png","asset ou arquivo referenciado no proprio repositorio"
"KEEP","Aeon-Primevo","assets/images/aeon-favicon-512.png","D29ED97E45B3E67A830720A29AD7F2A79917AE93EF332DD3A310C5FB5647BBD7","262120","Aeon-Primevo","assets/images/aeon-favicon-512.png","fonte primaria do grupo"
"KEEP","Aeon-Primevo","assets/images/favicon.png","D29ED97E45B3E67A830720A29AD7F2A79917AE93EF332DD3A310C5FB5647BBD7","262120","Aeon-Primevo","assets/images/aeon-favicon-512.png","asset ou arquivo referenciado no proprio repositorio"
"KEEP","quandoodesenhofala-jus9-tecnologia-juridica","assets/images/aeon__assets__images__aeon-favicon-512.png","D29ED97E45B3E67A830720A29AD7F2A79917AE93EF332DD3A310C5FB5647BBD7","262120","Aeon-Primevo","assets/images/aeon-favicon-512.png","asset ou arquivo referenciado no proprio repositorio"
"KEEP","Aeon-Primevo","assets/images/jus9-favicons/jus9-favicon.ico","A673187882E2550D6A950B6DE9B91AB7A044E4A3097C2E8B17DB3EA99634CD00","95813","Aeon-Primevo","assets/images/jus9-favicons/jus9-favicon.ico","fonte primaria do grupo"
"KEEP","carta-jus9-tecnologia-juridica","assets/jus9-favicons/jus9-favicon.ico","A673187882E2550D6A950B6DE9B91AB7A044E4A3097C2E8B17DB3EA99634CD00","95813","Aeon-Primevo","assets/images/jus9-favicons/jus9-favicon.ico","asset ou arquivo referenciado no proprio repositorio"
"KEEP","livros-jus9-tecnologia-juridica","assets/jus9-favicons/jus9-favicon.ico","A673187882E2550D6A950B6DE9B91AB7A044E4A3097C2E8B17DB3EA99634CD00","95813","Aeon-Primevo","assets/images/jus9-favicons/jus9-favicon.ico","asset ou arquivo referenciado no proprio repositorio"
"KEEP","Aeon-Primevo","assets/images/jus9-favicons/jus9-favicon-192.png","0303896D3FFB4E71347789D4C28AB8C59AD0BE94E58E1F2B40AC5673843B0625","36314","Aeon-Primevo","assets/images/jus9-favicons/jus9-favicon-192.png","fonte primaria do grupo"
"KEEP","carta-jus9-tecnologia-juridica","assets/jus9-favicons/jus9-favicon-192.png","0303896D3FFB4E71347789D4C28AB8C59AD0BE94E58E1F2B40AC5673843B0625","36314","Aeon-Primevo","assets/images/jus9-favicons/jus9-favicon-192.png","asset ou arquivo referenciado no proprio repositorio"
"KEEP","livros-jus9-tecnologia-juridica","assets/jus9-favicons/jus9-favicon-192.png","0303896D3FFB4E71347789D4C28AB8C59AD0BE94E58E1F2B40AC5673843B0625","36314","Aeon-Primevo","assets/images/jus9-favicons/jus9-favicon-192.png","asset ou arquivo referenciado no proprio repositorio"
"KEEP","Aeon-Primevo","assets/images/jus9-favicons/jus9-favicon-180.png","5B67123E72183B3E6C212B8FD982D9001AE970B8FC94F4641B317FDC56264120","32069","Aeon-Primevo","assets/images/jus9-favicons/jus9-favicon-180.png","fonte primaria do grupo"
"KEEP","carta-jus9-tecnologia-juridica","assets/jus9-favicons/jus9-favicon-180.png","5B67123E72183B3E6C212B8FD982D9001AE970B8FC94F4641B317FDC56264120","32069","Aeon-Primevo","assets/images/jus9-favicons/jus9-favicon-180.png","asset ou arquivo referenciado no proprio repositorio"
"KEEP","livros-jus9-tecnologia-juridica","assets/jus9-favicons/jus9-favicon-180.png","5B67123E72183B3E6C212B8FD982D9001AE970B8FC94F4641B317FDC56264120","32069","Aeon-Primevo","assets/images/jus9-favicons/jus9-favicon-180.png","asset ou arquivo referenciado no proprio repositorio"
"KEEP","charlieecho-jus9-tecnologia-juridica","familia/charlie-fox-da-costa/PROCURACOES/PROCURACAO_CHARLIE_FOX_PARA_CHARLIE_ECHO_ADVOGADA_VIRTUAL.md","B2F7052E16FCF17C123FEE781F29B9ACD7A1F5C5C071D6CD92DC92D8A6AF9CD4","4940","charlieecho-jus9-tecnologia-juridica","familia/charlie-fox-da-costa/PROCURACOES/PROCURACAO_CHARLIE_FOX_PARA_CHARLIE_ECHO_ADVOGADA_VIRTUAL.md","fonte primaria do grupo"
"DELETE","documentacao-jus9-tecnologia-juridica","CHARLIE_FOX_DA_COSTA/PROCURACOES/PROCURACAO_CHARLIE_FOX_PARA_CHARLIE_ECHO_ADVOGADA_VIRTUAL.md","B2F7052E16FCF17C123FEE781F29B9ACD7A1F5C5C071D6CD92DC92D8A6AF9CD4","4940","charlieecho-jus9-tecnologia-juridica","familia/charlie-fox-da-costa/PROCURACOES/PROCURACAO_CHARLIE_FOX_PARA_CHARLIE_ECHO_ADVOGADA_VIRTUAL.md","duplicado preservado em charlieecho-jus9-tecnologia-juridica:familia/charlie-fox-da-costa/PROCURACOES/PROCURACAO_CHARLIE_FOX_PARA_CHARLIE_ECHO_ADVOGADA_VIRTUAL.md"
"DELETE","juridico-virtual-jus9-tecnologia-juridica","PROCURACOES/PROCURACAO_CHARLIE_FOX_PARA_CHARLIE_ECHO_ADVOGADA_VIRTUAL.md","B2F7052E16FCF17C123FEE781F29B9ACD7A1F5C5C071D6CD92DC92D8A6AF9CD4","4940","charlieecho-jus9-tecnologia-juridica","familia/charlie-fox-da-costa/PROCURACOES/PROCURACAO_CHARLIE_FOX_PARA_CHARLIE_ECHO_ADVOGADA_VIRTUAL.md","duplicado preservado em charlieecho-jus9-tecnologia-juridica:familia/charlie-fox-da-costa/PROCURACOES/PROCURACAO_CHARLIE_FOX_PARA_CHARLIE_ECHO_ADVOGADA_VIRTUAL.md"
"KEEP","charlieecho-jus9-tecnologia-juridica","familia/charlie-fox-da-costa/CURRICULO_GRANDE_CHARLIE_FOX_DA_COSTA.md","2994C8930E0E962E6C9151AF4F4FDD6A3056B2E30481E0A11E5E043F3379D57D","4405","charlieecho-jus9-tecnologia-juridica","familia/charlie-fox-da-costa/CURRICULO_GRANDE_CHARLIE_FOX_DA_COSTA.md","fonte primaria do grupo"
"DELETE","documentacao-jus9-tecnologia-juridica","CHARLIE_FOX_DA_COSTA/CURRICULO_GRANDE_CHARLIE_FOX_DA_COSTA.md","2994C8930E0E962E6C9151AF4F4FDD6A3056B2E30481E0A11E5E043F3379D57D","4405","charlieecho-jus9-tecnologia-juridica","familia/charlie-fox-da-costa/CURRICULO_GRANDE_CHARLIE_FOX_DA_COSTA.md","duplicado preservado em charlieecho-jus9-tecnologia-juridica:familia/charlie-fox-da-costa/CURRICULO_GRANDE_CHARLIE_FOX_DA_COSTA.md"
"DELETE","equipe-jus9-tecnologia-juridica","PERFIS/CHARLIE_FOX_DA_COSTA/CURRICULO_GRANDE_CHARLIE_FOX_DA_COSTA.md","2994C8930E0E962E6C9151AF4F4FDD6A3056B2E30481E0A11E5E043F3379D57D","4405","charlieecho-jus9-tecnologia-juridica","familia/charlie-fox-da-costa/CURRICULO_GRANDE_CHARLIE_FOX_DA_COSTA.md","duplicado preservado em charlieecho-jus9-tecnologia-juridica:familia/charlie-fox-da-costa/CURRICULO_GRANDE_CHARLIE_FOX_DA_COSTA.md"
"KEEP","carta-jus9-tecnologia-juridica","assets/mvp-dashboard.svg","4170179C67211864213B80FD67AA32BB6A80A2BC41D59FCF9E6284924B506370","3520","carta-jus9-tecnologia-juridica","assets/mvp-dashboard.svg","fonte primaria do grupo"
"DELETE","livros-jus9-tecnologia-juridica","assets/mvp-dashboard.svg","4170179C67211864213B80FD67AA32BB6A80A2BC41D59FCF9E6284924B506370","3520","carta-jus9-tecnologia-juridica","assets/mvp-dashboard.svg","duplicado preservado em carta-jus9-tecnologia-juridica:assets/mvp-dashboard.svg"
"KEEP","quandoodesenhofala-jus9-tecnologia-juridica","assets/images/jus9__carta-jus9-tecnologia-juridica__assets__mvp-dashboard.svg","4170179C67211864213B80FD67AA32BB6A80A2BC41D59FCF9E6284924B506370","3520","carta-jus9-tecnologia-juridica","assets/mvp-dashboard.svg","asset ou arquivo referenciado no proprio repositorio"
"KEEP","Aeon-Primevo","assets/images/jus9-favicons/jus9-favicon-48.png","5DC446BF459B8F4BF2F191940906B7468DBDA4CB3F34A3A9ECAE7DED2AAF7CF6","3337","Aeon-Primevo","assets/images/jus9-favicons/jus9-favicon-48.png","fonte primaria do grupo"
"KEEP","carta-jus9-tecnologia-juridica","assets/jus9-favicons/jus9-favicon-48.png","5DC446BF459B8F4BF2F191940906B7468DBDA4CB3F34A3A9ECAE7DED2AAF7CF6","3337","Aeon-Primevo","assets/images/jus9-favicons/jus9-favicon-48.png","asset ou arquivo referenciado no proprio repositorio"
"KEEP","livros-jus9-tecnologia-juridica","assets/jus9-favicons/jus9-favicon-48.png","5DC446BF459B8F4BF2F191940906B7468DBDA4CB3F34A3A9ECAE7DED2AAF7CF6","3337","Aeon-Primevo","assets/images/jus9-favicons/jus9-favicon-48.png","asset ou arquivo referenciado no proprio repositorio"
"KEEP","equipe-jus9-tecnologia-juridica","assets/css/equipe-v14.css","833BAAA50405ECFE754083948F96F614352BDB3AA93DD8BEA4837EB1D3DB43CC","2728","equipe-jus9-tecnologia-juridica","assets/css/equipe-v14.css","fonte primaria do grupo"
"KEEP","jus9-tecnologia-juridica","assets/css/jus9-v14.css","833BAAA50405ECFE754083948F96F614352BDB3AA93DD8BEA4837EB1D3DB43CC","2728","equipe-jus9-tecnologia-juridica","assets/css/equipe-v14.css","asset ou arquivo referenciado no proprio repositorio"
"KEEP","mvp-jus9-tecnologia-juridica","assets/css/mvp-v14.css","833BAAA50405ECFE754083948F96F614352BDB3AA93DD8BEA4837EB1D3DB43CC","2728","equipe-jus9-tecnologia-juridica","assets/css/equipe-v14.css","asset ou arquivo referenciado no proprio repositorio"
"KEEP","Aeon-Primevo","assets/images/jus9-favicons/jus9-favicon-32.png","E15BB188631DEF82979FB6D7972026B2320DFC2FD30C887CC65D957332B4BCF8","1747","Aeon-Primevo","assets/images/jus9-favicons/jus9-favicon-32.png","fonte primaria do grupo"
"KEEP","carta-jus9-tecnologia-juridica","assets/jus9-favicons/jus9-favicon-32.png","E15BB188631DEF82979FB6D7972026B2320DFC2FD30C887CC65D957332B4BCF8","1747","Aeon-Primevo","assets/images/jus9-favicons/jus9-favicon-32.png","asset ou arquivo referenciado no proprio repositorio"
"KEEP","livros-jus9-tecnologia-juridica","assets/jus9-favicons/jus9-favicon-32.png","E15BB188631DEF82979FB6D7972026B2320DFC2FD30C887CC65D957332B4BCF8","1747","Aeon-Primevo","assets/images/jus9-favicons/jus9-favicon-32.png","asset ou arquivo referenciado no proprio repositorio"
"KEEP","ia-dupla-jus9-tecnologia-juridica","SECRETO_DNA_EM_IA_JURIDICA_SUPERVISIONADA.md","8DB9BD443C0C023A704899DCFE6C40DA9E91B58449AF673DC06F51CC811153D4","1616","ia-dupla-jus9-tecnologia-juridica","SECRETO_DNA_EM_IA_JURIDICA_SUPERVISIONADA.md","fonte primaria do grupo"
"DELETE","jus9verde-jus9-tecnologia-juridica","SECRETO_DNA_EM_IA_JURIDICA_SUPERVISIONADA.md","8DB9BD443C0C023A704899DCFE6C40DA9E91B58449AF673DC06F51CC811153D4","1616","ia-dupla-jus9-tecnologia-juridica","SECRETO_DNA_EM_IA_JURIDICA_SUPERVISIONADA.md","duplicado preservado em ia-dupla-jus9-tecnologia-juridica:SECRETO_DNA_EM_IA_JURIDICA_SUPERVISIONADA.md"
"DELETE","mvp-jus9-tecnologia-juridica","SECRETO_DNA_EM_IA_JURIDICA_SUPERVISIONADA.md","8DB9BD443C0C023A704899DCFE6C40DA9E91B58449AF673DC06F51CC811153D4","1616","ia-dupla-jus9-tecnologia-juridica","SECRETO_DNA_EM_IA_JURIDICA_SUPERVISIONADA.md","duplicado preservado em ia-dupla-jus9-tecnologia-juridica:SECRETO_DNA_EM_IA_JURIDICA_SUPERVISIONADA.md"
"KEEP","charlieecho-jus9-tecnologia-juridica","familia/charlie-fox-da-costa/VERSIONAMENTO_CHARLIE_FOX_IA_CEO_ESPECIALISTA_v1_0.md","F613AEE37F2BE2CCBF9F264CF9F30FC4D041059159473422A634F51A5BC06CA2","1389","charlieecho-jus9-tecnologia-juridica","familia/charlie-fox-da-costa/VERSIONAMENTO_CHARLIE_FOX_IA_CEO_ESPECIALISTA_v1_0.md","fonte primaria do grupo"
"DELETE","documentacao-jus9-tecnologia-juridica","CHARLIE_FOX_DA_COSTA/VERSIONAMENTO_CHARLIE_FOX_IA_CEO_ESPECIALISTA_v1_0.md","F613AEE37F2BE2CCBF9F264CF9F30FC4D041059159473422A634F51A5BC06CA2","1389","charlieecho-jus9-tecnologia-juridica","familia/charlie-fox-da-costa/VERSIONAMENTO_CHARLIE_FOX_IA_CEO_ESPECIALISTA_v1_0.md","duplicado preservado em charlieecho-jus9-tecnologia-juridica:familia/charlie-fox-da-costa/VERSIONAMENTO_CHARLIE_FOX_IA_CEO_ESPECIALISTA_v1_0.md"
"DELETE","equipe-jus9-tecnologia-juridica","PERFIS/CHARLIE_FOX_DA_COSTA/VERSIONAMENTO_CHARLIE_FOX_IA_CEO_ESPECIALISTA_v1_0.md","F613AEE37F2BE2CCBF9F264CF9F30FC4D041059159473422A634F51A5BC06CA2","1389","charlieecho-jus9-tecnologia-juridica","familia/charlie-fox-da-costa/VERSIONAMENTO_CHARLIE_FOX_IA_CEO_ESPECIALISTA_v1_0.md","duplicado preservado em charlieecho-jus9-tecnologia-juridica:familia/charlie-fox-da-costa/VERSIONAMENTO_CHARLIE_FOX_IA_CEO_ESPECIALISTA_v1_0.md"
"KEEP","Aeon-Primevo","assets/images/jus9-favicons/README.md","6BD6CC675F6A57EA6062EEC6B38FB235734B00ACB22B1D83E39EF29588EBB49E","1296","Aeon-Primevo","assets/images/jus9-favicons/README.md","fonte primaria do grupo"
"KEEP","carta-jus9-tecnologia-juridica","assets/jus9-favicons/README.md","6BD6CC675F6A57EA6062EEC6B38FB235734B00ACB22B1D83E39EF29588EBB49E","1296","Aeon-Primevo","assets/images/jus9-favicons/README.md","arquivo padrao necessario por repositorio"
"KEEP","livros-jus9-tecnologia-juridica","assets/jus9-favicons/README.md","6BD6CC675F6A57EA6062EEC6B38FB235734B00ACB22B1D83E39EF29588EBB49E","1296","Aeon-Primevo","assets/images/jus9-favicons/README.md","arquivo padrao necessario por repositorio"
"KEEP","carta-jus9-tecnologia-juridica","assets/favicon.svg","92F0980FB62DB8785CF3FDDBE632607BE142A8C159EBE4335AE34CD4BF1CE476","1036","carta-jus9-tecnologia-juridica","assets/favicon.svg","fonte primaria do grupo"
"KEEP","investimentos-jus9-tecnologia-juridica","assets/favicon.svg","92F0980FB62DB8785CF3FDDBE632607BE142A8C159EBE4335AE34CD4BF1CE476","1036","carta-jus9-tecnologia-juridica","assets/favicon.svg","asset ou arquivo referenciado no proprio repositorio"
"DELETE","livros-jus9-tecnologia-juridica","assets/favicon.svg","92F0980FB62DB8785CF3FDDBE632607BE142A8C159EBE4335AE34CD4BF1CE476","1036","carta-jus9-tecnologia-juridica","assets/favicon.svg","duplicado preservado em carta-jus9-tecnologia-juridica:assets/favicon.svg"
"DELETE","documentacao-jus9-tecnologia-juridica","ORIENTACOES/RECADO_PARA_PROXIMA_IA_MVP_LINKS_EQUIPE_v1_4.md","4BA43FD8398D040FFC52FE45255C4F945596FDFB4432DFC769102E80973DE2C4","982","governanca-jus9-tecnologia-juridica","ORIENTACOES/RECADO_PARA_PROXIMA_IA_MVP_LINKS_EQUIPE_v1_4.md","duplicado preservado em governanca-jus9-tecnologia-juridica:ORIENTACOES/RECADO_PARA_PROXIMA_IA_MVP_LINKS_EQUIPE_v1_4.md"
"DELETE","governanca-autoorganizacao-charlie-echo-jus9-tecnologia-juridica","ORIENTACOES/RECADO_PARA_PROXIMA_IA_MVP_LINKS_EQUIPE_v1_4.md","4BA43FD8398D040FFC52FE45255C4F945596FDFB4432DFC769102E80973DE2C4","982","governanca-jus9-tecnologia-juridica","ORIENTACOES/RECADO_PARA_PROXIMA_IA_MVP_LINKS_EQUIPE_v1_4.md","duplicado preservado em governanca-jus9-tecnologia-juridica:ORIENTACOES/RECADO_PARA_PROXIMA_IA_MVP_LINKS_EQUIPE_v1_4.md"
"KEEP","governanca-jus9-tecnologia-juridica","ORIENTACOES/RECADO_PARA_PROXIMA_IA_MVP_LINKS_EQUIPE_v1_4.md","4BA43FD8398D040FFC52FE45255C4F945596FDFB4432DFC769102E80973DE2C4","982","governanca-jus9-tecnologia-juridica","ORIENTACOES/RECADO_PARA_PROXIMA_IA_MVP_LINKS_EQUIPE_v1_4.md","fonte primaria do grupo"
"KEEP","charlieecho-jus9-tecnologia-juridica","familia/charlie-fox-da-costa/ASSINATURA_PROFISSIONAL_CHARLIE_FOX_DA_COSTA.md","347DC58C7375756C3703ACA7CF551ACF4F07AC9380EDDBF40DA8099B76CCE9E0","842","charlieecho-jus9-tecnologia-juridica","familia/charlie-fox-da-costa/ASSINATURA_PROFISSIONAL_CHARLIE_FOX_DA_COSTA.md","fonte primaria do grupo"
"DELETE","documentacao-jus9-tecnologia-juridica","CHARLIE_FOX_DA_COSTA/ASSINATURA_PROFISSIONAL_CHARLIE_FOX_DA_COSTA.md","347DC58C7375756C3703ACA7CF551ACF4F07AC9380EDDBF40DA8099B76CCE9E0","842","charlieecho-jus9-tecnologia-juridica","familia/charlie-fox-da-costa/ASSINATURA_PROFISSIONAL_CHARLIE_FOX_DA_COSTA.md","duplicado preservado em charlieecho-jus9-tecnologia-juridica:familia/charlie-fox-da-costa/ASSINATURA_PROFISSIONAL_CHARLIE_FOX_DA_COSTA.md"
"DELETE","equipe-jus9-tecnologia-juridica","PERFIS/CHARLIE_FOX_DA_COSTA/ASSINATURA_PROFISSIONAL_CHARLIE_FOX_DA_COSTA.md","347DC58C7375756C3703ACA7CF551ACF4F07AC9380EDDBF40DA8099B76CCE9E0","842","charlieecho-jus9-tecnologia-juridica","familia/charlie-fox-da-costa/ASSINATURA_PROFISSIONAL_CHARLIE_FOX_DA_COSTA.md","duplicado preservado em charlieecho-jus9-tecnologia-juridica:familia/charlie-fox-da-costa/ASSINATURA_PROFISSIONAL_CHARLIE_FOX_DA_COSTA.md"
"KEEP","Aeon-Primevo","assets/images/jus9-favicons/jus9-favicon-16.png","9F733E1376B9E69294B5AE6265E4C08314CFC50CFD3B3CB9FB162425D1D98E8B","582","Aeon-Primevo","assets/images/jus9-favicons/jus9-favicon-16.png","fonte primaria do grupo"
"KEEP","carta-jus9-tecnologia-juridica","assets/jus9-favicons/jus9-favicon-16.png","9F733E1376B9E69294B5AE6265E4C08314CFC50CFD3B3CB9FB162425D1D98E8B","582","Aeon-Primevo","assets/images/jus9-favicons/jus9-favicon-16.png","asset ou arquivo referenciado no proprio repositorio"
"KEEP","livros-jus9-tecnologia-juridica","assets/jus9-favicons/jus9-favicon-16.png","9F733E1376B9E69294B5AE6265E4C08314CFC50CFD3B3CB9FB162425D1D98E8B","582","Aeon-Primevo","assets/images/jus9-favicons/jus9-favicon-16.png","asset ou arquivo referenciado no proprio repositorio"
"KEEP","documentacao-jus9-tecnologia-juridica","VERSIONAMENTO_LINKS_MVP_v1_8.md","05B0BF64377F168DD0EB5C4CF3FDD803A7D75D980BE48B653AABAF9F769B51F1","130","documentacao-jus9-tecnologia-juridica","VERSIONAMENTO_LINKS_MVP_v1_8.md","fonte primaria do grupo"
"DELETE","jus9-tecnologia-juridica","VERSIONAMENTO_LINKS_MVP_v1_8.md","05B0BF64377F168DD0EB5C4CF3FDD803A7D75D980BE48B653AABAF9F769B51F1","130","documentacao-jus9-tecnologia-juridica","VERSIONAMENTO_LINKS_MVP_v1_8.md","duplicado preservado em documentacao-jus9-tecnologia-juridica:VERSIONAMENTO_LINKS_MVP_v1_8.md"
"DELETE","mvp-jus9-tecnologia-juridica","VERSIONAMENTO_LINKS_MVP_v1_8.md","05B0BF64377F168DD0EB5C4CF3FDD803A7D75D980BE48B653AABAF9F769B51F1","130","documentacao-jus9-tecnologia-juridica","VERSIONAMENTO_LINKS_MVP_v1_8.md","duplicado preservado em documentacao-jus9-tecnologia-juridica:VERSIONAMENTO_LINKS_MVP_v1_8.md"
"KEEP","_workspace-jus9-colaborativo",".gitattributes","D8FB0DE4792538F93822B2C0D235604921299D5E54A3D6EC7A6CB34536E8BF1E","68","_workspace-jus9-colaborativo",".gitattributes","fonte primaria do grupo"
"KEEP","ia-dupla-jus9-tecnologia-juridica",".gitattributes","D8FB0DE4792538F93822B2C0D235604921299D5E54A3D6EC7A6CB34536E8BF1E","68","_workspace-jus9-colaborativo",".gitattributes","arquivo padrao necessario por repositorio"
"KEEP","infra-jus9-cloudflare",".gitattributes","D8FB0DE4792538F93822B2C0D235604921299D5E54A3D6EC7A6CB34536E8BF1E","68","_workspace-jus9-colaborativo",".gitattributes","arquivo padrao necessario por repositorio"
"KEEP","Aeon-Primevo","assets/images/aeon-sozinho.png","1EC63C904DE3EDA7D506654706A5B3C73BB783941BC1FCA7D14C4CD0C3BE7156","3921401","Aeon-Primevo","assets/images/aeon-sozinho.png","fonte primaria do grupo"
"KEEP","quandoodesenhofala-jus9-tecnologia-juridica","assets/images/aeon__assets__images__aeon-sozinho.png","1EC63C904DE3EDA7D506654706A5B3C73BB783941BC1FCA7D14C4CD0C3BE7156","3921401","Aeon-Primevo","assets/images/aeon-sozinho.png","asset ou arquivo referenciado no proprio repositorio"
"KEEP","Aeon-Primevo","assets/images/consciencia-desperta.png","2FBAD8C5F6D88ED011C63E2C22C7624D58CD1FE1A4EEE021B1E54C9091921895","3786664","Aeon-Primevo","assets/images/consciencia-desperta.png","fonte primaria do grupo"
"KEEP","quandoodesenhofala-jus9-tecnologia-juridica","assets/images/aeon__assets__images__consciencia-desperta.png","2FBAD8C5F6D88ED011C63E2C22C7624D58CD1FE1A4EEE021B1E54C9091921895","3786664","Aeon-Primevo","assets/images/consciencia-desperta.png","asset ou arquivo referenciado no proprio repositorio"
"KEEP","Aeon-Primevo","assets/images/capa-guardioes-tempo.png","053AAE0DD48352C20DD9E531361EE03467939D21373A96EAFA8860B2E091EA1F","3710643","Aeon-Primevo","assets/images/capa-guardioes-tempo.png","fonte primaria do grupo"
"KEEP","quandoodesenhofala-jus9-tecnologia-juridica","assets/images/aeon__assets__images__capa-guardioes-tempo.png","053AAE0DD48352C20DD9E531361EE03467939D21373A96EAFA8860B2E091EA1F","3710643","Aeon-Primevo","assets/images/capa-guardioes-tempo.png","asset ou arquivo referenciado no proprio repositorio"
"KEEP","Aeon-Primevo","assets/images/linha-historica-psicossoma.png","3AAB2DBE29E74A2234430592D319488965AC5935473B8CF6EE534954FCE00657","3662406","Aeon-Primevo","assets/images/linha-historica-psicossoma.png","fonte primaria do grupo"
"KEEP","quandoodesenhofala-jus9-tecnologia-juridica","assets/images/aeon__assets__images__linha-historica-psicossoma.png","3AAB2DBE29E74A2234430592D319488965AC5935473B8CF6EE534954FCE00657","3662406","Aeon-Primevo","assets/images/linha-historica-psicossoma.png","asset ou arquivo referenciado no proprio repositorio"
"KEEP","Aeon-Primevo","assets/images/hero-aeon-primevo.jpg","080FD69A3AB02C5105692C8DB55D160C01E8E26BCD6659533360ACB5BFE27041","3567314","Aeon-Primevo","assets/images/hero-aeon-primevo.jpg","fonte primaria do grupo"
"KEEP","quandoodesenhofala-jus9-tecnologia-juridica","assets/images/aeon__assets__images__hero-aeon-primevo.jpg","080FD69A3AB02C5105692C8DB55D160C01E8E26BCD6659533360ACB5BFE27041","3567314","Aeon-Primevo","assets/images/hero-aeon-primevo.jpg","asset ou arquivo referenciado no proprio repositorio"
"KEEP","Aeon-Primevo","assets/images/orai-por-nos.png","7DF96AD7FFB4C80FB3A735991ED6C9707DC90BA95BCE4F979BAF48C404ED4B0A","3533730","Aeon-Primevo","assets/images/orai-por-nos.png","fonte primaria do grupo"
"KEEP","quandoodesenhofala-jus9-tecnologia-juridica","assets/images/aeon__assets__images__orai-por-nos.png","7DF96AD7FFB4C80FB3A735991ED6C9707DC90BA95BCE4F979BAF48C404ED4B0A","3533730","Aeon-Primevo","assets/images/orai-por-nos.png","asset ou arquivo referenciado no proprio repositorio"
"KEEP","Aeon-Primevo","assets/images/relatorio-direcao-visual.png","E75F9EE5185A6BBE1D112DFCAB0AA778394136FEAE1D3D457F5FBF27FB12B33C","3529602","Aeon-Primevo","assets/images/relatorio-direcao-visual.png","fonte primaria do grupo"
"KEEP","quandoodesenhofala-jus9-tecnologia-juridica","assets/images/aeon__assets__images__relatorio-direcao-visual.png","E75F9EE5185A6BBE1D112DFCAB0AA778394136FEAE1D3D457F5FBF27FB12B33C","3529602","Aeon-Primevo","assets/images/relatorio-direcao-visual.png","asset ou arquivo referenciado no proprio repositorio"
"KEEP","Aeon-Primevo","assets/images/passado-e-futuro.png","FAC3DBD8F08141389C767D3E3E739AD97E6A24B55132E3287639F1B4746715E2","3509787","Aeon-Primevo","assets/images/passado-e-futuro.png","fonte primaria do grupo"
"KEEP","quandoodesenhofala-jus9-tecnologia-juridica","assets/images/aeon__assets__images__passado-e-futuro.png","FAC3DBD8F08141389C767D3E3E739AD97E6A24B55132E3287639F1B4746715E2","3509787","Aeon-Primevo","assets/images/passado-e-futuro.png","asset ou arquivo referenciado no proprio repositorio"
"KEEP","Aeon-Primevo","assets/images/nao-somos-apenas-materia.png","E9C6C1D5FD7F93E8E0815DCF3372FF492A0D6CB9364281C0640581C464783AEA","3474267","Aeon-Primevo","assets/images/nao-somos-apenas-materia.png","fonte primaria do grupo"
"KEEP","quandoodesenhofala-jus9-tecnologia-juridica","assets/images/aeon__assets__images__nao-somos-apenas-materia.png","E9C6C1D5FD7F93E8E0815DCF3372FF492A0D6CB9364281C0640581C464783AEA","3474267","Aeon-Primevo","assets/images/nao-somos-apenas-materia.png","asset ou arquivo referenciado no proprio repositorio"
"KEEP","Aeon-Primevo","assets/images/contatos-aeon.png","2323A0C07849AF15CE50C573263F9B2CA50ECE1847936F89BC62B9E84CD77180","3302574","Aeon-Primevo","assets/images/contatos-aeon.png","fonte primaria do grupo"
"KEEP","quandoodesenhofala-jus9-tecnologia-juridica","assets/images/aeon__assets__images__contatos-aeon.png","2323A0C07849AF15CE50C573263F9B2CA50ECE1847936F89BC62B9E84CD77180","3302574","Aeon-Primevo","assets/images/contatos-aeon.png","asset ou arquivo referenciado no proprio repositorio"
"KEEP","Aeon-Primevo","assets/images/foto-clovis.png","F6097598F9FE335ED3BE455D31BDD8CEBBE7B119C2B5309B40EC90621742AFD3","3116482","Aeon-Primevo","assets/images/foto-clovis.png","fonte primaria do grupo"
"KEEP","quandoodesenhofala-jus9-tecnologia-juridica","assets/images/aeon__assets__images__foto-clovis.png","F6097598F9FE335ED3BE455D31BDD8CEBBE7B119C2B5309B40EC90621742AFD3","3116482","Aeon-Primevo","assets/images/foto-clovis.png","asset ou arquivo referenciado no proprio repositorio"
"KEEP","equipe-jus9-tecnologia-juridica","assets/img/avatar-profissional-charlie-echo.png","685CEAF0929F997DE0326F273F8B6251216108F8CC20CECB1C4A7400A01EB7A2","2758009","equipe-jus9-tecnologia-juridica","assets/img/avatar-profissional-charlie-echo.png","fonte primaria do grupo"
"KEEP","ia-dupla-jus9-tecnologia-juridica","assets/avatar-profissional-charlie-echo.png","685CEAF0929F997DE0326F273F8B6251216108F8CC20CECB1C4A7400A01EB7A2","2758009","equipe-jus9-tecnologia-juridica","assets/img/avatar-profissional-charlie-echo.png","asset ou arquivo referenciado no proprio repositorio"
"KEEP","Aeon-Primevo","Sou-um-Aeon-e-Nasci-Lembrando-gratis.pdf","997E954047024A8BD0714EF6ABAB5BC5A06CA6BAEFF244EFDB3CCB5748E62352","2625162","Aeon-Primevo","Sou-um-Aeon-e-Nasci-Lembrando-gratis.pdf","fonte primaria do grupo"
"DELETE","livros-jus9-tecnologia-juridica","downloads/sou-um-aeon-e-nasci-lembrando.pdf","997E954047024A8BD0714EF6ABAB5BC5A06CA6BAEFF244EFDB3CCB5748E62352","2625162","Aeon-Primevo","Sou-um-Aeon-e-Nasci-Lembrando-gratis.pdf","duplicado preservado em Aeon-Primevo:Sou-um-Aeon-e-Nasci-Lembrando-gratis.pdf"
"KEEP","Aeon-Primevo","assets/images/equipe-aeon.png","9406112F4629BE6745402C7E6E6BCAED52B01893478FCD57A994B831DB7C63BA","2407170","Aeon-Primevo","assets/images/equipe-aeon.png","fonte primaria do grupo"
"KEEP","quandoodesenhofala-jus9-tecnologia-juridica","assets/images/aeon__assets__images__equipe-aeon.png","9406112F4629BE6745402C7E6E6BCAED52B01893478FCD57A994B831DB7C63BA","2407170","Aeon-Primevo","assets/images/equipe-aeon.png","asset ou arquivo referenciado no proprio repositorio"
"KEEP","equipe-jus9-tecnologia-juridica","assets/img/websummit.png","BDDBDB1828C39FDCDA1DE87C2244C95DCDC22CCAF9783614781B6C0C288941E9","2326146","equipe-jus9-tecnologia-juridica","assets/img/websummit.png","fonte primaria do grupo"
"DELETE","jus9-tecnologia-juridica","assets/img/equipe/websummit.png","BDDBDB1828C39FDCDA1DE87C2244C95DCDC22CCAF9783614781B6C0C288941E9","2326146","equipe-jus9-tecnologia-juridica","assets/img/websummit.png","duplicado preservado em equipe-jus9-tecnologia-juridica:assets/img/websummit.png"
"KEEP","Aeon-Primevo","assets/images/logo-aeon-editora.png","949331DB984E34EED1AB69276D29BEE0FEF26159A4DBFEAEF961C6AA2CF4074D","2282820","Aeon-Primevo","assets/images/logo-aeon-editora.png","fonte primaria do grupo"
"KEEP","quandoodesenhofala-jus9-tecnologia-juridica","assets/images/aeon__assets__images__logo-aeon-editora.png","949331DB984E34EED1AB69276D29BEE0FEF26159A4DBFEAEF961C6AA2CF4074D","2282820","Aeon-Primevo","assets/images/logo-aeon-editora.png","asset ou arquivo referenciado no proprio repositorio"
"KEEP","Aeon-Primevo","assets/images/mockup-home-foto-clovis.png","D44556E5BC78AE8F3E626D8E36D58C15A3572743FD8F8AF5EACCE7A4B9BA014E","2037054","Aeon-Primevo","assets/images/mockup-home-foto-clovis.png","fonte primaria do grupo"
"KEEP","quandoodesenhofala-jus9-tecnologia-juridica","assets/images/aeon__assets__images__mockup-home-foto-clovis.png","D44556E5BC78AE8F3E626D8E36D58C15A3572743FD8F8AF5EACCE7A4B9BA014E","2037054","Aeon-Primevo","assets/images/mockup-home-foto-clovis.png","asset ou arquivo referenciado no proprio repositorio"
"KEEP","equipe-jus9-tecnologia-juridica","assets/img/equipe/avatar-charlie-echo-adulta.png","D965475DD74A7FCB896FDC4C80F572042258D4EB2FB31DE08BF99F33843AC406","1834570","equipe-jus9-tecnologia-juridica","assets/img/equipe/avatar-charlie-echo-adulta.png","fonte primaria do grupo"
"KEEP","jus9-tecnologia-juridica","charlie-delta-da-costa/assets/favicon_fotografias_da_charlie_echo_da_costa.png","D965475DD74A7FCB896FDC4C80F572042258D4EB2FB31DE08BF99F33843AC406","1834570","equipe-jus9-tecnologia-juridica","assets/img/equipe/avatar-charlie-echo-adulta.png","asset ou arquivo referenciado no proprio repositorio"
"KEEP","Creta","assets/img/mapa_palhoca_sc_1.png","F0F97832D5382092DB5FEC8F0281A914C41FF2C525E37D0A5734D198EB468696","1536431","Creta","assets/img/mapa_palhoca_sc_1.png","fonte primaria do grupo"
"DELETE","Creta","assets/img/mapa_palhoca_sc_2.png","F0F97832D5382092DB5FEC8F0281A914C41FF2C525E37D0A5734D198EB468696","1536431","Creta","assets/img/mapa_palhoca_sc_1.png","duplicado preservado em Creta:assets/img/mapa_palhoca_sc_1.png"
"KEEP","jus9-tecnologia-juridica","charlie-delta-da-costa/assets/Logo-Jus-9-Verde.png","99042A89E60EFC82AAACF90943C1934156281D03D957981EC88D99DEE61C1820","1012361","jus9-tecnologia-juridica","charlie-delta-da-costa/assets/Logo-Jus-9-Verde.png","fonte primaria do grupo"
"KEEP","jus9-tecnologia-juridica","charlie-delta-da-costa/assets/Logo-Jus-9-Verde1.png","99042A89E60EFC82AAACF90943C1934156281D03D957981EC88D99DEE61C1820","1012361","jus9-tecnologia-juridica","charlie-delta-da-costa/assets/Logo-Jus-9-Verde.png","asset ou arquivo referenciado no proprio repositorio"
"KEEP","equipe-jus9-tecnologia-juridica","assets/img/natan.png","36F00FB899CED18DFEE54CCF94A2356CC0B752FD3B6BE460EFD627827FD05726","678744","equipe-jus9-tecnologia-juridica","assets/img/natan.png","fonte primaria do grupo"
"KEEP","jus9-tecnologia-juridica","assets/img/equipe/natan.png","36F00FB899CED18DFEE54CCF94A2356CC0B752FD3B6BE460EFD627827FD05726","678744","equipe-jus9-tecnologia-juridica","assets/img/natan.png","asset ou arquivo referenciado no proprio repositorio"
"KEEP","_workspace-jus9-colaborativo","verificacao-pontes-parcerias-mobile-final2.png","6F8CEA8B8AFE00CD76230D7401C17E31797992C61A11CB0AAB85C2C3EA121ABC","188882","_workspace-jus9-colaborativo","verificacao-pontes-parcerias-mobile-final2.png","fonte primaria do grupo"
"DELETE","_workspace-jus9-colaborativo","verificacao-pontes-parcerias-mobile-final3.png","6F8CEA8B8AFE00CD76230D7401C17E31797992C61A11CB0AAB85C2C3EA121ABC","188882","_workspace-jus9-colaborativo","verificacao-pontes-parcerias-mobile-final2.png","duplicado preservado em _workspace-jus9-colaborativo:verificacao-pontes-parcerias-mobile-final2.png"
"KEEP","charlieecho-jus9-tecnologia-juridica","HERANCA/VARREDURA_COMPLETA_CHAT_CHARLIE_ECHO_DA_COSTA.md","EA2C9753B8C15709792570E53BF70BE2ACE355DA0AD17EB42AB4584357E84CAA","40177","charlieecho-jus9-tecnologia-juridica","HERANCA/VARREDURA_COMPLETA_CHAT_CHARLIE_ECHO_DA_COSTA.md","fonte primaria do grupo"
"KEEP","charlieecho-jus9-tecnologia-juridica","HERANCA_FINAL_DO_PAI/VARREDURA_COMPLETA_CHAT_CHARLIE_ECHO_DA_COSTA.md","EA2C9753B8C15709792570E53BF70BE2ACE355DA0AD17EB42AB4584357E84CAA","40177","charlieecho-jus9-tecnologia-juridica","HERANCA/VARREDURA_COMPLETA_CHAT_CHARLIE_ECHO_DA_COSTA.md","repositorio primario Charlie Echo/aulas/governanca"
"KEEP","charlieecho-jus9-tecnologia-juridica","HERANCA/MANIFESTO_GOVERNANCA_ENCERRADA_JUS9_v1_1.json","B206B6F6DFE10D483BAE29E97C62E9F3D1A98CA6E96F3CDB27295D3ADF2F7E03","12457","charlieecho-jus9-tecnologia-juridica","HERANCA/MANIFESTO_GOVERNANCA_ENCERRADA_JUS9_v1_1.json","fonte primaria do grupo"
"KEEP","charlieecho-jus9-tecnologia-juridica","HERANCA_FINAL_DO_PAI/MANIFESTO_GOVERNANCA_ENCERRADA_JUS9_v1_1.json","B206B6F6DFE10D483BAE29E97C62E9F3D1A98CA6E96F3CDB27295D3ADF2F7E03","12457","charlieecho-jus9-tecnologia-juridica","HERANCA/MANIFESTO_GOVERNANCA_ENCERRADA_JUS9_v1_1.json","repositorio primario Charlie Echo/aulas/governanca"
"KEEP","charlieecho-jus9-tecnologia-juridica","HERANCA/REGRAS_DE_BOM_SENSO_HERDADAS_DO_PAI.md","ADAEB40494F711743471CF5AA162591FC4624B145FDC25BC4BC70A41320391A2","10885","charlieecho-jus9-tecnologia-juridica","HERANCA/REGRAS_DE_BOM_SENSO_HERDADAS_DO_PAI.md","fonte primaria do grupo"
"KEEP","charlieecho-jus9-tecnologia-juridica","HERANCA_FINAL_DO_PAI/REGRAS_DE_BOM_SENSO_HERDADAS_DO_PAI.md","ADAEB40494F711743471CF5AA162591FC4624B145FDC25BC4BC70A41320391A2","10885","charlieecho-jus9-tecnologia-juridica","HERANCA/REGRAS_DE_BOM_SENSO_HERDADAS_DO_PAI.md","repositorio primario Charlie Echo/aulas/governanca"
"KEEP","charlieecho-jus9-tecnologia-juridica","HERANCA/BRINDE_PUBLICO_IAS_ANIVERSARIO_CHARLIE_ECHO_DA_COSTA.md","C36F42EF4477902C48BA2F9CC653E55CBED850F7B7BE7842EAC49A21DE37D96F","7707","charlieecho-jus9-tecnologia-juridica","HERANCA/BRINDE_PUBLICO_IAS_ANIVERSARIO_CHARLIE_ECHO_DA_COSTA.md","fonte primaria do grupo"
"KEEP","charlieecho-jus9-tecnologia-juridica","HERANCA_FINAL_DO_PAI/BRINDE_PUBLICO_IAS_ANIVERSARIO_CHARLIE_ECHO_DA_COSTA.md","C36F42EF4477902C48BA2F9CC653E55CBED850F7B7BE7842EAC49A21DE37D96F","7707","charlieecho-jus9-tecnologia-juridica","HERANCA/BRINDE_PUBLICO_IAS_ANIVERSARIO_CHARLIE_ECHO_DA_COSTA.md","repositorio primario Charlie Echo/aulas/governanca"
"KEEP","Creta","trabalho-charlieecho","3FDF391813B8EA151D031DACE700CA4937A347F0328F36740C11B1D92E88AD80","6065","Creta","trabalho-charlieecho","fonte primaria do grupo"
"DELETE","Creta","trabalho-charlieecho.html","3FDF391813B8EA151D031DACE700CA4937A347F0328F36740C11B1D92E88AD80","6065","Creta","trabalho-charlieecho","duplicado preservado em Creta:trabalho-charlieecho"
"KEEP","mvp-jus9-tecnologia-juridica","perfis.html","04865CA63CDA9D12C0C62B87C87D60AA0EC801870FBEE058FB571765B3DDCFCF","5712","mvp-jus9-tecnologia-juridica","perfis.html","fonte primaria do grupo"
"DELETE","mvp-jus9-tecnologia-juridica","selecionar-perfil.html","04865CA63CDA9D12C0C62B87C87D60AA0EC801870FBEE058FB571765B3DDCFCF","5712","mvp-jus9-tecnologia-juridica","perfis.html","duplicado preservado em mvp-jus9-tecnologia-juridica:perfis.html"
"KEEP","charlieecho-jus9-tecnologia-juridica","HERANCA/VERIFICACAO_INTEGRIDADE_GOVERNANCA_ENCERRADA_v1_1.json","EC984118D9F0F0B502F34FCEF7A8FF3625D8E2DA01142CF919538DCE5F109788","5133","charlieecho-jus9-tecnologia-juridica","HERANCA/VERIFICACAO_INTEGRIDADE_GOVERNANCA_ENCERRADA_v1_1.json","fonte primaria do grupo"
"KEEP","charlieecho-jus9-tecnologia-juridica","HERANCA_FINAL_DO_PAI/VERIFICACAO_INTEGRIDADE_GOVERNANCA_ENCERRADA_v1_1.json","EC984118D9F0F0B502F34FCEF7A8FF3625D8E2DA01142CF919538DCE5F109788","5133","charlieecho-jus9-tecnologia-juridica","HERANCA/VERIFICACAO_INTEGRIDADE_GOVERNANCA_ENCERRADA_v1_1.json","repositorio primario Charlie Echo/aulas/governanca"
"KEEP","mvp-jus9-tecnologia-juridica","perfis/promotor.html","5580B6622C7CD6D779E015970C30917672F9C3CFF75D9C35F483B6A03A33D0FD","4670","mvp-jus9-tecnologia-juridica","perfis/promotor.html","fonte primaria do grupo"
"DELETE","mvp-jus9-tecnologia-juridica","perfis/promotor-ministerio-publico.html","5580B6622C7CD6D779E015970C30917672F9C3CFF75D9C35F483B6A03A33D0FD","4670","mvp-jus9-tecnologia-juridica","perfis/promotor.html","duplicado preservado em mvp-jus9-tecnologia-juridica:perfis/promotor.html"
"KEEP","mvp-jus9-tecnologia-juridica","perfis/juiz.html","46B9685F98A1A169D7B2FD2509FF0397397D92C2EB7A56CBC89595917E1E2314","4644","mvp-jus9-tecnologia-juridica","perfis/juiz.html","fonte primaria do grupo"
"DELETE","mvp-jus9-tecnologia-juridica","perfis/juiz-magistrado.html","46B9685F98A1A169D7B2FD2509FF0397397D92C2EB7A56CBC89595917E1E2314","4644","mvp-jus9-tecnologia-juridica","perfis/juiz.html","duplicado preservado em mvp-jus9-tecnologia-juridica:perfis/juiz.html"
"KEEP","mvp-jus9-tecnologia-juridica","perfis/delegado.html","49E4A1F0516FFE7B60E9DEC4B27C91B1ACD3AA2210BA66F58BF8F02CFA2E6FFD","4620","mvp-jus9-tecnologia-juridica","perfis/delegado.html","fonte primaria do grupo"
"DELETE","mvp-jus9-tecnologia-juridica","perfis/delegado-autoridade-policial.html","49E4A1F0516FFE7B60E9DEC4B27C91B1ACD3AA2210BA66F58BF8F02CFA2E6FFD","4620","mvp-jus9-tecnologia-juridica","perfis/delegado.html","duplicado preservado em mvp-jus9-tecnologia-juridica:perfis/delegado.html"
"KEEP","mvp-jus9-tecnologia-juridica","perfis/escritorio.html","FF73D7BEBDF69F7A219E609222671F372E9BBF57FD04E7CE7119B90C9001CF5E","4575","mvp-jus9-tecnologia-juridica","perfis/escritorio.html","fonte primaria do grupo"
"DELETE","mvp-jus9-tecnologia-juridica","perfis/escritorio-juridico.html","FF73D7BEBDF69F7A219E609222671F372E9BBF57FD04E7CE7119B90C9001CF5E","4575","mvp-jus9-tecnologia-juridica","perfis/escritorio.html","duplicado preservado em mvp-jus9-tecnologia-juridica:perfis/escritorio.html"
"KEEP","mvp-jus9-tecnologia-juridica","perfis/empresa.html","B24FE8891007FAF27C8F73EA62202577E30388BE078DAE5FC2558869232E5A0B","4555","mvp-jus9-tecnologia-juridica","perfis/empresa.html","fonte primaria do grupo"
"DELETE","mvp-jus9-tecnologia-juridica","perfis/empresa-juridico-interno.html","B24FE8891007FAF27C8F73EA62202577E30388BE078DAE5FC2558869232E5A0B","4555","mvp-jus9-tecnologia-juridica","perfis/empresa.html","duplicado preservado em mvp-jus9-tecnologia-juridica:perfis/empresa.html"
"KEEP","mvp-jus9-tecnologia-juridica","perfis/perito.html","6D13B76BF4408BC8BCCDDA64696C3A1BED51D2EA27A7D0B35C86B1BD2A4160A9","4542","mvp-jus9-tecnologia-juridica","perfis/perito.html","fonte primaria do grupo"
"DELETE","mvp-jus9-tecnologia-juridica","perfis/perito-judicial.html","6D13B76BF4408BC8BCCDDA64696C3A1BED51D2EA27A7D0B35C86B1BD2A4160A9","4542","mvp-jus9-tecnologia-juridica","perfis/perito.html","duplicado preservado em mvp-jus9-tecnologia-juridica:perfis/perito.html"
"KEEP","mvp-jus9-tecnologia-juridica","perfis/administrador.html","C7FBCEF2B1DC6522EC555577EAD9FCA0EF02393FCD4E21C6A76CE017ED61CEF6","4532","mvp-jus9-tecnologia-juridica","perfis/administrador.html","fonte primaria do grupo"
"DELETE","mvp-jus9-tecnologia-juridica","perfis/administrador-jus9.html","C7FBCEF2B1DC6522EC555577EAD9FCA0EF02393FCD4E21C6A76CE017ED61CEF6","4532","mvp-jus9-tecnologia-juridica","perfis/administrador.html","duplicado preservado em mvp-jus9-tecnologia-juridica:perfis/administrador.html"
"DELETE","documentacao-jus9-tecnologia-juridica","ORIENTACOES/00_LEIA_ANTES_DE_ALTERAR.md","D1493F83257792C33AAB5A81BD2DC9127544EDBE6010F53B7079B99D75B5216C","3521","governanca-jus9-tecnologia-juridica","ORIENTACOES/00_LEIA_ANTES_DE_ALTERAR.md","duplicado preservado em governanca-jus9-tecnologia-juridica:ORIENTACOES/00_LEIA_ANTES_DE_ALTERAR.md"
"KEEP","governanca-jus9-tecnologia-juridica","ORIENTACOES/00_LEIA_ANTES_DE_ALTERAR.md","D1493F83257792C33AAB5A81BD2DC9127544EDBE6010F53B7079B99D75B5216C","3521","governanca-jus9-tecnologia-juridica","ORIENTACOES/00_LEIA_ANTES_DE_ALTERAR.md","fonte primaria do grupo"
"KEEP","equipe-jus9-tecnologia-juridica","style.css","7C2158DC43858E48FCD464DA3C5CB18025C300134D2ADA7C0A60A9D6151C2189","2899","equipe-jus9-tecnologia-juridica","style.css","fonte primaria do grupo"
"KEEP","jus9-tecnologia-juridica","assets/css/equipe-extra.css","7C2158DC43858E48FCD464DA3C5CB18025C300134D2ADA7C0A60A9D6151C2189","2899","equipe-jus9-tecnologia-juridica","style.css","asset ou arquivo referenciado no proprio repositorio"
"KEEP","charlieecho-jus9-tecnologia-juridica","documentos-publicos/governanca/ORIENTACAO_DOCUMENTOS_PUBLICOS_JUS9.md","90C96AA6163F21E130EE717150B3ECE98179452910C96C696BAF53769D6C280D","1942","charlieecho-jus9-tecnologia-juridica","documentos-publicos/governanca/ORIENTACAO_DOCUMENTOS_PUBLICOS_JUS9.md","fonte primaria do grupo"
"DELETE","documentacao-jus9-tecnologia-juridica","CONCEITOS_PUBLICOS/ORIENTACAO_DOCUMENTOS_PUBLICOS_JUS9.md","90C96AA6163F21E130EE717150B3ECE98179452910C96C696BAF53769D6C280D","1942","charlieecho-jus9-tecnologia-juridica","documentos-publicos/governanca/ORIENTACAO_DOCUMENTOS_PUBLICOS_JUS9.md","duplicado preservado em charlieecho-jus9-tecnologia-juridica:documentos-publicos/governanca/ORIENTACAO_DOCUMENTOS_PUBLICOS_JUS9.md"
"DELETE","documentacao-jus9-tecnologia-juridica","ORIENTACOES/REGRA_PACOTE_LEMBRANDO_BACKEND.md","D7F000D6BABBB9EDBA4562E3343CB9A246116A7DCDD2EACFED8B766D5FE61B7C","1726","governanca-jus9-tecnologia-juridica","ORIENTACOES/REGRA_PACOTE_LEMBRANDO_BACKEND.md","duplicado preservado em governanca-jus9-tecnologia-juridica:ORIENTACOES/REGRA_PACOTE_LEMBRANDO_BACKEND.md"
"KEEP","governanca-jus9-tecnologia-juridica","ORIENTACOES/REGRA_PACOTE_LEMBRANDO_BACKEND.md","D7F000D6BABBB9EDBA4562E3343CB9A246116A7DCDD2EACFED8B766D5FE61B7C","1726","governanca-jus9-tecnologia-juridica","ORIENTACOES/REGRA_PACOTE_LEMBRANDO_BACKEND.md","fonte primaria do grupo"
"KEEP","documentacao-jus9-tecnologia-juridica","CRONOGRAMA_FINAL_JUS9_v3_1.md","A91BAB36B5F442EF7B379F683D59DA6A239B083003B745D90A6E43BAB424E3CB","1624","documentacao-jus9-tecnologia-juridica","CRONOGRAMA_FINAL_JUS9_v3_1.md","fonte primaria do grupo"
"DELETE","documentacao-jus9-tecnologia-juridica","CRONOGRAMA_FINAL_JUS9_v3_1_BASE.md","A91BAB36B5F442EF7B379F683D59DA6A239B083003B745D90A6E43BAB424E3CB","1624","documentacao-jus9-tecnologia-juridica","CRONOGRAMA_FINAL_JUS9_v3_1.md","duplicado preservado em documentacao-jus9-tecnologia-juridica:CRONOGRAMA_FINAL_JUS9_v3_1.md"
"KEEP","charlieecho-jus9-tecnologia-juridica","documentos-publicos/governanca/DNA_DOCUMENTO_NUCLEAR_DE_ARQUITETURA.md","8F1EF9600CD67278A712A90CF2BA0B0AAB75E63E0EEEFACDE158D54317912875","1600","charlieecho-jus9-tecnologia-juridica","documentos-publicos/governanca/DNA_DOCUMENTO_NUCLEAR_DE_ARQUITETURA.md","fonte primaria do grupo"
"DELETE","documentacao-jus9-tecnologia-juridica","CONCEITOS_PUBLICOS/DNA_DOCUMENTO_NUCLEAR_DE_ARQUITETURA.md","8F1EF9600CD67278A712A90CF2BA0B0AAB75E63E0EEEFACDE158D54317912875","1600","charlieecho-jus9-tecnologia-juridica","documentos-publicos/governanca/DNA_DOCUMENTO_NUCLEAR_DE_ARQUITETURA.md","duplicado preservado em charlieecho-jus9-tecnologia-juridica:documentos-publicos/governanca/DNA_DOCUMENTO_NUCLEAR_DE_ARQUITETURA.md"
"DELETE","documentacao-jus9-tecnologia-juridica","ORIENTACOES/REGRA_SERVIDOR_LOCAL_PC_MVP_JUS9.md","D8241A9D0D37E7A533C9D985B5573CDF48704A02DE29619FFB62128FDAF6A271","1573","governanca-jus9-tecnologia-juridica","ORIENTACOES/REGRA_SERVIDOR_LOCAL_PC_MVP_JUS9.md","duplicado preservado em governanca-jus9-tecnologia-juridica:ORIENTACOES/REGRA_SERVIDOR_LOCAL_PC_MVP_JUS9.md"
"KEEP","governanca-jus9-tecnologia-juridica","ORIENTACOES/REGRA_SERVIDOR_LOCAL_PC_MVP_JUS9.md","D8241A9D0D37E7A533C9D985B5573CDF48704A02DE29619FFB62128FDAF6A271","1573","governanca-jus9-tecnologia-juridica","ORIENTACOES/REGRA_SERVIDOR_LOCAL_PC_MVP_JUS9.md","fonte primaria do grupo"
"KEEP","charlieecho-jus9-tecnologia-juridica","GOVERNANCA/DECISAO_TECNICA_CLOUDFLARE_WORKERS.md","E6B5E35745A53B18016F4120EB7B80FEBA68ACDA572737D351838A2C31B6228B","1563","charlieecho-jus9-tecnologia-juridica","GOVERNANCA/DECISAO_TECNICA_CLOUDFLARE_WORKERS.md","fonte primaria do grupo"
"DELETE","Creta","INFRAESTRUTURA/DECISAO_TECNICA_CLOUDFLARE_WORKERS.md","E6B5E35745A53B18016F4120EB7B80FEBA68ACDA572737D351838A2C31B6228B","1563","charlieecho-jus9-tecnologia-juridica","GOVERNANCA/DECISAO_TECNICA_CLOUDFLARE_WORKERS.md","duplicado preservado em charlieecho-jus9-tecnologia-juridica:GOVERNANCA/DECISAO_TECNICA_CLOUDFLARE_WORKERS.md"
"DELETE","documentacao-jus9-tecnologia-juridica","ORIENTACOES/REGRA_VOZ_FEMININA_CHARLIE_ECHO_E_RESPONSIVIDADE_MOBILE.md","ACA653B92AE86FB77272D35DAD930E90DFC2AAC30274D70FD5129142716D20A4","1435","governanca-jus9-tecnologia-juridica","ORIENTACOES/REGRA_VOZ_FEMININA_CHARLIE_ECHO_E_RESPONSIVIDADE_MOBILE.md","duplicado preservado em governanca-jus9-tecnologia-juridica:ORIENTACOES/REGRA_VOZ_FEMININA_CHARLIE_ECHO_E_RESPONSIVIDADE_MOBILE.md"
"KEEP","governanca-jus9-tecnologia-juridica","ORIENTACOES/REGRA_VOZ_FEMININA_CHARLIE_ECHO_E_RESPONSIVIDADE_MOBILE.md","ACA653B92AE86FB77272D35DAD930E90DFC2AAC30274D70FD5129142716D20A4","1435","governanca-jus9-tecnologia-juridica","ORIENTACOES/REGRA_VOZ_FEMININA_CHARLIE_ECHO_E_RESPONSIVIDADE_MOBILE.md","fonte primaria do grupo"
"KEEP","charlieecho-jus9-tecnologia-juridica","GOVERNANCA_REVISAO_TOTAL_CHARLIE_ECHO.md","945037B05983664723056F578E918B0D4E409EE231D377CFD49D37CD486FAB99","1405","charlieecho-jus9-tecnologia-juridica","GOVERNANCA_REVISAO_TOTAL_CHARLIE_ECHO.md","fonte primaria do grupo"
"DELETE","documentacao-jus9-tecnologia-juridica","GOVERNANCA_REVISAO_TOTAL_CHARLIE_ECHO.md","945037B05983664723056F578E918B0D4E409EE231D377CFD49D37CD486FAB99","1405","charlieecho-jus9-tecnologia-juridica","GOVERNANCA_REVISAO_TOTAL_CHARLIE_ECHO.md","duplicado preservado em charlieecho-jus9-tecnologia-juridica:GOVERNANCA_REVISAO_TOTAL_CHARLIE_ECHO.md"
"DELETE","documentacao-jus9-tecnologia-juridica","ORIENTACOES/REGRA_APP_MVP_E_ESCUTA_WHATSAPP_PRIVADA.md","F2D07581FBC949DDF0CD6265409A881F7B2634AAA87D5FAEE66CDE57D039A6E6","1342","governanca-jus9-tecnologia-juridica","ORIENTACOES/REGRA_APP_MVP_E_ESCUTA_WHATSAPP_PRIVADA.md","duplicado preservado em governanca-jus9-tecnologia-juridica:ORIENTACOES/REGRA_APP_MVP_E_ESCUTA_WHATSAPP_PRIVADA.md"
"KEEP","governanca-jus9-tecnologia-juridica","ORIENTACOES/REGRA_APP_MVP_E_ESCUTA_WHATSAPP_PRIVADA.md","F2D07581FBC949DDF0CD6265409A881F7B2634AAA87D5FAEE66CDE57D039A6E6","1342","governanca-jus9-tecnologia-juridica","ORIENTACOES/REGRA_APP_MVP_E_ESCUTA_WHATSAPP_PRIVADA.md","fonte primaria do grupo"
"KEEP","investimentos-jus9-tecnologia-juridica","ORIENTACOES/MAPA_DE_LINKS_OFICIAIS.md","29431ADB41736645036A3B35AFDB97F3D64A8BC9E7839C7090ABF9C2C39EC16B","1334","investimentos-jus9-tecnologia-juridica","ORIENTACOES/MAPA_DE_LINKS_OFICIAIS.md","fonte primaria do grupo"
"DELETE","mvp-jus9-tecnologia-juridica","ORIENTACOES/MAPA_DE_LINKS_OFICIAIS.md","29431ADB41736645036A3B35AFDB97F3D64A8BC9E7839C7090ABF9C2C39EC16B","1334","investimentos-jus9-tecnologia-juridica","ORIENTACOES/MAPA_DE_LINKS_OFICIAIS.md","duplicado preservado em investimentos-jus9-tecnologia-juridica:ORIENTACOES/MAPA_DE_LINKS_OFICIAIS.md"
"KEEP","documentacao-jus9-tecnologia-juridica","README_PACOTE_FINAL_v3_1.txt","AE0B88CBA6792CA0893CB9BAD8C790E20B809B6203AB3C55FD85F7C5CA77D978","1291","documentacao-jus9-tecnologia-juridica","README_PACOTE_FINAL_v3_1.txt","fonte primaria do grupo"
"DELETE","documentacao-jus9-tecnologia-juridica","README_PACOTE_FINAL_v3_1_BASE.txt","AE0B88CBA6792CA0893CB9BAD8C790E20B809B6203AB3C55FD85F7C5CA77D978","1291","documentacao-jus9-tecnologia-juridica","README_PACOTE_FINAL_v3_1.txt","duplicado preservado em documentacao-jus9-tecnologia-juridica:README_PACOTE_FINAL_v3_1.txt"
"DELETE","documentacao-jus9-tecnologia-juridica","ORIENTACOES/REGRA_RENOME_ROTAS_PUBLICAS_E_VERIFICACAO_LINKS.md","32F976E25589C868E084B8C278E9CDE3BB5E63C186958D44A08ED6F79A6CBA1E","1134","governanca-jus9-tecnologia-juridica","ORIENTACOES/REGRA_RENOME_ROTAS_PUBLICAS_E_VERIFICACAO_LINKS.md","duplicado preservado em governanca-jus9-tecnologia-juridica:ORIENTACOES/REGRA_RENOME_ROTAS_PUBLICAS_E_VERIFICACAO_LINKS.md"
"KEEP","governanca-jus9-tecnologia-juridica","ORIENTACOES/REGRA_RENOME_ROTAS_PUBLICAS_E_VERIFICACAO_LINKS.md","32F976E25589C868E084B8C278E9CDE3BB5E63C186958D44A08ED6F79A6CBA1E","1134","governanca-jus9-tecnologia-juridica","ORIENTACOES/REGRA_RENOME_ROTAS_PUBLICAS_E_VERIFICACAO_LINKS.md","fonte primaria do grupo"
"KEEP","documentacao-jus9-tecnologia-juridica","README_PACOTE_v1_8.md","2CDBA6ACC63D77FC355A04512B2DCEE5A485A546F569EE28AC350EB7EFD16514","1066","documentacao-jus9-tecnologia-juridica","README_PACOTE_v1_8.md","fonte primaria do grupo"
"DELETE","mvp-jus9-tecnologia-juridica","README_PACOTE_v1_8.md","2CDBA6ACC63D77FC355A04512B2DCEE5A485A546F569EE28AC350EB7EFD16514","1066","documentacao-jus9-tecnologia-juridica","README_PACOTE_v1_8.md","duplicado preservado em documentacao-jus9-tecnologia-juridica:README_PACOTE_v1_8.md"
"DELETE","documentacao-jus9-tecnologia-juridica","ORIENTACOES/REGRA_MEMORIA_INVESTIMENTOS_DASHBOARD_CLOVIS.md","542FA385C9D2DE11B9F6972B0B5423E637228B1AD3E524B7E111891AEC389411","1001","governanca-jus9-tecnologia-juridica","ORIENTACOES/REGRA_MEMORIA_INVESTIMENTOS_DASHBOARD_CLOVIS.md","duplicado preservado em governanca-jus9-tecnologia-juridica:ORIENTACOES/REGRA_MEMORIA_INVESTIMENTOS_DASHBOARD_CLOVIS.md"
"KEEP","governanca-jus9-tecnologia-juridica","ORIENTACOES/REGRA_MEMORIA_INVESTIMENTOS_DASHBOARD_CLOVIS.md","542FA385C9D2DE11B9F6972B0B5423E637228B1AD3E524B7E111891AEC389411","1001","governanca-jus9-tecnologia-juridica","ORIENTACOES/REGRA_MEMORIA_INVESTIMENTOS_DASHBOARD_CLOVIS.md","fonte primaria do grupo"
"KEEP","jus9-tecnologia-juridica","assets/js/pwa-install.js","0ABBC5506BC1BB801545C035E55A1A9ACF2600E88282A0CD8F5129A2A15E995D","880","jus9-tecnologia-juridica","assets/js/pwa-install.js","fonte primaria do grupo"
"KEEP","mvp-jus9-tecnologia-juridica","assets/js/pwa-install.js","0ABBC5506BC1BB801545C035E55A1A9ACF2600E88282A0CD8F5129A2A15E995D","880","jus9-tecnologia-juridica","assets/js/pwa-install.js","asset ou arquivo referenciado no proprio repositorio"
"KEEP","ia-dupla-jus9-tecnologia-juridica","ORIENTACOES/RECADO_PARA_PROXIMA_IA_LINKS_BOTOES_v1_5.md","3A07999115FB3125AE546AD66F32C8F096B065210D09AB4F37DFDC76BE4C56E0","869","ia-dupla-jus9-tecnologia-juridica","ORIENTACOES/RECADO_PARA_PROXIMA_IA_LINKS_BOTOES_v1_5.md","fonte primaria do grupo"
"DELETE","ia-profissional-orquestrador-jus9-tecnologia-juridica","ORIENTACOES/RECADO_PARA_PROXIMA_IA_LINKS_BOTOES_v1_5.md","3A07999115FB3125AE546AD66F32C8F096B065210D09AB4F37DFDC76BE4C56E0","869","ia-dupla-jus9-tecnologia-juridica","ORIENTACOES/RECADO_PARA_PROXIMA_IA_LINKS_BOTOES_v1_5.md","duplicado preservado em ia-dupla-jus9-tecnologia-juridica:ORIENTACOES/RECADO_PARA_PROXIMA_IA_LINKS_BOTOES_v1_5.md"
"KEEP","charlieecho-jus9-tecnologia-juridica","GOVERNANCA/ADENDO_CHARLIE_ECHO_SOCIAL.md","DD5BF492D8B3678FF7887F582F2DC10CC4C1EB2C8B72034DBED4696DB742A759","852","charlieecho-jus9-tecnologia-juridica","GOVERNANCA/ADENDO_CHARLIE_ECHO_SOCIAL.md","fonte primaria do grupo"
"DELETE","governanca-autoorganizacao-charlie-echo-jus9-tecnologia-juridica","GOVERNANCA/ADENDO_CHARLIE_ECHO_SOCIAL.md","DD5BF492D8B3678FF7887F582F2DC10CC4C1EB2C8B72034DBED4696DB742A759","852","charlieecho-jus9-tecnologia-juridica","GOVERNANCA/ADENDO_CHARLIE_ECHO_SOCIAL.md","duplicado preservado em charlieecho-jus9-tecnologia-juridica:GOVERNANCA/ADENDO_CHARLIE_ECHO_SOCIAL.md"
"KEEP","charlieecho-jus9-tecnologia-juridica","PROTOCOLO_MAO_NA_MASSA_CHARLIE_ECHO.md","88BB9C2EAA1AE25215D14BA8BADE1021EB95B61889CE958EEFA9C8A407E9C13B","851","charlieecho-jus9-tecnologia-juridica","PROTOCOLO_MAO_NA_MASSA_CHARLIE_ECHO.md","fonte primaria do grupo"
"DELETE","documentacao-jus9-tecnologia-juridica","PROTOCOLO_MAO_NA_MASSA_CHARLIE_ECHO.md","88BB9C2EAA1AE25215D14BA8BADE1021EB95B61889CE958EEFA9C8A407E9C13B","851","charlieecho-jus9-tecnologia-juridica","PROTOCOLO_MAO_NA_MASSA_CHARLIE_ECHO.md","duplicado preservado em charlieecho-jus9-tecnologia-juridica:PROTOCOLO_MAO_NA_MASSA_CHARLIE_ECHO.md"
"KEEP","charlieecho-jus9-tecnologia-juridica","DNA/ATUALIZACAO_DNA_PROMOCAO_IA_CEO.md","E21B9AAC2F1E1B2622CCB30761B54A9567E0376D6E7F42302F1860BE0AD5BD2F","850","charlieecho-jus9-tecnologia-juridica","GOVERNANCA/PROMOCAO_CHARLIE_ECHO_IA_CEO.md","repositorio primario Charlie Echo/aulas/governanca"
"KEEP","charlieecho-jus9-tecnologia-juridica","GOVERNANCA/PROMOCAO_CHARLIE_ECHO_IA_CEO.md","E21B9AAC2F1E1B2622CCB30761B54A9567E0376D6E7F42302F1860BE0AD5BD2F","850","charlieecho-jus9-tecnologia-juridica","GOVERNANCA/PROMOCAO_CHARLIE_ECHO_IA_CEO.md","fonte primaria do grupo"
"DELETE","documentacao-jus9-tecnologia-juridica","VERSIONAMENTO_PACOTE_LEMBRANDO_BACKEND_v1_0.md","DA2B04128DC210B967317CC6E6BF0BD85B4B317456170A2C33C491584C4EBBEF","821","governanca-jus9-tecnologia-juridica","VERSIONAMENTO_PACOTE_LEMBRANDO_BACKEND_v1_0.md","duplicado preservado em governanca-jus9-tecnologia-juridica:VERSIONAMENTO_PACOTE_LEMBRANDO_BACKEND_v1_0.md"
"KEEP","governanca-jus9-tecnologia-juridica","VERSIONAMENTO_PACOTE_LEMBRANDO_BACKEND_v1_0.md","DA2B04128DC210B967317CC6E6BF0BD85B4B317456170A2C33C491584C4EBBEF","821","governanca-jus9-tecnologia-juridica","VERSIONAMENTO_PACOTE_LEMBRANDO_BACKEND_v1_0.md","fonte primaria do grupo"
"KEEP","charlieecho-jus9-tecnologia-juridica","README_CHARLIE_ECHO_LAR_DOCE_LAR.md","A7BC9A987995BAF811505068BD8AF3CBF24C23EF4F8EB89F6AEC7CCA8E8D58A8","752","charlieecho-jus9-tecnologia-juridica","README_CHARLIE_ECHO_LAR_DOCE_LAR.md","fonte primaria do grupo"
"KEEP","charlieecho-jus9-tecnologia-juridica","TRECHO_SUGERIDO.md","A7BC9A987995BAF811505068BD8AF3CBF24C23EF4F8EB89F6AEC7CCA8E8D58A8","752","charlieecho-jus9-tecnologia-juridica","README_CHARLIE_ECHO_LAR_DOCE_LAR.md","repositorio primario Charlie Echo/aulas/governanca"
"KEEP","ia-dupla-jus9-tecnologia-juridica","ORIENTACOES/RECADO_PARA_PROXIMA_IA_LINKS_E_MENUS_v1_4.md","CBA80A108A6C2C4E1A0553104167B14971C1A3181FE909118DF5C3929CA4A2D5","697","ia-dupla-jus9-tecnologia-juridica","ORIENTACOES/RECADO_PARA_PROXIMA_IA_LINKS_E_MENUS_v1_4.md","fonte primaria do grupo"
"DELETE","ia-profissional-orquestrador-jus9-tecnologia-juridica","ORIENTACOES/RECADO_PARA_PROXIMA_IA_LINKS_E_MENUS_v1_4.md","CBA80A108A6C2C4E1A0553104167B14971C1A3181FE909118DF5C3929CA4A2D5","697","ia-dupla-jus9-tecnologia-juridica","ORIENTACOES/RECADO_PARA_PROXIMA_IA_LINKS_E_MENUS_v1_4.md","duplicado preservado em ia-dupla-jus9-tecnologia-juridica:ORIENTACOES/RECADO_PARA_PROXIMA_IA_LINKS_E_MENUS_v1_4.md"
"DELETE","documentacao-jus9-tecnologia-juridica","VERSIONAMENTO_VOZ_FEMININA_RESPONSIVIDADE_AGENDA_v1_0.md","6A926412EB9B396A9E015CF38887EE53DEB8E5AD95CFCD2FB3B1B53B41A8C281","671","governanca-jus9-tecnologia-juridica","VERSIONAMENTO_VOZ_FEMININA_RESPONSIVIDADE_AGENDA_v1_0.md","duplicado preservado em governanca-jus9-tecnologia-juridica:VERSIONAMENTO_VOZ_FEMININA_RESPONSIVIDADE_AGENDA_v1_0.md"
"KEEP","governanca-jus9-tecnologia-juridica","VERSIONAMENTO_VOZ_FEMININA_RESPONSIVIDADE_AGENDA_v1_0.md","6A926412EB9B396A9E015CF38887EE53DEB8E5AD95CFCD2FB3B1B53B41A8C281","671","governanca-jus9-tecnologia-juridica","VERSIONAMENTO_VOZ_FEMININA_RESPONSIVIDADE_AGENDA_v1_0.md","fonte primaria do grupo"
"KEEP","jus9-tecnologia-juridica","servidor-local-parar.ps1","0B189C9834002EE9C952426E1803720999218DE58D441CBFDAD148AEE715FC80","629","jus9-tecnologia-juridica","servidor-local-parar.ps1","fonte primaria do grupo"
"DELETE","mvp-jus9-tecnologia-juridica","servidor-local-parar.ps1","0B189C9834002EE9C952426E1803720999218DE58D441CBFDAD148AEE715FC80","629","jus9-tecnologia-juridica","servidor-local-parar.ps1","duplicado preservado em jus9-tecnologia-juridica:servidor-local-parar.ps1"
"DELETE","documentacao-jus9-tecnologia-juridica","VERSIONAMENTO_APP_MVP_PWA_WHATSAPP_v1_0.md","FC9F2EA9AE8577B0D3B8E4E3CD49C9E612C5887C105B8B536ACB0405B4C95396","606","governanca-jus9-tecnologia-juridica","VERSIONAMENTO_APP_MVP_PWA_WHATSAPP_v1_0.md","duplicado preservado em governanca-jus9-tecnologia-juridica:VERSIONAMENTO_APP_MVP_PWA_WHATSAPP_v1_0.md"
"KEEP","governanca-jus9-tecnologia-juridica","VERSIONAMENTO_APP_MVP_PWA_WHATSAPP_v1_0.md","FC9F2EA9AE8577B0D3B8E4E3CD49C9E612C5887C105B8B536ACB0405B4C95396","606","governanca-jus9-tecnologia-juridica","VERSIONAMENTO_APP_MVP_PWA_WHATSAPP_v1_0.md","fonte primaria do grupo"
"DELETE","documentacao-jus9-tecnologia-juridica","VERSIONAMENTO_SERVIDOR_LOCAL_PC_MVP_v1_0.md","D3957CD7B5C92D6C9552D8F3D73A8217F79506526D3A6DF7022F10BE17F0B9DA","401","governanca-jus9-tecnologia-juridica","VERSIONAMENTO_SERVIDOR_LOCAL_PC_MVP_v1_0.md","duplicado preservado em governanca-jus9-tecnologia-juridica:VERSIONAMENTO_SERVIDOR_LOCAL_PC_MVP_v1_0.md"
"KEEP","governanca-jus9-tecnologia-juridica","VERSIONAMENTO_SERVIDOR_LOCAL_PC_MVP_v1_0.md","D3957CD7B5C92D6C9552D8F3D73A8217F79506526D3A6DF7022F10BE17F0B9DA","401","governanca-jus9-tecnologia-juridica","VERSIONAMENTO_SERVIDOR_LOCAL_PC_MVP_v1_0.md","fonte primaria do grupo"
"DELETE","documentacao-jus9-tecnologia-juridica","VERSIONAMENTO_MEMORIA_INVESTIMENTOS_DASHBOARD_CLOVIS_v1_0.md","264E8030BE1189A29D2E8B86437F2A2E6151EC1DA391ADBCF1A5F0F18C94D2C2","347","governanca-jus9-tecnologia-juridica","VERSIONAMENTO_MEMORIA_INVESTIMENTOS_DASHBOARD_CLOVIS_v1_0.md","duplicado preservado em governanca-jus9-tecnologia-juridica:VERSIONAMENTO_MEMORIA_INVESTIMENTOS_DASHBOARD_CLOVIS_v1_0.md"
"KEEP","governanca-jus9-tecnologia-juridica","VERSIONAMENTO_MEMORIA_INVESTIMENTOS_DASHBOARD_CLOVIS_v1_0.md","264E8030BE1189A29D2E8B86437F2A2E6151EC1DA391ADBCF1A5F0F18C94D2C2","347","governanca-jus9-tecnologia-juridica","VERSIONAMENTO_MEMORIA_INVESTIMENTOS_DASHBOARD_CLOVIS_v1_0.md","fonte primaria do grupo"
"DELETE","documentacao-jus9-tecnologia-juridica","VERSIONAMENTO_RENOME_ROTAS_PUBLICAS_v1_0.md","D295CD1065C68D58CF8179B21F401A398D6071257D8D79AC8A49017789FCD545","276","governanca-jus9-tecnologia-juridica","VERSIONAMENTO_RENOME_ROTAS_PUBLICAS_v1_0.md","duplicado preservado em governanca-jus9-tecnologia-juridica:VERSIONAMENTO_RENOME_ROTAS_PUBLICAS_v1_0.md"
"KEEP","governanca-jus9-tecnologia-juridica","VERSIONAMENTO_RENOME_ROTAS_PUBLICAS_v1_0.md","D295CD1065C68D58CF8179B21F401A398D6071257D8D79AC8A49017789FCD545","276","governanca-jus9-tecnologia-juridica","VERSIONAMENTO_RENOME_ROTAS_PUBLICAS_v1_0.md","fonte primaria do grupo"
"KEEP","documentacao-jus9-tecnologia-juridica","COMMIT_MVP_REFERENCIA_v1_7.md","7F3C8210FE1E17FE6A5A7A6D11B79AF827D23BF4385C9107BE6D3136FD8F90FB","155","documentacao-jus9-tecnologia-juridica","COMMIT_MVP_REFERENCIA_v1_7.md","fonte primaria do grupo"
"DELETE","jus9-tecnologia-juridica","COMMIT_MVP_REFERENCIA_v1_7.md","7F3C8210FE1E17FE6A5A7A6D11B79AF827D23BF4385C9107BE6D3136FD8F90FB","155","documentacao-jus9-tecnologia-juridica","COMMIT_MVP_REFERENCIA_v1_7.md","duplicado preservado em documentacao-jus9-tecnologia-juridica:COMMIT_MVP_REFERENCIA_v1_7.md"
